price_m2,area,ln_area,flat,sloped,BY,ZA,KM,CA,MT,TR,DK,NO,TS,RK,LM,area_price_index
500.00,1083,6.9874902470009905,0,0,0,1,0,0,0,0,0,0,0,0,0,61.53654993815455
125.00,7154,8.875426919818963,1,0,0,1,0,0,0,0,0,0,0,0,0,61.53654993815455
776.05,643,6.466144724237619,0,0,0,1,0,0,0,0,0,0,0,0,0,61.53654993815455
440.00,696,6.54534966033442,0,0,0,1,0,0,0,0,0,0,0,0,0,61.53654993815455
59.41,9257,9.133135301067211,1,0,0,0,0,0,0,0,0,0,0,0,1,1.92597764472105
20.40,27773,10.231819604714468,1,0,0,0,0,0,0,0,0,0,0,0,1,1.92597764472105
115.00,1041,6.947937068614969,1,0,0,0,0,0,1,0,0,0,0,0,0,9.67590974780000
108.48,507,6.2285110035911835,0,1,0,0,0,0,1,0,0,0,0,0,0,-25.27163798057500
92.82,710,6.565264970035361,0,1,0,0,0,0,1,0,0,0,0,0,0,-25.27163798057500
50.00,2400,7.783224016336037,1,0,0,0,0,0,1,0,0,0,0,0,0,-25.27163798057500
95.24,840,6.733401891837359,0,1,0,0,0,0,1,0,0,0,0,0,0,-25.27163798057500
58.82,680,6.522092798170152,0,0,0,0,0,0,1,0,0,0,0,0,0,-25.27163798057500
93.56,481,6.175867270105761,0,0,0,0,0,0,1,0,0,0,0,0,0,-25.27163798057500
90.00,857,6.75343791859778,1,0,0,0,0,0,1,0,0,0,0,0,0,-25.27163798057500
102.00,2838,7.950854857719988,1,0,0,0,0,0,1,0,0,0,0,0,0,-25.27163798057500
47.00,13624,9.519588222342524,0,0,0,0,0,0,0,0,1,0,0,0,0,-4.14252882826000
30.27,5203,8.556990661290303,0,1,1,0,0,0,0,0,0,0,0,0,0,-9.94985255415556
61.82,628,6.4425401664681985,0,1,1,0,0,0,0,0,0,0,0,0,0,-9.94985255415556
37.87,1056,6.962243464266207,0,1,1,0,0,0,0,0,0,0,0,0,0,-9.94985255415556
42.17,664,6.498282149476434,0,1,1,0,0,0,0,0,0,0,0,0,0,-9.94985255415556
41.77,1410,7.251344983372214,0,1,1,0,0,0,0,0,0,0,0,0,0,-9.94985255415556
55.00,5861,8.676075516476429,0,0,1,0,0,0,0,0,0,0,0,0,0,-9.94985255415556
575.45,391,5.968707559985366,0,0,1,0,0,0,0,0,0,0,0,0,0,-9.94985255415556
404.93,284,5.648974238161206,0,0,0,0,0,0,1,0,0,0,0,0,0,19.38109699375500
200.00,11823,9.377802065863113,1,0,0,0,0,0,0,0,0,0,0,0,1,25.62966035391429
99.00,863,6.760414691083428,0,1,0,0,0,1,0,0,0,0,0,0,0,-43.27340235055714
48.03,864,6.761572768804055,1,0,0,0,0,1,0,0,0,0,0,0,0,-43.27340235055714
29.00,781,6.660575149839686,0,1,0,0,0,1,0,0,0,0,0,0,0,-43.27340235055714
21.97,1138,7.037027614686276,1,0,0,0,0,1,0,0,0,0,0,0,0,-43.27340235055714
26.00,2163,7.679251425953058,0,1,0,0,0,1,0,0,0,0,0,0,0,-43.27340235055714
29.00,1940,7.570443252057374,0,1,0,0,0,1,0,0,0,0,0,0,0,-43.27340235055714
26.00,2891,7.969357742016346,0,1,0,0,0,1,0,0,0,0,0,0,0,-43.27340235055714
62.43,881,6.78105762593618,1,0,0,0,0,1,0,0,0,0,0,0,0,-43.27340235055714
50.00,1937,7.5688956634069955,0,1,0,0,0,1,0,0,0,0,0,0,0,-43.27340235055714
480.77,416,6.030685260261263,1,0,0,1,0,0,0,0,0,0,0,0,0,39.03450642846667
66.00,7400,8.909235279192261,1,0,0,0,0,0,1,0,0,0,0,0,0,55.81583932468824
76.56,849,6.744059186311348,1,0,0,0,0,0,1,0,0,0,0,0,0,55.81583932468824
169.32,880,6.779921907472252,1,0,0,0,0,0,1,0,0,0,0,0,0,55.81583932468824
79.11,1250,7.1308988302963465,0,0,0,0,0,0,0,0,0,0,0,1,0,-7.51349586389167
100.00,1648,7.4073177104694174,0,0,0,0,0,0,0,0,0,0,0,0,1,17.23179954880000
120.00,2645,7.8804263442924,0,0,0,0,0,0,0,0,0,0,0,0,1,17.23179954880000
110.00,560,6.327936783729195,0,0,0,0,0,0,0,0,0,0,0,0,1,17.23179954880000
38.24,353,5.8664680569332965,0,1,0,0,0,1,0,0,0,0,0,0,0,19.26102547363333
49.86,353,5.8664680569332965,0,1,0,0,0,1,0,0,0,0,0,0,0,19.26102547363333
66.00,6881,8.83651926920248,0,0,0,0,0,1,0,0,0,0,0,0,0,19.26102547363333
66.02,6881,8.83651926920248,0,0,0,0,0,1,0,0,0,0,0,0,0,19.26102547363333
96.46,819,6.70808408385307,0,1,0,0,0,1,0,0,0,0,0,0,0,19.26102547363333
82.00,961,6.8679744089702925,1,0,0,0,0,1,0,0,0,0,0,0,0,-16.22971330598000
51.81,2700,7.90100705199242,1,0,0,0,0,0,0,0,0,0,0,0,1,-18.54957232614000
60.19,859,6.755768921984255,0,0,0,0,0,1,0,0,0,0,0,0,0,-22.05749759994000
26.00,2828,7.947325027016463,0,1,0,0,0,1,0,0,0,0,0,0,0,-22.05749759994000
99.90,1037,6.9440872082295275,1,0,0,0,0,1,0,0,0,0,0,0,0,-22.05749759994000
26.00,2800,7.937374696163295,0,0,0,0,0,1,0,0,0,0,0,0,0,-22.05749759994000
60.00,828,6.71901315438526,0,1,0,0,0,1,0,0,0,0,0,0,0,-22.05749759994000
55.00,859,6.755768921984255,1,0,0,0,0,1,0,0,0,0,0,0,0,-22.05749759994000
51.72,406,6.0063531596017325,1,0,0,0,0,1,0,0,0,0,0,0,0,-22.05749759994000
116.64,703,6.555356891810665,0,0,0,0,0,1,0,0,0,0,0,0,0,-22.05749759994000
67.50,960,6.866933284461882,1,0,0,0,0,1,0,0,0,0,0,0,0,-22.05749759994000
75.00,1801,7.496097345175956,0,1,0,0,0,1,0,0,0,0,0,0,0,-22.05749759994000
55.00,1350,7.2078598714324755,1,0,0,0,0,1,0,0,0,0,0,0,0,-22.05749759994000
61.59,617,6.424869023905388,1,0,0,0,0,1,0,0,0,0,0,0,0,-22.05749759994000
62.93,1311,7.1785454837637,0,0,0,0,0,1,0,0,0,0,0,0,0,-22.05749759994000
60.00,1350,7.2078598714324755,1,0,0,0,0,1,0,0,0,0,0,0,0,-22.05749759994000
68.88,1234,7.1180162044653335,1,0,0,0,0,1,0,0,0,0,0,0,0,-22.05749759994000
30.00,551,6.311734809152915,1,0,0,0,0,1,0,0,0,0,0,0,0,-22.05749759994000
65.00,1362,7.216709486709457,1,0,0,0,0,1,0,0,0,0,0,0,0,-22.05749759994000
243.89,778,6.656726524178391,0,1,0,1,0,0,0,0,0,0,0,0,0,5.07869344151667
97.80,501,6.2166061010848646,0,0,0,1,0,0,0,0,0,0,0,0,0,5.07869344151667
100.00,686,6.530877627725885,0,0,0,0,0,0,0,0,0,0,0,1,0,16.39579969891111
58.00,802,6.687108607866515,0,1,0,0,0,0,0,0,0,0,0,1,0,16.39579969891111
0.05,1481,7.300472814267799,0,0,0,0,0,0,0,0,0,1,0,0,0,-55.82763356716667
100.00,350,5.857933154483459,0,0,0,0,0,0,0,0,0,1,0,0,0,-55.82763356716667
100.00,350,5.857933154483459,1,0,0,0,0,0,0,0,0,1,0,0,0,-55.82763356716667
91.66,971,6.878326468291325,1,0,0,0,0,0,1,0,0,0,0,0,0,-5.65874862225000
88.00,1409,7.25063551189868,1,0,0,1,0,0,0,0,0,0,0,0,0,9.02103437447500
125.54,693,6.541029999189903,0,0,0,1,0,0,0,0,0,0,0,0,0,9.02103437447500
125.54,693,6.541029999189903,0,0,0,1,0,0,0,0,0,0,0,0,0,9.02103437447500
130.00,500,6.214608098422191,0,1,0,1,0,0,0,0,0,0,0,0,0,9.02103437447500
134.40,625,6.437751649736401,0,0,0,1,0,0,0,0,0,0,0,0,0,9.02103437447500
127.75,1409,7.25063551189868,0,1,0,1,0,0,0,0,0,0,0,0,0,9.02103437447500
155.83,1123,7.023758954738443,0,0,0,1,0,0,0,0,0,0,0,0,0,9.02103437447500
99.00,736,6.601230118728877,0,1,0,1,0,0,0,0,0,0,0,0,0,9.02103437447500
179.43,418,6.035481432524756,0,0,0,1,0,0,0,0,0,0,0,0,0,9.02103437447500
289.09,1100,7.003065458786462,0,1,0,1,0,0,0,0,0,0,0,0,0,9.02103437447500
198.14,429,6.061456918928017,0,1,0,0,0,0,0,0,0,0,0,0,1,13.11195283041667
159.43,439,6.0844994130751715,0,0,0,0,0,0,0,0,0,0,0,0,1,13.11195283041667
222.00,491,6.19644412779452,0,0,0,0,0,0,0,0,0,0,0,0,1,13.11195283041667
184.31,434,6.073044534100405,0,1,0,0,0,0,0,0,0,0,0,0,1,13.11195283041667
170.53,431,6.066108090103747,0,1,0,0,0,0,0,0,0,0,0,0,1,13.11195283041667
186.46,429,6.061456918928017,0,1,0,0,0,0,0,0,0,0,0,0,1,13.11195283041667
85.00,3653,8.203304026795282,0,0,0,0,0,0,1,0,0,0,0,0,0,-12.61345316354545
65.00,4662,8.447199819595703,0,0,0,0,0,0,1,0,0,0,0,0,0,-12.61345316354545
65.00,2884,7.96693349840484,0,0,0,0,0,0,1,0,0,0,0,0,0,-12.61345316354545
65.00,11672,9.364948090202622,0,0,0,0,0,0,1,0,0,0,0,0,0,-12.61345316354545
65.00,3310,8.104703468371108,0,0,0,0,0,0,1,0,0,0,0,0,0,-12.61345316354545
65.00,2850,7.955074273262696,0,0,0,0,0,0,1,0,0,0,0,0,0,-12.61345316354545
65.00,11672,9.364948090202622,0,0,0,0,0,0,1,0,0,0,0,0,0,-12.61345316354545
185.87,807,6.693323668269949,1,0,0,0,0,0,1,0,0,0,0,0,0,-12.61345316354545
100.00,1498,7.311886164077165,0,1,0,0,0,0,1,0,0,0,0,0,0,-12.61345316354545
85.00,3653,8.203304026795282,0,0,0,0,0,0,1,0,0,0,0,0,0,-12.61345316354545
110.00,1199,7.089243155027514,1,0,0,0,0,1,0,0,0,0,0,0,0,-22.04248484540000
135.24,403,5.998936561946683,0,0,0,0,0,1,0,0,0,0,0,0,0,-22.04248484540000
8.00,2147,7.671826797878781,0,1,0,0,0,1,0,0,0,0,0,0,0,-22.04248484540000
102.09,431,6.066108090103747,1,0,0,0,0,1,0,0,0,0,0,0,0,-22.04248484540000
56.10,533,6.278521424165844,0,1,0,0,0,1,0,0,0,0,0,0,0,-22.04248484540000
126.55,403,5.998936561946683,0,0,0,0,0,1,0,0,0,0,0,0,0,-22.04248484540000
85.63,467,6.1463292576688975,0,0,0,0,0,1,0,0,0,0,0,0,0,-22.04248484540000
66.97,1193,7.084226422097916,1,0,0,0,0,1,0,0,0,0,0,0,0,-22.04248484540000
67.53,385,5.953243334287785,1,0,0,0,0,1,0,0,0,0,0,0,0,-22.04248484540000
48.50,1292,7.163946684342547,0,1,0,0,0,1,0,0,0,0,0,0,0,-22.04248484540000
48.00,1229,7.113956109566034,0,1,0,0,0,1,0,0,0,0,0,0,0,-22.04248484540000
53.53,1401,7.244941546337007,1,0,0,0,0,1,0,0,0,0,0,0,0,-22.04248484540000
79.30,1179,7.072421900537371,0,1,0,0,0,1,0,0,0,0,0,0,0,-22.04248484540000
27.00,1817,7.504942068396171,0,1,0,0,0,1,0,0,0,0,0,0,0,-22.04248484540000
22.15,2618,7.870165946469845,0,1,0,0,0,1,0,0,0,0,0,0,0,-22.04248484540000
55.45,523,6.259581464064923,0,1,0,0,0,1,0,0,0,0,0,0,0,-22.04248484540000
85.00,679,6.520621127558696,1,0,0,0,0,0,0,0,0,0,0,1,0,-17.01205561955556
120.00,500,6.214608098422191,0,1,0,0,0,0,0,0,0,0,0,1,0,-17.01205561955556
148.00,1010,6.917705609835305,1,0,0,0,0,0,1,0,0,0,0,0,0,-19.13181231142143
95.02,1625,7.393263094763838,0,0,0,0,0,0,1,0,0,0,0,0,0,-19.13181231142143
120.00,642,6.464588303689961,1,0,0,0,0,0,1,0,0,0,0,0,0,-19.13181231142143
120.00,642,6.464588303689961,1,0,0,0,0,0,1,0,0,0,0,0,0,-19.13181231142143
140.00,723,6.583409222158765,0,0,0,0,0,0,1,0,0,0,0,0,0,-19.13181231142143
96.35,37067,10.52048236489583,1,0,0,0,0,0,1,0,0,0,0,0,0,-19.13181231142143
113.86,966,6.873163834212518,0,0,0,0,0,0,1,0,0,0,0,0,0,-19.13181231142143
123.19,966,6.873163834212518,1,0,0,0,0,0,1,0,0,0,0,0,0,-19.13181231142143
37.75,1322,7.186901020411631,0,1,0,0,0,0,1,0,0,0,0,0,0,-32.67598336871000
104.90,572,6.349138991379798,0,0,0,0,0,0,1,0,0,0,0,0,0,-32.67598336871000
111.36,440,6.0867747269123065,1,0,0,0,0,0,1,0,0,0,0,0,0,-32.67598336871000
46.84,1537,7.337587743538596,0,1,0,0,0,0,1,0,0,0,0,0,0,-32.67598336871000
73.14,793,6.675823221634848,0,0,0,0,0,0,1,0,0,0,0,0,0,-32.67598336871000
55.56,648,6.473890696352274,0,1,0,0,0,1,0,0,0,0,0,0,0,-22.98083208213333
27.00,1784,7.486613313139955,1,0,0,0,0,1,0,0,0,0,0,0,0,-22.98083208213333
82.00,920,6.824373670043086,1,0,0,0,0,1,0,0,0,0,0,0,0,-22.98083208213333
18.00,3590,8.185907481482324,0,0,0,0,0,1,0,0,0,0,0,0,0,-22.98083208213333
65.19,675,6.51471269087253,1,0,0,0,0,1,0,0,0,0,0,0,0,-22.98083208213333
26.50,1670,7.4205789054108005,1,0,0,0,0,1,0,0,0,0,0,0,0,-22.98083208213333
17.00,3590,8.185907481482324,0,1,0,0,0,1,0,0,0,0,0,0,0,-22.98083208213333
32.69,1193,7.084226422097916,0,1,0,0,0,1,0,0,0,0,0,0,0,-22.98083208213333
35.21,1193,7.084226422097916,0,1,0,0,0,1,0,0,0,0,0,0,0,-22.98083208213333
18.21,2306,7.743269700829004,0,0,0,0,0,1,0,0,0,0,0,0,0,-22.98083208213333
87.40,389,5.963579343618446,1,0,0,0,0,1,0,0,0,0,0,0,0,-22.98083208213333
199.00,789,6.670766320845874,0,1,0,0,0,0,0,0,0,0,0,0,1,36.03249652925000
57.40,4181,8.338305731356565,0,1,0,0,0,0,1,0,0,0,0,0,0,6.76942205142500
206.25,800,6.684611727667927,1,0,0,0,0,0,1,0,0,0,0,0,0,6.76942205142500
60.00,4181,8.338305731356565,1,0,0,0,0,0,1,0,0,0,0,0,0,6.76942205142500
46.53,1612,7.385230923066573,0,0,0,0,0,0,0,0,1,0,0,0,0,-13.11993947872000
187.50,480,6.173786103901937,0,0,0,0,0,0,0,0,1,0,0,0,0,-13.11993947872000
18.00,5893,8.681520484837913,0,1,0,0,0,0,0,0,1,0,0,0,0,-13.11993947872000
35.43,4234,8.350902451694811,0,1,0,0,0,0,0,0,1,0,0,0,0,-13.11993947872000
124.25,668,6.504288173536645,0,0,0,0,0,0,1,0,0,0,0,0,0,-8.30285941623333
81.74,1101,7.00397413672268,0,0,0,0,0,0,1,0,0,0,0,0,0,-8.30285941623333
106.41,2058,7.629489916393995,1,0,0,0,0,0,0,0,0,0,0,0,1,18.56523640373333
120.00,4117,8.322880021769905,0,1,0,0,0,0,0,0,0,0,0,0,1,18.56523640373333
180.18,1443,7.274479558773871,1,0,0,1,0,0,0,0,0,0,0,0,0,18.76265164520000
53.60,1903,7.551186867296149,0,0,0,1,0,0,0,0,0,0,0,0,0,18.76265164520000
173.41,628,6.4425401664681985,1,0,0,0,0,0,0,0,0,0,0,0,1,-25.31189740815714
13.06,3062,8.026823576217629,0,0,0,0,0,0,0,0,0,0,0,0,1,-25.31189740815714
13.06,3062,8.026823576217629,0,0,0,0,0,0,0,0,0,0,0,0,1,-25.31189740815714
147.76,670,6.507277712385012,0,0,0,0,0,0,0,0,0,0,0,0,1,4.86304850395000
65.00,3635,8.19836438996762,0,0,0,1,0,0,0,0,0,0,0,0,0,17.29012604892857
196.72,609,6.411818267709897,0,1,0,1,0,0,0,0,0,0,0,0,0,17.29012604892857
135.80,729,6.591673732008658,1,0,0,1,0,0,0,0,0,0,0,0,0,17.29012604892857
179.00,1000,6.907755278982137,0,1,0,1,0,0,0,0,0,0,0,0,0,17.29012604892857
160.00,706,6.559615237493242,0,0,0,1,0,0,0,0,0,0,0,0,0,17.29012604892857
170.00,493,6.20050917404269,1,0,0,1,0,0,0,0,0,0,0,0,0,17.29012604892857
153.76,878,6.777646593635117,0,1,0,1,0,0,0,0,0,0,0,0,0,17.29012604892857
160.00,701,6.55250788703459,0,0,0,1,0,0,0,0,0,0,0,0,0,17.29012604892857
61.10,851,6.7464121285733745,1,0,0,1,0,0,0,0,0,0,0,0,0,-11.28676590668000
24.03,2285,7.734121303328305,0,1,0,0,0,0,1,0,0,0,0,0,0,-20.12051567335000
89.00,636,6.455198563340122,1,0,0,0,0,0,1,0,0,0,0,0,0,-20.12051567335000
122.00,760,6.633318433280377,1,0,0,0,0,1,0,0,0,0,0,0,0,-13.67068092542500
319.41,407,6.008813185442595,0,0,0,0,0,0,0,0,0,1,0,0,0,34.91268789074000
62.30,610,6.413458957167357,0,1,0,0,0,0,0,0,0,0,0,0,1,-2.47534358402500
150.00,1022,6.92951677076365,0,1,0,0,0,0,0,0,0,0,0,0,1,-2.47534358402500
145.60,609,6.411818267709897,0,0,0,0,0,0,0,0,0,0,0,0,1,-2.47534358402500
201.95,1535,7.336285660021297,0,1,0,0,0,0,1,0,0,0,0,0,0,-0.89918346646000
0.00,1158,7.05444965813294,1,0,0,0,0,0,1,0,0,0,0,0,0,-0.89918346646000
250.00,550,6.309918278226516,0,1,0,0,0,0,1,0,0,0,0,0,0,-0.89918346646000
238.46,520,6.253828811575473,1,0,0,0,0,0,1,0,0,0,0,0,0,-0.89918346646000
250.00,4377,8.384118837190895,0,1,0,0,0,0,1,0,0,0,0,0,0,-0.89918346646000
220.00,1020,6.927557906278317,1,0,0,0,0,0,1,0,0,0,0,0,0,-0.89918346646000
62.42,1200,7.090076835776092,0,0,0,0,0,0,1,0,0,0,0,0,0,-16.00821041223750
100.00,793,6.675823221634848,0,1,0,0,0,0,1,0,0,0,0,0,0,-16.00821041223750
148.00,500,6.214608098422191,1,0,0,0,0,0,1,0,0,0,0,0,0,-16.00821041223750
75.00,1014,6.921658184151129,0,1,0,0,0,0,1,0,0,0,0,0,0,-16.00821041223750
111.56,986,6.893656354602635,1,0,0,0,0,0,0,0,0,0,0,1,0,15.83447532986667
116.28,946,6.852242569051878,0,0,0,0,0,0,0,0,0,0,0,1,0,15.83447532986667
147.92,649,6.47543271670409,1,0,0,1,0,0,0,0,0,0,0,0,0,16.35209841735000
61.41,1301,7.170888478512505,1,0,0,1,0,0,0,0,0,0,0,0,0,8.95069783160000
135.53,760,6.633318433280377,1,0,0,1,0,0,0,0,0,0,0,0,0,8.95069783160000
49.00,553,6.315358001522335,1,0,0,1,0,0,0,0,0,0,0,0,0,8.95069783160000
114.11,815,6.703188113240863,0,0,0,1,0,0,0,0,0,0,0,0,0,8.95069783160000
125.67,1114,7.01571242048723,1,0,0,1,0,0,0,0,0,0,0,0,0,8.95069783160000
60.00,3948,8.280964400553373,0,0,0,1,0,0,0,0,0,0,0,0,0,8.95069783160000
75.00,881,6.78105762593618,0,1,0,0,0,0,0,0,1,0,0,0,0,-26.56656429590000
100.00,800,6.684611727667927,1,0,0,0,0,0,1,0,0,0,0,0,0,-6.59684512212500
163.01,638,6.45833828334479,0,1,0,0,0,0,1,0,0,0,0,0,0,-6.59684512212500
100.00,1700,7.438383530044307,1,0,0,0,0,0,1,0,0,0,0,0,0,-6.59684512212500
0.07,1500,7.313220387090301,0,0,0,0,0,0,1,0,0,0,0,0,0,-6.59684512212500
160.10,812,6.699500340161678,1,0,0,1,0,0,0,0,0,0,0,0,0,60.47051115403333
49.00,917,6.821107472256465,0,1,0,0,1,0,0,0,0,0,0,0,0,-5.28494706760000
38.08,1195,7.085901464365611,0,1,0,0,1,0,0,0,0,0,0,0,0,-5.28494706760000
65.00,1556,7.349873704738337,1,0,0,0,1,0,0,0,0,0,0,0,0,-5.28494706760000
35.21,994,6.901737206656574,0,0,0,0,1,0,0,0,0,0,0,0,0,-5.28494706760000
65.22,690,6.536691597591305,0,1,0,0,1,0,0,0,0,0,0,0,0,-5.28494706760000
90.00,350,5.857933154483459,1,0,0,0,0,0,0,0,0,0,0,0,1,-3.51732627142500
90.00,350,5.857933154483459,1,0,0,0,0,0,0,0,0,0,0,0,1,-3.51732627142500
96.00,600,6.396929655216146,1,0,0,0,0,0,0,0,0,0,0,0,1,-3.51732627142500
100.00,450,6.1092475827643655,1,0,0,0,0,0,0,0,0,0,0,0,1,-3.51732627142500
0.26,350,5.857933154483459,1,0,0,0,0,0,0,0,0,0,0,0,1,-3.51732627142500
135.00,884,6.784457062637643,1,0,0,1,0,0,0,0,0,0,0,0,0,0.39380882080000
105.00,520,6.253828811575473,1,0,0,1,0,0,0,0,0,0,0,0,0,0.39380882080000
228.71,599,6.395261598115449,0,0,0,1,0,0,0,0,0,0,0,0,0,0.39380882080000
61.42,635,6.453624998892692,0,1,1,0,0,0,0,0,0,0,0,0,0,-9.25397060777500
44.93,1489,7.305860032684009,0,1,1,0,0,0,0,0,0,0,0,0,0,-9.25397060777500
134.12,850,6.745236349484363,1,0,1,0,0,0,0,0,0,0,0,0,0,-9.25397060777500
88.95,697,6.546785410760524,1,0,1,0,0,0,0,0,0,0,0,0,0,-9.25397060777500
196.00,500,6.214608098422191,1,0,0,1,0,0,0,0,0,0,0,0,0,22.64074791090000
159.95,437,6.07993319509559,1,0,0,1,0,0,0,0,0,0,0,0,0,22.64074791090000
172.25,865,6.762729506931879,1,0,0,1,0,0,0,0,0,0,0,0,0,22.64074791090000
188.47,451,6.111467339502679,0,1,0,1,0,0,0,0,0,0,0,0,0,22.64074791090000
279.42,447,6.102558594613569,0,0,0,1,0,0,0,0,0,0,0,0,0,22.64074791090000
169.20,2364,7.768110378525988,0,1,0,1,0,0,0,0,0,0,0,0,0,22.64074791090000
95.00,3767,8.23403420769204,1,0,0,1,0,0,0,0,0,0,0,0,0,22.64074791090000
105.00,4637,8.441822884391462,1,0,0,1,0,0,0,0,0,0,0,0,0,22.64074791090000
200.00,917,6.821107472256465,0,0,0,1,0,0,0,0,0,0,0,0,0,22.64074791090000
276.03,634,6.452048954437226,0,0,0,1,0,0,0,0,0,0,0,0,0,22.64074791090000
95.00,3750,8.229511118964457,0,0,0,1,0,0,0,0,0,0,0,0,0,22.64074791090000
89.68,1550,7.346010209913293,0,0,0,1,0,0,0,0,0,0,0,0,0,22.64074791090000
149.63,808,6.694562058521095,1,0,0,1,0,0,0,0,0,0,0,0,0,-1.74866873768333
45.89,608,6.410174881966167,1,0,0,1,0,0,0,0,0,0,0,0,0,-1.74866873768333
15.25,8000,8.987196820661973,0,0,0,1,0,0,0,0,0,0,0,0,0,-1.74866873768333
173.19,866,6.763884908562435,0,1,0,1,0,0,0,0,0,0,0,0,0,-1.74866873768333
149.75,808,6.694562058521095,0,1,0,1,0,0,0,0,0,0,0,0,0,-1.74866873768333
112.71,771,6.647688373563329,0,1,0,0,0,0,0,0,0,0,0,0,1,-6.89754580696000
53.00,1339,7.199678345691172,1,0,0,1,0,0,0,0,0,0,0,0,0,-21.15002520460000
86.00,500,6.214608098422191,0,0,0,1,0,0,0,0,0,0,0,0,0,-21.15002520460000
88.24,1190,7.081708586105575,1,0,0,0,0,0,1,0,0,0,0,0,0,-32.39290168100000
28.00,5183,8.553139318189707,1,0,0,0,0,0,1,0,0,0,0,0,0,-32.39290168100000
120.16,516,6.246106765481563,1,0,0,0,0,0,1,0,0,0,0,0,0,-32.39290168100000
88.24,1190,7.081708586105575,1,0,0,0,0,0,1,0,0,0,0,0,0,-32.39290168100000
125.00,510,6.234410725718371,0,1,0,0,0,0,0,0,0,0,0,0,1,5.20721470335000
70.00,1753,7.469083884921234,1,0,0,0,0,0,0,0,0,0,0,0,1,5.20721470335000
160.00,1681,7.427144133408616,1,0,0,0,0,0,0,0,0,0,0,0,1,-1.51498028693333
120.90,823,6.71295620067707,0,1,0,1,0,0,0,0,0,0,0,0,0,51.29449149748000
270.00,600,6.396929655216146,0,0,0,1,0,0,0,0,0,0,0,0,0,51.29449149748000
108.75,823,6.71295620067707,0,1,0,1,0,0,0,0,0,0,0,0,0,51.29449149748000
558.64,810,6.697034247666484,0,1,0,1,0,0,0,0,0,0,0,0,0,51.29449149748000
140.00,1654,7.4109518755836366,0,1,0,1,0,0,0,0,0,0,0,0,0,51.29449149748000
392.59,810,6.697034247666484,0,1,0,1,0,0,0,0,0,0,0,0,0,51.29449149748000
231.40,860,6.756932389247553,0,1,0,1,0,0,0,0,0,0,0,0,0,51.29449149748000
189.80,922,6.826545223556594,0,0,0,1,0,0,0,0,0,0,0,0,0,51.29449149748000
264.53,567,6.340359303727752,0,1,0,1,0,0,0,0,0,0,0,0,0,51.29449149748000
178.30,830,6.721425700790643,0,0,0,1,0,0,0,0,0,0,0,0,0,51.29449149748000
189.80,922,6.826545223556594,0,1,0,1,0,0,0,0,0,0,0,0,0,51.29449149748000
558.64,810,6.697034247666484,0,1,0,1,0,0,0,0,0,0,0,0,0,51.29449149748000
159.79,582,6.366470447731438,1,0,0,0,0,0,0,0,0,0,0,0,1,19.85951179830000
160.00,2069,7.634820677745543,1,0,0,0,0,0,0,0,0,0,0,0,1,19.85951179830000
75.00,4100,8.318742252692399,0,0,0,0,0,0,0,0,0,0,0,0,1,19.85951179830000
99.00,1095,6.9985096422506015,0,1,0,0,0,0,0,0,0,0,0,0,1,19.85951179830000
75.00,4100,8.318742252692399,0,0,0,0,0,0,0,0,0,0,0,0,1,19.85951179830000
130.00,803,6.688354713946762,0,0,0,0,0,0,0,0,0,0,0,0,1,19.85951179830000
73.41,851,6.7464121285733745,0,0,0,0,0,0,0,1,0,0,0,0,0,-54.81943533080000
59.00,1327,7.190676034332207,1,0,0,0,0,0,0,1,0,0,0,0,0,-54.81943533080000
55.00,2414,7.789040401657477,1,0,0,0,0,1,0,0,0,0,0,0,0,-42.31759836666667
49.00,2414,7.789040401657477,1,0,0,0,0,1,0,0,0,0,0,0,0,-42.31759836666667
287.29,905,6.807934943699926,1,0,0,1,0,0,0,0,0,0,0,0,0,48.64585746664000
120.00,695,6.543911845564792,0,1,0,0,0,1,0,0,0,0,0,0,0,17.18494502160000
254.36,688,6.5337888379333435,1,0,0,1,0,0,0,0,0,0,0,0,0,26.82717787630000
253.62,690,6.536691597591305,1,0,0,1,0,0,0,0,0,0,0,0,0,26.82717787630000
183.67,490,6.194405391104672,0,0,0,1,0,0,0,0,0,0,0,0,0,26.82717787630000
169.07,886,6.786716950605081,0,0,0,1,0,0,0,0,0,0,0,0,0,26.82717787630000
247.59,727,6.588926477533519,0,0,0,1,0,0,0,0,0,0,0,0,0,26.82717787630000
270.00,836,6.728628613084702,1,0,0,1,0,0,0,0,0,0,0,0,0,26.82717787630000
238.00,629,6.444131256700441,0,0,0,0,0,0,0,0,1,0,0,0,0,56.94152593500000
41.24,776,6.654152520183219,0,1,0,0,0,1,0,0,0,0,0,0,0,-25.30170564657500
54.00,2778,7.9294865233142895,1,0,0,0,0,1,0,0,0,0,0,0,0,-20.22996181246667
73.99,669,6.505784060128229,1,0,0,0,0,1,0,0,0,0,0,0,0,-20.22996181246667
54.00,685,6.529418838262226,1,0,0,0,0,1,0,0,0,0,0,0,0,-20.22996181246667
91.88,1502,7.31455283232408,0,0,0,0,0,1,0,0,0,0,0,0,0,-20.22996181246667
123.07,1192,7.083387847625295,1,0,1,0,0,0,0,0,0,0,0,0,0,16.47563027771667
112.33,1306,7.174724309836376,1,0,1,0,0,0,0,0,0,0,0,0,0,16.47563027771667
63.29,1027,6.934397209928558,0,1,1,0,0,0,0,0,0,0,0,0,0,16.47563027771667
100.67,596,6.39024066706535,0,0,0,0,0,0,0,0,0,0,0,0,1,-18.57691708230000
130.00,569,6.343880434126331,1,0,0,0,0,0,0,0,0,0,0,0,1,-18.57691708230000
54.95,2091,7.645397699428633,1,0,0,0,0,0,0,0,0,1,0,0,0,-20.20204440595000
52.65,1130,7.029972911706386,0,0,0,0,0,0,0,0,0,1,0,0,0,-20.20204440595000
59.46,1061,6.966967138613983,1,0,0,0,0,0,0,0,0,1,0,0,0,-20.20204440595000
69.86,2419,7.791109510610028,0,0,1,0,0,0,0,0,0,0,0,0,0,-51.51598187670000
94.03,904,6.806829360392176,0,1,1,0,0,0,0,0,0,0,0,0,0,-51.51598187670000
133.22,900,6.802394763324311,0,0,1,0,0,0,0,0,0,0,0,0,0,-51.51598187670000
143.38,544,6.298949246855942,1,0,0,1,0,0,0,0,0,0,0,0,0,2.90131798900000
38.17,917,6.821107472256465,1,0,0,0,0,1,0,0,0,0,0,0,0,-42.11222215302500
42.00,2676,7.892078421248119,1,0,0,0,0,1,0,0,0,0,0,0,0,-42.11222215302500
134.82,1795,7.492760300922379,1,0,1,0,0,0,0,0,0,0,0,0,0,6.87680207908000
99.78,451,6.111467339502679,1,0,1,0,0,0,0,0,0,0,0,0,0,6.87680207908000
108.46,866,6.763884908562435,1,0,1,0,0,0,0,0,0,0,0,0,0,6.87680207908000
53.11,546,6.302618975744905,0,1,0,0,0,0,0,1,0,0,0,0,0,-37.71035689593333
19.00,4700,8.45531778769815,0,0,0,0,0,0,0,1,0,0,0,0,0,-37.71035689593333
44.22,2714,7.906178840394815,1,0,0,0,0,0,0,0,0,0,0,0,1,11.01855587490000
112.68,568,6.342121418721152,1,0,0,0,0,0,0,0,0,0,0,0,1,11.01855587490000
44.22,2714,7.906178840394815,1,0,0,0,0,0,0,0,0,0,0,0,1,11.01855587490000
87.30,630,6.4457198193855785,0,1,1,0,0,0,0,0,0,0,0,0,0,-25.42542492255000
77.00,344,5.840641657373398,0,0,1,0,0,0,0,0,0,0,0,0,0,-25.42542492255000
71.74,1394,7.2399325913204695,0,1,1,0,0,0,0,0,0,0,0,0,0,-25.42542492255000
71.74,1394,7.2399325913204695,0,1,1,0,0,0,0,0,0,0,0,0,0,-25.42542492255000
74.94,866,6.763884908562435,0,0,0,0,0,0,0,0,0,0,0,0,1,-33.53756930197500
80.56,993,6.900730664045173,0,0,0,0,0,0,0,0,0,0,0,0,1,-33.53756930197500
74.86,867,6.7650389767805414,0,0,0,0,0,0,0,0,0,0,0,0,1,-33.53756930197500
40.70,2086,7.643003635560718,0,0,0,0,0,0,0,0,0,0,0,0,1,-33.53756930197500
75.32,863,6.760414691083428,0,0,0,0,0,0,0,0,0,0,0,0,1,-33.53756930197500
75.32,863,6.760414691083428,0,0,0,0,0,0,0,0,0,0,0,0,1,-33.53756930197500
120.00,1326,7.189922170745808,1,0,0,1,0,0,0,0,0,0,0,0,0,0.73014510165000
105.00,1600,7.3777589082278725,0,1,0,1,0,0,0,0,0,0,0,0,0,16.27983607556667
259.56,963,6.870053411798126,0,1,0,1,0,0,0,0,0,0,0,0,0,16.27983607556667
130.37,652,6.480044561926653,1,0,0,1,0,0,0,0,0,0,0,0,0,16.27983607556667
85.00,1593,7.373374309910049,0,0,0,1,0,0,0,0,0,0,0,0,0,-4.25601035680000
75.00,1942,7.571473648851271,1,0,0,1,0,0,0,0,0,0,0,0,0,-4.25601035680000
86.24,683,6.52649485957079,0,0,0,1,0,0,0,0,0,0,0,0,0,-4.25601035680000
87.09,573,6.35088571671474,0,0,0,1,0,0,0,0,0,0,0,0,0,-4.25601035680000
94.72,834,6.726233402358747,0,0,0,1,0,0,0,0,0,0,0,0,0,-4.25601035680000
89.00,2220,7.705262474866325,0,0,0,0,0,0,0,0,0,0,0,0,1,-31.23316130105000
28.12,889,6.790097235513905,0,1,0,0,1,0,0,0,0,0,0,0,0,-60.00970744725000
85.00,600,6.396929655216146,0,0,0,0,0,0,1,0,0,0,0,0,0,-17.88322463680000
146.55,464,6.139884552226255,0,0,0,1,0,0,0,0,0,0,0,0,0,40.33710285690000
200.00,633,6.450470422144176,1,0,0,1,0,0,0,0,0,0,0,0,0,40.33710285690000
77.87,809,6.695798917058491,0,0,0,1,0,0,0,0,0,0,0,0,0,40.33710285690000
430.33,488,6.1903154058531475,0,1,0,1,0,0,0,0,0,0,0,0,0,40.33710285690000
430.33,488,6.1903154058531475,1,0,0,1,0,0,0,0,0,0,0,0,0,40.33710285690000
104.32,949,6.855408798609928,0,1,0,1,0,0,0,0,0,0,0,0,0,40.33710285690000
79.97,799,6.683360945766275,0,0,0,1,0,0,0,0,0,0,0,0,0,40.33710285690000
250.00,622,6.432940092739179,0,1,0,1,0,0,0,0,0,0,0,0,0,40.33710285690000
250.00,500,6.214608098422191,0,0,0,1,0,0,0,0,0,0,0,0,0,40.33710285690000
230.00,754,6.625392368007956,1,0,0,1,0,0,0,0,0,0,0,0,0,40.33710285690000
281.82,550,6.309918278226516,1,0,0,1,0,0,0,0,0,0,0,0,0,40.33710285690000
185.00,1468,7.291656209174461,0,1,0,1,0,0,0,0,0,0,0,0,0,40.33710285690000
73.76,1193,7.084226422097916,0,0,0,1,0,0,0,0,0,0,0,0,0,40.33710285690000
241.67,600,6.396929655216146,1,0,0,1,0,0,0,0,0,0,0,0,0,40.33710285690000
65.00,2807,7.939871576361883,1,0,0,0,1,0,0,0,0,0,0,0,0,-24.39467503637500
15.17,12891,9.464284672443105,0,1,0,0,0,0,0,0,0,0,0,0,1,-55.88445521090000
50.00,2862,7.959275960116396,1,0,0,0,0,0,0,0,0,0,0,0,1,-55.88445521090000
70.00,1283,7.1569563646156364,0,0,0,0,0,0,0,0,0,0,0,0,1,-55.88445521090000
81.46,890,6.7912214627261855,1,0,0,0,0,0,1,0,0,0,0,0,0,-12.27246645705000
85.00,850,6.745236349484363,1,0,0,0,0,0,1,0,0,0,0,0,0,-12.27246645705000
102.79,856,6.752270376141742,1,0,0,0,0,0,1,0,0,0,0,0,0,-12.27246645705000
267.18,844,6.738152494595957,1,0,0,1,0,0,0,0,0,0,0,0,0,48.91075646504000
45.00,2268,7.7266536648476425,1,0,0,1,0,0,0,0,0,0,0,0,0,48.91075646504000
363.76,676,6.516193076042964,0,0,0,1,0,0,0,0,0,0,0,0,0,48.91075646504000
241.80,988,6.895682697747868,0,1,0,1,0,0,0,0,0,0,0,0,0,1.75395212822500
77.58,1998,7.599901959208498,0,0,0,1,0,0,0,0,0,0,0,0,0,1.75395212822500
82.01,951,6.85751406254539,0,1,0,1,0,0,0,0,0,0,0,0,0,1.75395212822500
122.98,618,6.42648845745769,0,0,0,1,0,0,0,0,0,0,0,0,0,1.75395212822500
120.00,1236,7.119635638017636,0,0,0,1,0,0,0,0,0,0,0,0,0,1.75395212822500
135.43,731,6.594413459749778,0,0,0,1,0,0,0,0,0,0,0,0,0,1.75395212822500
125.00,628,6.4425401664681985,1,0,0,1,0,0,0,0,0,0,0,0,0,1.75395212822500
52.44,1144,7.042286171939743,0,0,0,1,0,0,0,0,0,0,0,0,0,-18.71167581160000
68.76,829,6.720220155135295,1,0,0,0,0,0,1,0,0,0,0,0,0,38.70847555335000
66.95,1077,6.981934677156389,1,0,0,0,0,0,0,1,0,0,0,0,0,-31.14264326292500
62.28,16054,9.683713318691522,0,0,0,0,0,0,0,1,0,0,0,0,0,-31.14264326292500
106.27,941,6.846943139585379,1,0,0,0,0,0,1,0,0,0,0,0,0,14.15844401176667
105.00,617,6.424869023905388,1,0,0,0,0,0,1,0,0,0,0,0,0,14.15844401176667
109.09,1540,7.3395376954076745,0,0,0,0,0,0,0,0,1,0,0,0,0,-1.70530405660000
55.00,800,6.684611727667927,1,0,0,0,0,0,0,1,0,0,0,0,0,-42.99931234870000
55.00,800,6.684611727667927,1,0,0,0,0,0,0,1,0,0,0,0,0,-42.99931234870000
35.48,747,6.616065185132817,1,0,0,0,0,0,0,1,0,0,0,0,0,-33.98126540682500
98.87,708,6.56244409369372,0,1,0,0,0,0,0,0,1,0,0,0,0,-14.70570936922500
69.00,5473,8.607582191143917,0,0,0,0,0,0,0,0,1,0,0,0,0,-14.70570936922500
49.00,5473,8.607582191143917,0,0,0,0,0,0,0,0,1,0,0,0,0,-14.70570936922500
164.04,762,6.635946555686647,0,0,0,0,0,0,0,0,1,0,0,0,0,-14.70570936922500
56.17,2270,7.727535110475448,0,0,0,0,0,0,1,0,0,0,0,0,0,-0.98047264576000
105.00,657,6.48768401848461,1,0,0,0,0,0,1,0,0,0,0,0,0,-34.24663119816667
105.00,448,6.104793232414985,1,0,0,0,0,0,1,0,0,0,0,0,0,-34.24663119816667
208.33,1201,7.0909098220799835,0,0,0,0,0,0,1,0,0,0,0,0,0,-11.99430994686000
187.05,695,6.543911845564792,0,0,0,0,0,0,1,0,0,0,0,0,0,-11.99430994686000
148.00,629,6.444131256700441,0,1,0,0,0,0,1,0,0,0,0,0,0,-11.99430994686000
60.00,1000,6.907755278982137,0,0,0,0,0,0,1,0,0,0,0,0,0,-11.99430994686000
131.43,913,6.816735880594968,0,0,0,0,0,0,1,0,0,0,0,0,0,-11.99430994686000
131.43,913,6.816735880594968,1,0,0,0,0,0,1,0,0,0,0,0,0,-11.99430994686000
105.00,968,6.875232087276577,0,0,0,1,0,0,0,0,0,0,0,0,0,50.92462718180000
106.25,2353,7.763446388727362,0,0,0,1,0,0,0,0,0,0,0,0,0,50.92462718180000
125.24,519,6.251903883165888,0,0,0,1,0,0,0,0,0,0,0,0,0,19.77253391133333
45.19,1881,7.53955882930103,1,0,0,0,0,0,0,1,0,0,0,0,0,-29.70508265765000
83.00,940,6.84587987526405,0,1,0,0,0,0,0,1,0,0,0,0,0,-29.70508265765000
61.99,1460,7.286191714702382,0,0,0,0,0,0,0,1,0,0,0,0,0,-29.70508265765000
30.00,25681,10.153506697855693,1,0,0,0,0,0,0,1,0,0,0,0,0,-29.70508265765000
45.00,500,6.214608098422191,0,1,0,1,0,0,0,0,0,0,0,0,0,-22.24400339693333
130.32,917,6.821107472256465,0,1,0,1,0,0,0,0,0,0,0,0,0,-22.24400339693333
59.12,1607,7.382124365737512,0,0,0,1,0,0,0,0,0,0,0,0,0,-22.24400339693333
100.00,4410,8.391629968440892,1,0,0,0,0,0,1,0,0,0,0,0,0,19.11759458925000
82.00,1500,7.313220387090301,0,1,0,0,0,0,1,0,0,0,0,0,0,19.11759458925000
150.00,580,6.363028103540465,0,1,0,0,0,0,1,0,0,0,0,0,0,19.11759458925000
114.78,636,6.455198563340122,0,1,0,0,0,0,1,0,0,0,0,0,0,19.11759458925000
113.00,1143,7.04141166379481,0,0,0,0,0,0,1,0,0,0,0,0,0,7.27138907286667
103.59,724,6.584791392385716,0,0,0,0,0,0,1,0,0,0,0,0,0,7.27138907286667
35.85,1060,6.966024187106113,0,0,0,0,1,0,0,0,0,0,0,0,0,-13.47482199013333
60.00,1984,7.592870287844818,1,0,0,0,0,0,1,0,0,0,0,0,0,-25.62006507990000
60.02,933,6.838405200847344,0,0,0,0,0,0,1,0,0,0,0,0,0,-25.62006507990000
62.00,1984,7.592870287844818,0,1,0,0,0,0,1,0,0,0,0,0,0,-25.62006507990000
85.00,2070,7.635303886259415,1,0,0,0,0,0,1,0,0,0,0,0,0,-25.62006507990000
71.00,686,6.530877627725885,1,0,0,0,0,0,0,1,0,0,0,0,0,-11.08450075950000
69.01,710,6.565264970035361,1,0,0,0,0,0,0,1,0,0,0,0,0,-11.08450075950000
65.00,1201,7.0909098220799835,1,0,0,0,0,0,0,1,0,0,0,0,0,-11.08450075950000
40.00,2142,7.669495251007694,0,1,0,0,0,0,0,1,0,0,0,0,0,-11.08450075950000
100.00,637,6.456769655572163,1,0,0,0,0,0,0,0,1,0,0,0,0,65.59696853160000
100.00,1084,6.988413181999592,1,0,0,0,0,0,0,0,1,0,0,0,0,65.59696853160000
120.82,538,6.2878585601617845,1,0,0,0,0,0,0,0,1,0,0,0,0,65.59696853160000
90.00,894,6.795705775173514,1,0,0,0,0,0,0,0,1,0,0,0,0,65.59696853160000
26.92,1003,6.910750787961936,0,0,0,0,0,0,0,1,0,0,0,0,0,-30.37961838746000
49.02,510,6.234410725718371,1,0,0,0,0,0,0,1,0,0,0,0,0,-30.37961838746000
26.92,1003,6.910750787961936,0,0,0,0,0,0,0,1,0,0,0,0,0,-30.37961838746000
18.70,1872,7.534762657037537,0,0,0,0,0,0,0,0,0,0,0,0,1,-5.16554255956667
19.52,819,6.70808408385307,0,0,0,0,0,0,0,0,0,0,0,0,1,-5.16554255956667
18.70,1872,7.534762657037537,0,0,0,0,0,0,0,0,0,0,0,0,1,-5.16554255956667
28.77,4014,8.297543529356284,0,0,0,0,0,0,0,0,0,0,0,1,0,-58.33518435530000
73.00,554,6.317164686747284,1,0,0,1,0,0,0,0,0,0,0,0,0,42.68231895320000
85.00,1139,7.037905963447182,1,0,0,1,0,0,0,0,0,0,0,0,0,42.68231895320000
160.00,600,6.396929655216146,1,0,0,1,0,0,0,0,0,0,0,0,0,42.68231895320000
90.00,2836,7.950149887652018,0,0,0,1,0,0,0,0,0,0,0,0,0,42.68231895320000
120.00,600,6.396929655216146,0,0,0,0,1,0,0,0,0,0,0,0,0,3.88107773466667
133.33,600,6.396929655216146,0,1,0,0,1,0,0,0,0,0,0,0,0,3.88107773466667
9.00,7699,8.94884572927805,0,1,0,0,1,0,0,0,0,0,0,0,0,3.88107773466667
26.00,1500,7.313220387090301,0,1,0,0,1,0,0,0,0,0,0,0,0,3.88107773466667
21.02,1118,7.0192966537150445,1,0,0,0,1,0,0,0,0,0,0,0,0,3.88107773466667
120.00,850,6.745236349484363,0,1,0,0,1,0,0,0,0,0,0,0,0,3.88107773466667
130.15,607,6.408528791059498,0,0,0,0,1,0,0,0,0,0,0,0,0,3.88107773466667
9.00,7699,8.94884572927805,0,1,0,0,1,0,0,0,0,0,0,0,0,3.88107773466667
37.53,850,6.745236349484363,0,0,0,0,1,0,0,0,0,0,0,0,0,3.88107773466667
129.75,400,5.991464547107982,0,0,0,0,1,0,0,0,0,0,0,0,0,3.88107773466667
39.45,758,6.630683385642372,0,1,0,0,1,0,0,0,0,0,0,0,0,3.88107773466667
80.00,1559,7.351799869057777,0,0,0,0,0,0,0,0,0,0,1,0,0,-17.91411900320000
100.00,686,6.530877627725885,0,0,0,0,0,0,0,0,0,0,0,1,0,-7.11715673890000
123.00,750,6.620073206530356,0,0,0,0,0,0,0,0,0,0,0,1,0,-7.11715673890000
100.00,686,6.530877627725885,0,0,0,0,0,0,0,0,0,0,0,1,0,-7.11715673890000
100.00,1330,7.1929342212158,0,0,0,0,0,0,0,0,0,0,0,1,0,-7.11715673890000
100.00,1330,7.1929342212158,0,0,0,0,0,0,0,0,0,0,0,1,0,-7.11715673890000
61.86,679,6.520621127558696,0,0,0,0,0,0,0,0,0,0,0,1,0,-7.11715673890000
100.00,1330,7.1929342212158,0,0,0,0,0,0,0,0,0,0,0,1,0,-7.11715673890000
89.39,660,6.492239835020471,1,0,0,0,0,0,0,0,0,0,0,1,0,-17.31106261425000
13.00,5120,8.540909718033554,0,1,0,0,0,0,0,0,0,0,0,1,0,-17.31106261425000
84.18,1176,7.069874128458572,1,0,0,0,0,0,0,0,0,0,0,1,0,-17.31106261425000
79.00,669,6.505784060128229,0,0,0,0,0,1,0,0,0,0,0,0,0,-35.96686533926000
79.00,507,6.2285110035911835,1,0,0,0,0,1,0,0,0,0,0,0,0,-35.96686533926000
49.90,3256,8.08825472712243,0,1,0,0,0,1,0,0,0,0,0,0,0,-35.96686533926000
57.85,1383,7.232010331664759,0,0,0,0,0,1,0,0,0,0,0,0,0,-35.96686533926000
79.00,518,6.249975242259483,0,0,0,0,0,1,0,0,0,0,0,0,0,-35.96686533926000
79.00,726,6.587550014824796,0,0,0,0,0,1,0,0,0,0,0,0,0,-35.96686533926000
79.00,586,6.373319789577012,0,0,0,0,0,1,0,0,0,0,0,0,0,-35.96686533926000
79.00,507,6.2285110035911835,0,0,0,0,0,1,0,0,0,0,0,0,0,-35.96686533926000
79.00,561,6.329720905522696,0,0,0,0,0,1,0,0,0,0,0,0,0,-35.96686533926000
79.00,600,6.396929655216146,0,0,0,0,0,1,0,0,0,0,0,0,0,-35.96686533926000
79.00,542,6.295266001439646,0,0,0,0,0,1,0,0,0,0,0,0,0,-35.96686533926000
78.00,560,6.327936783729195,1,0,0,0,0,1,0,0,0,0,0,0,0,-35.96686533926000
79.00,583,6.368187186350492,0,0,0,0,0,1,0,0,0,0,0,0,0,-35.96686533926000
79.00,655,6.484635235635252,0,0,0,0,0,1,0,0,0,0,0,0,0,-35.96686533926000
79.00,679,6.520621127558696,0,0,0,0,0,1,0,0,0,0,0,0,0,-35.96686533926000
108.83,1562,7.3537223303996315,0,0,0,0,0,0,0,0,1,0,0,0,0,-29.63980677395000
55.48,575,6.354370040797351,1,0,0,0,0,1,0,0,0,0,0,0,0,-45.14311063396667
50.00,9400,9.148464968258095,0,0,0,1,0,0,0,0,0,0,0,0,0,24.98052070107500
127.19,1140,7.038783541388542,0,1,0,1,0,0,0,0,0,0,0,0,0,24.98052070107500
97.93,1205,7.094234845924755,1,0,0,1,0,0,0,0,0,0,0,0,0,24.98052070107500
153.45,580,6.363028103540465,0,0,0,1,0,0,0,0,0,0,0,0,0,24.98052070107500
100.00,1000,6.907755278982137,0,1,0,1,0,0,0,0,0,0,0,0,0,36.31516129765000
385.38,650,6.476972362889683,0,1,0,1,0,0,0,0,0,0,0,0,0,36.31516129765000
124.33,522,6.257667587882639,0,1,0,1,0,0,0,0,0,0,0,0,0,36.31516129765000
15.00,25145,10.132414348606066,1,0,0,0,0,0,0,1,0,0,0,0,0,-71.61621509656667
67.39,871,6.769641976852503,1,0,0,0,0,1,0,0,0,0,0,0,0,-51.61943178526667
62.70,1783,7.48605261786314,1,0,0,0,0,1,0,0,0,0,0,0,0,-51.61943178526667
67.51,871,6.769641976852503,0,0,0,0,0,1,0,0,0,0,0,0,0,-51.61943178526667
53.37,1783,7.48605261786314,0,0,0,0,0,1,0,0,0,0,0,0,0,-51.61943178526667
22.50,1209,7.097548850614793,0,1,0,0,0,1,0,0,0,0,0,0,0,-36.99216570500000
49.00,1785,7.487173694213739,1,0,0,0,0,1,0,0,0,0,0,0,0,-36.99216570500000
29.50,398,5.986452005284438,1,0,0,0,0,1,0,0,0,0,0,0,0,-36.99216570500000
67.00,2015,7.608374474380783,1,0,0,0,0,0,0,0,0,0,0,0,1,-10.60964946285000
220.64,838,6.731018100482083,0,0,0,0,0,0,0,0,0,0,0,0,1,-10.60964946285000
75.00,1336,7.197435354096591,0,1,0,0,0,1,0,0,0,0,0,0,0,-25.18788200120000
140.22,1012,6.919683849847411,0,1,0,0,0,0,0,0,1,0,0,0,0,14.20767097905000
85.00,1501,7.313886831633462,0,0,0,0,0,0,0,0,1,0,0,0,0,14.20767097905000
125.00,721,6.580639137284949,0,1,0,0,0,0,0,0,1,0,0,0,0,14.20767097905000
120.00,685,6.529418838262226,0,0,0,0,0,0,0,0,1,0,0,0,0,14.20767097905000
151.52,883,6.78332520060396,0,1,0,0,0,0,0,0,1,0,0,0,0,14.20767097905000
120.00,1072,6.977281341630747,0,1,0,0,0,0,0,0,1,0,0,0,0,14.20767097905000
152.89,883,6.78332520060396,1,0,0,0,0,0,0,0,1,0,0,0,0,14.20767097905000
47.00,8469,9.0441677169216,0,0,0,0,0,0,0,0,1,0,0,0,0,-53.98171362540000
139.90,1000,6.907755278982137,0,0,1,0,0,0,0,0,0,0,0,0,0,2.54404880925000
146.56,614,6.419994928147142,1,0,1,0,0,0,0,0,0,0,0,0,0,2.54404880925000
182.54,630,6.4457198193855785,1,0,1,0,0,0,0,0,0,0,0,0,0,2.54404880925000
124.52,522,6.257667587882639,0,0,1,0,0,0,0,0,0,0,0,0,0,2.54404880925000
205.00,1635,7.399398083331354,0,0,0,1,0,0,0,0,0,0,0,0,0,24.36213331980000
174.46,1026,6.933423025730715,0,0,0,1,0,0,0,0,0,0,0,0,0,24.36213331980000
254.83,518,6.249975242259483,0,0,0,1,0,0,0,0,0,0,0,0,0,24.36213331980000
253.60,903,6.805722553416985,0,0,0,1,0,0,0,0,0,0,0,0,0,24.36213331980000
200.00,1800,7.495541943884256,0,1,0,1,0,0,0,0,0,0,0,0,0,24.36213331980000
218.36,1122,7.022868086082641,0,0,0,1,0,0,0,0,0,0,0,0,0,24.36213331980000
55.01,332,5.805134968916488,0,0,0,1,0,0,0,0,0,0,0,0,0,-14.40503476570000
25.00,18139,9.805819595357969,0,0,0,0,0,0,0,1,0,0,0,0,0,-14.37066367005000
100.00,500,6.214608098422191,1,0,0,0,0,0,0,1,0,0,0,0,0,-14.37066367005000
101.33,375,5.926926025970411,1,0,0,0,0,0,0,0,0,0,0,0,1,8.20252306696667
86.35,996,6.903747257584598,0,1,0,0,0,0,0,0,0,0,0,0,1,-34.93676493470000
109.76,574,6.352629396319567,0,0,0,0,0,0,0,0,0,0,0,0,1,-34.93676493470000
361.50,686,6.530877627725885,0,1,0,1,0,0,0,0,0,0,0,0,0,-29.52100055845000
38.79,1160,7.05617528410041,0,1,0,1,0,0,0,0,0,0,0,0,0,-29.52100055845000
130.00,1222,7.108244139731541,0,1,0,1,0,0,0,0,0,0,0,0,0,-29.52100055845000
95.65,558,6.324358962381311,0,1,0,1,0,0,0,0,0,0,0,0,0,-29.52100055845000
67.32,1218,7.1049654482698426,0,0,0,1,0,0,0,0,0,0,0,0,0,-29.52100055845000
92.54,670,6.507277712385012,1,0,0,1,0,0,0,0,0,0,0,0,0,16.12251241476000
132.81,640,6.461468176353717,0,1,0,1,0,0,0,0,0,0,0,0,0,16.12251241476000
106.63,694,6.542471960506805,0,0,0,1,0,0,0,0,0,0,0,0,0,16.12251241476000
91.04,692,6.539585955617669,1,0,0,1,0,0,0,0,0,0,0,0,0,16.12251241476000
59.22,2955,7.991253929840199,0,1,0,0,1,0,0,0,0,0,0,0,0,-11.94309291950000
90.00,2061,7.630946580890459,0,1,0,0,1,0,0,0,0,0,0,0,0,-11.94309291950000
59.22,2955,7.991253929840199,0,1,0,0,1,0,0,0,0,0,0,0,0,-11.94309291950000
53.63,1005,6.912742820493176,0,0,0,0,1,0,0,0,0,0,0,0,0,-11.94309291950000
59.22,2955,7.991253929840199,0,1,0,0,1,0,0,0,0,0,0,0,0,-11.94309291950000
100.00,744,6.612041034833092,1,0,0,0,1,0,0,0,0,0,0,0,0,-11.94309291950000
47.65,1108,7.010311867307229,0,1,0,0,0,0,1,0,0,0,0,0,0,-36.23075247106667
41.42,1183,7.075808863978387,1,0,0,0,0,0,0,1,0,0,0,0,0,-41.68637368575000
126.96,827,6.717804695023691,0,0,0,0,0,0,0,0,0,0,0,0,1,-12.34200962895000
120.02,497,6.208590026096629,0,0,0,0,0,0,0,0,0,0,0,0,1,-12.34200962895000
24.91,1441,7.273092595999522,0,0,0,0,0,1,0,0,0,0,0,0,0,-45.15324548406667
24.00,1830,7.512071245835466,0,1,0,0,0,1,0,0,0,0,0,0,0,-45.15324548406667
25.06,1193,7.084226422097916,0,0,0,0,0,1,0,0,0,0,0,0,0,-45.15324548406667
40.00,3515,8.164794804244766,0,1,0,0,0,1,0,0,0,0,0,0,0,-45.15324548406667
33.08,913,6.816735880594968,1,0,0,0,0,1,0,0,0,0,0,0,0,-45.15324548406667
24.34,1027,6.934397209928558,0,1,0,0,0,1,0,0,0,0,0,0,0,-45.15324548406667
98.97,1364,7.218176838403408,1,0,0,0,0,0,0,0,0,0,0,1,0,16.51812497793333
381.82,660,6.492239835020471,1,0,1,0,0,0,0,0,0,0,0,0,0,129.45174538160000
163.64,660,6.492239835020471,0,0,1,0,0,0,0,0,0,0,0,0,0,129.45174538160000
157.58,660,6.492239835020471,0,0,1,0,0,0,0,0,0,0,0,0,0,129.45174538160000
42.67,375,5.926926025970411,0,1,1,0,0,0,0,0,0,0,0,0,0,-13.06009558086667
89.81,746,6.61472560020376,0,0,0,0,0,0,0,0,0,1,0,0,0,-16.16798199315000
111.74,707,6.561030665896573,0,1,0,1,0,0,0,0,0,0,0,0,0,-12.32435435592500
117.65,799,6.683360945766275,0,1,0,0,1,0,0,0,0,0,0,0,0,-9.75843592015000
79.00,3598,8.188133414510478,0,1,0,0,1,0,0,0,0,0,0,0,0,-9.75843592015000
120.82,807,6.693323668269949,0,1,0,0,1,0,0,0,0,0,0,0,0,-9.75843592015000
79.00,3598,8.188133414510478,0,1,0,0,1,0,0,0,0,0,0,0,0,-9.75843592015000
98.00,1895,7.546974117516527,0,1,0,0,1,0,0,0,0,0,0,0,0,-9.75843592015000
50.19,1036,6.943122422819428,0,0,0,0,0,0,1,0,0,0,0,0,0,-14.90923907320000
50.19,1036,6.943122422819428,0,0,0,0,0,0,1,0,0,0,0,0,0,-14.90923907320000
157.91,297,5.6937321388027,0,1,0,0,0,0,1,0,0,0,0,0,0,-14.90923907320000
20.13,2310,7.745002803515839,0,1,0,1,0,0,0,0,0,0,0,0,0,2.47320757950000
35.00,1401,7.244941546337007,1,0,0,0,0,0,0,0,1,0,0,0,0,-43.40563399070000
41.00,3762,8.232706009860976,0,1,0,0,0,0,0,0,1,0,0,0,0,-43.40563399070000
74.93,1121,7.02197642307216,0,1,0,0,0,0,0,0,1,0,0,0,0,-43.40563399070000
38.35,1043,6.949856455000773,0,1,0,0,0,1,0,0,0,0,0,0,0,-42.36469873900000
41.00,1000,6.907755278982137,0,0,0,0,0,1,0,0,0,0,0,0,0,-42.36469873900000
21.11,1573,7.360739903058278,1,0,0,0,0,1,0,0,0,0,0,0,0,-42.36469873900000
23.67,2873,7.96311205897929,0,1,1,0,0,0,0,0,0,0,0,0,0,-44.92501689620000
25.44,2870,7.962067308753666,0,1,1,0,0,0,0,0,0,0,0,0,0,-44.92501689620000
33.00,2873,7.96311205897929,0,0,1,0,0,0,0,0,0,0,0,0,0,-44.92501689620000
23.67,2873,7.96311205897929,0,1,1,0,0,0,0,0,0,0,0,0,0,-44.92501689620000
12.22,2857,7.957527402230773,0,1,1,0,0,0,0,0,0,0,0,0,0,-44.92501689620000
33.00,2873,7.96311205897929,1,0,1,0,0,0,0,0,0,0,0,0,0,-44.92501689620000
148.01,554,6.317164686747284,0,1,0,1,0,0,0,0,0,0,0,0,0,30.73558221960000
70.39,412,6.021023349349527,0,1,0,0,0,0,0,1,0,0,0,0,0,-37.72586796625000
47.89,2610,7.867105500316739,0,1,0,0,0,0,1,0,0,0,0,0,0,11.47714103548000
64.42,1599,7.377133712833954,0,1,0,0,0,0,1,0,0,0,0,0,0,11.47714103548000
0.00,900,6.802394763324311,0,1,0,0,0,0,1,0,0,0,0,0,0,11.47714103548000
117.24,1015,6.922643891475888,1,0,0,0,0,0,1,0,0,0,0,0,0,-2.80191226793333
117.24,1015,6.922643891475888,1,0,0,0,0,0,1,0,0,0,0,0,0,-2.80191226793333
105.18,656,6.486160788944089,0,0,0,0,0,0,1,0,0,0,0,0,0,-2.80191226793333
34.85,3400,8.131530710604252,0,1,1,0,0,0,0,0,0,0,0,0,0,-66.91578943410000
32.73,1375,7.226209010100671,1,0,1,0,0,0,0,0,0,0,0,0,0,-66.91578943410000
60.88,409,6.013715156042802,1,0,0,0,0,0,0,1,0,0,0,0,0,-12.00984332616000
27.82,1186,7.078341579557671,0,0,0,0,0,0,0,1,0,0,0,0,0,-12.00984332616000
37.50,2965,7.994632311431825,0,1,0,0,0,0,0,1,0,0,0,0,0,-12.00984332616000
19.09,10426,9.252057965328051,0,1,0,0,0,0,0,1,0,0,0,0,0,-12.00984332616000
41.50,1800,7.495541943884256,1,0,0,0,0,0,0,1,0,0,0,0,0,-12.00984332616000
44.93,612,6.416732282512326,0,0,0,0,0,0,0,1,0,0,0,0,0,-12.00984332616000
20.00,2458,7.80710329012598,0,0,0,0,1,0,0,0,0,0,0,0,0,-42.14795269440000
0.00,2140,7.668561108015897,0,1,0,0,1,0,0,0,0,0,0,0,0,-42.14795269440000
86.06,495,6.20455776256869,0,1,0,0,1,0,0,0,0,0,0,0,0,-42.14795269440000
0.00,1005,6.912742820493176,1,0,0,0,0,0,1,0,0,0,0,0,0,-100.00000000000000
10.09,6047,8.707317560273212,0,0,0,0,0,0,1,0,0,0,0,0,0,-46.28883421655000
10.09,6047,8.707317560273212,0,0,0,0,0,0,1,0,0,0,0,0,0,-46.28883421655000
10.09,6047,8.707317560273212,0,0,0,0,0,0,1,0,0,0,0,0,0,-46.28883421655000
105.00,658,6.489204931325317,1,0,0,0,0,0,0,0,0,0,0,1,0,15.22025536422500
141.40,587,6.375024819828097,0,1,0,0,0,0,0,0,0,0,0,1,0,15.22025536422500
30.00,7321,8.898502209646642,0,1,0,0,1,0,0,0,0,0,0,0,0,-18.74267706070000
52.00,1666,7.418180822726788,0,0,0,0,1,0,0,0,0,0,0,0,0,-18.74267706070000
35.95,1666,7.418180822726788,0,0,0,0,1,0,0,0,0,0,0,0,0,-18.74267706070000
60.77,1473,7.29505641646263,0,0,0,0,0,0,0,0,0,0,0,0,1,-5.33391480370000
98.00,723,6.583409222158765,1,0,0,0,0,0,0,0,0,0,0,0,1,-5.33391480370000
49.00,4906,8.498214224818435,1,0,0,0,0,0,0,0,0,0,0,0,1,-5.33391480370000
38.20,521,6.255750041753367,0,0,0,0,0,1,0,0,0,0,0,0,0,-44.36935454826667
50.00,3800,8.242756345714477,1,0,0,0,0,1,0,0,0,0,0,0,0,-44.36935454826667
86.99,730,6.593044534142437,1,0,0,0,0,1,0,0,0,0,0,0,0,-42.94880499250000
91.67,600,6.396929655216146,0,1,0,0,0,1,0,0,0,0,0,0,0,-42.94880499250000
38.40,961,6.8679744089702925,1,0,0,0,0,1,0,0,0,0,0,0,0,-42.94880499250000
38.00,1900,7.549609165154532,0,1,0,0,0,1,0,0,0,0,0,0,0,-42.94880499250000
38.87,939,6.844815479208263,1,0,0,0,0,1,0,0,0,0,0,0,0,-42.94880499250000
38.41,880,6.779921907472252,1,0,0,0,0,1,0,0,0,0,0,0,0,-42.94880499250000
17.32,2367,7.769378609513984,1,0,0,0,0,1,0,0,0,0,0,0,0,-29.39615957270000
89.21,1289,7.161622002939187,1,0,0,0,1,0,0,0,0,0,0,0,0,40.65340905310000
115.62,1037,6.9440872082295275,0,1,0,0,1,0,0,0,0,0,0,0,0,40.65340905310000
73.97,1487,7.304515946460155,0,1,0,0,1,0,0,0,0,0,0,0,0,40.65340905310000
73.97,1487,7.304515946460155,0,1,0,0,1,0,0,0,0,0,0,0,0,40.65340905310000
123.00,508,6.230481447578482,1,0,0,0,0,0,0,0,0,0,0,0,1,41.29810808300000
123.00,508,6.230481447578482,0,0,0,0,0,0,0,0,0,0,0,0,1,41.29810808300000
123.00,508,6.230481447578482,1,0,0,0,0,0,0,0,0,0,0,0,1,41.29810808300000
123.00,508,6.230481447578482,1,0,0,0,0,0,0,0,0,0,0,0,1,41.29810808300000
123.00,507,6.2285110035911835,0,0,0,0,0,0,0,0,0,0,0,0,1,41.29810808300000
103.00,1795,7.492760300922379,1,0,0,0,0,0,1,0,0,0,0,0,0,-56.67898960153333
48.00,1132,7.0317412587631285,0,1,0,0,0,0,0,0,1,0,0,0,0,-68.45204506160000
99.00,1700,7.438383530044307,1,0,0,0,0,1,0,0,0,0,0,0,0,-35.45781652633333
25.00,2308,7.744136627627991,0,0,0,0,0,1,0,0,0,0,0,0,0,-35.45781652633333
104.00,850,6.745236349484363,1,0,0,0,0,1,0,0,0,0,0,0,0,-35.45781652633333
99.00,1700,7.438383530044307,1,0,0,0,0,1,0,0,0,0,0,0,0,-35.45781652633333
39.00,250,5.521460917862246,0,1,0,0,0,1,0,0,0,0,0,0,0,-35.45781652633333
163.45,550,6.309918278226516,0,0,0,1,0,0,0,0,0,0,0,0,0,-3.52089117065000
0.03,3095,8.037543185118697,0,1,0,1,0,0,0,0,0,0,0,0,0,-3.52089117065000
116.95,761,6.634633357861686,0,0,0,1,0,0,0,0,0,0,0,0,0,-3.52089117065000
162.32,499,6.212606095751519,0,1,0,1,0,0,0,0,0,0,0,0,0,-3.52089117065000
149.80,500,6.214608098422191,1,0,0,1,0,0,0,0,0,0,0,0,0,-3.52089117065000
103.29,850,6.745236349484363,0,1,0,1,0,0,0,0,0,0,0,0,0,-3.52089117065000
25.00,3000,8.006367567650246,0,1,0,0,0,0,0,1,0,0,0,0,0,-55.66269460956667
61.42,4331,8.373553741214627,1,0,0,1,0,0,0,0,0,0,0,0,0,89.33816943975000
516.05,405,6.003887067106539,1,0,0,1,0,0,0,0,0,0,0,0,0,89.33816943975000
115.00,626,6.439350371100098,1,0,0,0,0,0,0,0,0,0,0,0,1,-4.62433293133333
147.12,2712,7.905441649060286,0,0,0,0,0,0,0,0,0,0,0,0,1,-4.62433293133333
119.00,700,6.551080335043404,1,0,0,0,0,0,0,0,0,0,0,0,1,-4.62433293133333
96.61,828,6.71901315438526,1,0,0,0,0,0,0,0,0,0,0,0,1,-4.62433293133333
97.00,1006,6.913737350659685,0,0,0,0,0,0,0,0,0,0,0,0,1,-4.62433293133333
91.32,645,6.4692503167957724,0,0,0,0,0,0,0,0,0,0,0,0,1,-4.62433293133333
108.00,930,6.835184586147301,1,0,0,0,0,0,0,0,0,0,0,0,1,-4.62433293133333
129.96,454,6.118097198041348,1,0,1,0,0,0,0,0,0,0,0,0,0,27.24545738810000
25.00,7000,8.85366542803745,0,1,0,0,0,1,0,0,0,0,0,0,0,-48.50256190910000
4.40,4525,8.417372856134026,1,0,0,0,0,0,0,0,0,0,0,0,1,-63.13165237590000
0.00,26664,10.191069619987575,0,0,0,0,0,0,0,0,0,0,0,1,0,-63.89571528200000
8.00,22889,10.038411724792649,0,0,0,0,0,0,0,0,0,0,0,0,1,-23.73925671070000
149.11,898,6.8001700683022,1,0,0,0,0,0,0,0,1,0,0,0,0,41.88294356325000
202.70,888,6.78897174299217,0,0,0,0,0,0,0,0,1,0,0,0,0,41.88294356325000
90.54,497,6.208590026096629,0,1,0,0,0,0,0,0,1,0,0,0,0,41.88294356325000
99.00,832,6.723832440821209,0,0,0,0,0,0,1,0,0,0,0,0,0,-5.84772838790000
86.38,925,6.829793737512425,1,0,0,0,0,0,1,0,0,0,0,0,0,-5.84772838790000
75.00,1199,7.089243155027514,0,1,1,0,0,0,0,0,0,0,0,0,0,-37.44450390490000
81.50,1000,6.907755278982137,0,0,1,0,0,0,0,0,0,0,0,0,0,-37.44450390490000
35.17,2504,7.825644732219989,0,1,1,0,0,0,0,0,0,0,0,0,0,-37.44450390490000
104.32,2176,7.685243607975833,0,1,0,0,0,0,0,0,0,0,0,0,1,58.55713569100000
50.00,859,6.755768921984255,1,0,0,1,0,0,0,0,0,0,0,0,0,-28.51695634820000
70.04,821,6.710523109452428,0,1,0,1,0,0,0,0,0,0,0,0,0,-28.51695634820000
50.00,859,6.755768921984255,0,0,0,1,0,0,0,0,0,0,0,0,0,-28.51695634820000
110.00,682,6.525029657843462,1,0,0,1,0,0,0,0,0,0,0,0,0,-28.51695634820000
22.35,6130,8.720950028930258,0,1,0,1,0,0,0,0,0,0,0,0,0,-2.35273023855000
392.55,1235,7.118826249062078,0,1,0,1,0,0,0,0,0,0,0,0,0,-2.35273023855000
60.19,2326,7.75190533307861,0,1,0,1,0,0,0,0,0,0,0,0,0,-2.35273023855000
94.88,859,6.755768921984255,0,0,0,1,0,0,0,0,0,0,0,0,0,-2.35273023855000
126.11,674,6.513230110912307,0,1,0,1,0,0,0,0,0,0,0,0,0,-2.35273023855000
60.00,550,6.309918278226516,0,1,0,1,0,0,0,0,0,0,0,0,0,-2.35273023855000
170.04,1235,7.118826249062078,0,0,0,1,0,0,0,0,0,0,0,0,0,-2.35273023855000
179.00,500,6.214608098422191,0,0,0,1,0,0,0,0,0,0,0,0,0,-2.35273023855000
43.64,1372,7.22402480828583,0,0,0,1,0,0,0,0,0,0,0,0,0,-2.35273023855000
158.71,775,6.652863029353347,0,1,0,1,0,0,0,0,0,0,0,0,0,-2.35273023855000
90.41,542,6.295266001439646,0,1,0,1,0,0,0,0,0,0,0,0,0,-2.35273023855000
44.26,2031,7.616283561580385,0,0,0,1,0,0,0,0,0,0,0,0,0,-2.35273023855000
90.41,542,6.295266001439646,0,0,0,1,0,0,0,0,0,0,0,0,0,-2.35273023855000
185.00,471,6.154858094016418,1,0,0,1,0,0,0,0,0,0,0,0,0,-2.35273023855000
182.59,471,6.154858094016418,1,0,0,1,0,0,0,0,0,0,0,0,0,-2.35273023855000
80.00,621,6.431331081933479,0,1,0,1,0,0,0,0,0,0,0,0,0,-2.35273023855000
102.34,640,6.461468176353717,0,0,0,1,0,0,0,0,0,0,0,0,0,-2.35273023855000
68.98,2160,7.67786350067821,0,0,0,1,0,0,0,0,0,0,0,0,0,-2.35273023855000
151.36,471,6.154858094016418,1,0,0,1,0,0,0,0,0,0,0,0,0,-2.35273023855000
107.09,733,6.597145701886651,0,0,0,1,0,0,0,0,0,0,0,0,0,-2.35273023855000
139.11,744,6.612041034833092,0,1,0,1,0,0,0,0,0,0,0,0,0,-2.19452486816667
164.15,968,6.875232087276577,0,0,0,1,0,0,0,0,0,0,0,0,0,28.02335081713333
160.00,1021,6.928537818164665,0,0,0,1,0,0,0,0,0,0,0,0,0,28.02335081713333
62.00,1524,7.329093736246592,0,1,0,1,0,0,0,0,0,0,0,0,0,28.02335081713333
250.00,759,6.63200177739563,0,0,0,1,0,0,0,0,0,0,0,0,0,28.02335081713333
123.36,381,5.942799375126701,1,0,0,1,0,0,0,0,0,0,0,0,0,28.02335081713333
173.40,865,6.762729506931879,1,0,0,1,0,0,0,0,0,0,0,0,0,28.02335081713333
73.00,1007,6.914730892718563,0,1,1,0,0,0,0,0,0,0,0,0,0,-57.37536498870000
56.78,1180,7.07326971745971,0,1,0,0,0,0,0,0,0,0,0,1,0,-68.54180047355000
139.00,809,6.695798917058491,0,0,0,0,0,0,0,0,1,0,0,0,0,34.85546656015000
60.81,2631,7.875119281040293,1,0,0,1,0,0,0,0,0,0,0,0,0,20.98321936716667
65.00,488,6.1903154058531475,0,1,0,1,0,0,0,0,0,0,0,0,0,20.98321936716667
169.35,186,5.225746673713202,0,0,0,1,0,0,0,0,0,0,0,0,0,20.98321936716667
80.00,1008,6.915723448631314,0,1,0,1,0,0,0,0,0,0,0,0,0,20.98321936716667
100.00,779,6.658011045870748,0,0,0,1,0,0,0,0,0,0,0,0,0,20.98321936716667
65.00,583,6.368187186350492,0,1,0,1,0,0,0,0,0,0,0,0,0,20.98321936716667
100.00,1161,7.057036981697891,0,1,0,1,0,0,0,0,0,0,0,0,0,-16.99251399655000
89.23,1031,6.93828448401696,0,0,0,0,0,0,0,0,0,0,0,1,0,5.79303426875000
70.00,1665,7.417580402414544,1,0,0,0,0,0,0,0,0,0,0,1,0,5.79303426875000
50.00,5966,8.693831965074693,0,1,0,0,0,0,1,0,0,0,0,0,0,-0.57875035460000
82.00,1500,7.313220387090301,0,1,0,0,0,0,1,0,0,0,0,0,0,-0.57875035460000
105.00,1095,6.9985096422506015,0,1,0,0,0,0,1,0,0,0,0,0,0,-0.57875035460000
75.00,931,6.836259277277067,1,0,0,0,0,0,0,0,1,0,0,0,0,-39.89244996125000
120.00,2269,7.727094484779841,1,0,0,0,0,0,1,0,0,0,0,0,0,17.49349712660000
120.00,567,6.340359303727752,1,0,0,0,0,0,1,0,0,0,0,0,0,17.49349712660000
120.00,1134,7.033506484287697,0,1,0,0,0,0,1,0,0,0,0,0,0,17.49349712660000
109.84,1748,7.466227556215481,0,1,0,0,0,0,0,0,0,1,0,0,0,2.08716231590000
98.69,995,6.902742737158593,0,0,0,0,0,0,0,0,0,1,0,0,0,2.08716231590000
125.45,558,6.324358962381311,1,0,0,0,0,0,0,0,0,0,0,1,0,22.82966012110000
100.00,3049,8.022568946988255,0,1,0,0,0,0,0,0,0,0,0,0,1,-4.78131170370000
90.00,2580,7.855544677915663,0,0,0,0,0,0,0,0,0,0,0,0,1,-4.78131170370000
100.00,3049,8.022568946988255,1,0,0,0,0,0,0,0,0,0,0,0,1,-4.78131170370000
99.00,858,6.754604099487962,0,0,0,0,0,0,0,0,0,0,0,0,1,-4.78131170370000
87.09,11368,9.338557669776936,0,0,0,0,0,0,0,0,0,1,0,0,0,-14.50063520900000
70.00,1181,7.074116816197362,0,0,0,0,0,0,0,0,0,1,0,0,0,-14.50063520900000
70.00,856,6.752270376141742,0,0,0,0,0,0,0,0,0,1,0,0,0,-14.50063520900000
119.06,1663,7.416378479192928,0,1,0,0,0,0,0,0,0,1,0,0,0,-14.50063520900000
113.00,1045,6.951772164398911,0,0,0,0,0,0,0,0,0,1,0,0,0,-14.50063520900000
64.79,1852,7.524021415206125,0,1,0,0,0,0,0,0,0,1,0,0,0,-14.50063520900000
68.00,2722,7.909122183211411,0,0,0,0,0,0,1,0,0,0,0,0,0,-33.42035162830000
68.00,2722,7.909122183211411,0,1,0,0,0,0,1,0,0,0,0,0,0,-33.42035162830000
30.00,13033,9.47523988153072,0,0,0,0,0,0,0,0,0,0,0,0,1,-11.63509903610000
167.00,947,6.853299093186078,0,0,0,0,0,0,0,0,0,0,0,0,1,-11.63509903610000
25.00,3759,8.231908243564177,0,0,0,0,0,0,0,0,0,0,0,0,1,-11.63509903610000
139.00,879,6.778784897685177,1,0,0,0,0,0,0,0,0,0,0,0,1,-11.63509903610000
55.76,807,6.693323668269949,0,0,0,0,0,0,1,0,0,0,0,0,0,-45.40468833520000
69.00,1000,6.907755278982137,0,0,0,0,0,0,0,0,0,0,0,0,1,-18.87237241460000
90.00,1595,7.374629015218945,1,0,0,0,0,0,0,0,0,0,0,0,1,-18.87237241460000
99.00,486,6.186208623900494,1,0,0,0,0,0,0,0,0,0,0,0,1,-18.87237241460000
109.15,481,6.175867270105761,0,1,0,0,0,0,0,0,0,0,0,0,1,-18.87237241460000
65.00,3500,8.160518247477505,1,0,0,0,0,0,0,0,0,0,0,0,1,-18.87237241460000
65.00,3500,8.160518247477505,1,0,0,0,0,0,0,0,0,0,0,0,1,-18.87237241460000
38.00,1415,7.254884810077338,0,1,0,0,0,0,0,0,1,0,0,0,0,-62.79372590990000
38.00,1415,7.254884810077338,0,1,0,0,0,0,0,0,1,0,0,0,0,-62.79372590990000
96.00,750,6.620073206530356,0,1,0,0,0,0,0,0,1,0,0,0,0,37.14673230220000
118.00,1122,7.022868086082641,0,0,0,0,0,0,0,0,1,0,0,0,0,37.14673230220000
228.29,898,6.8001700683022,0,1,0,0,0,0,0,0,1,0,0,0,0,37.14673230220000
118.00,933,6.838405200847344,1,0,0,0,0,0,0,0,1,0,0,0,0,37.14673230220000
82.38,1657,7.4127640174265625,0,0,0,0,0,0,0,0,0,0,1,0,0,-19.34071422260000
98.28,641,6.46302945692067,0,1,0,1,0,0,0,0,0,0,0,0,0,-18.93508163130000
53.27,1500,7.313220387090301,0,1,0,1,0,0,0,0,0,0,0,0,0,-18.93508163130000
100.00,804,6.6895992691789665,0,0,0,1,0,0,0,0,0,0,0,0,0,-18.93508163130000
61.93,1437,7.270312886079025,0,0,0,1,0,0,0,0,0,0,0,0,0,-18.93508163130000
91.16,1097,7.00033446027523,0,1,0,1,0,0,0,0,0,0,0,0,0,-18.93508163130000
81.48,1226,7.111512116496157,0,1,0,1,0,0,0,0,0,0,0,0,0,-18.93508163130000
93.44,642,6.464588303689961,0,1,0,1,0,0,0,0,0,0,0,0,0,-18.93508163130000
87.72,969,6.876264611890766,1,0,0,0,0,0,0,0,0,0,0,0,1,-14.11225360050000
64.00,2091,7.645397699428633,1,0,0,0,0,0,1,0,0,0,0,0,0,-27.10507615770000
79.35,1046,6.952728644624869,0,0,0,0,0,0,1,0,0,0,0,0,0,-27.10507615770000
80.00,600,6.396929655216146,1,0,0,0,0,0,1,0,0,0,0,0,0,-27.10507615770000
43.29,2518,7.831220214604293,0,0,0,0,0,1,0,0,0,0,0,0,0,-61.53556637820000
39.11,895,6.796823718274855,0,0,0,0,0,1,0,0,0,0,0,0,0,-61.53556637820000
26.81,1119,7.020190708311925,0,0,0,0,0,1,0,0,0,0,0,0,0,-61.53556637820000
47.93,1039,6.946013991099227,0,0,0,0,0,1,0,0,0,0,0,0,0,-61.53556637820000
15.42,5514,8.615045591583742,0,0,0,0,0,0,0,0,0,0,0,1,0,-84.90208561920000
50.44,1368,7.221105098182496,0,0,0,0,0,0,0,0,0,1,0,0,0,-36.03947750170000
80.21,667,6.502790045915623,1,0,0,0,0,0,0,0,0,1,0,0,0,-36.03947750170000
60.00,800,6.684611727667927,0,0,0,0,0,0,0,0,0,1,0,0,0,-51.04437619730000
40.00,846,6.740519359606223,0,0,0,0,0,0,0,0,0,1,0,0,0,-51.04437619730000
110.00,1011,6.918695219020472,1,0,0,0,0,1,0,0,0,0,0,0,0,7.70237236600000
79.67,1500,7.313220387090301,0,1,0,0,0,0,1,0,0,0,0,0,0,-21.99410903270000
64.77,1930,7.5652752818989315,0,1,0,0,0,0,0,0,1,0,0,0,0,-28.10132310210000
67.18,655,6.484635235635252,1,0,0,0,0,0,0,0,1,0,0,0,0,-28.10132310210000
86.76,2017,7.6093665379542115,0,1,0,0,0,0,0,0,1,0,0,0,0,-28.10132310210000
75.02,1173,7.067319848653476,1,0,0,0,0,0,0,0,1,0,0,0,0,-28.10132310210000
37.25,1208,7.0967213784947605,1,0,0,0,0,0,0,0,0,1,0,0,0,-54.83843704200000
55.00,1156,7.052721049232323,0,1,0,0,0,0,0,0,0,1,0,0,0,-54.83843704200000
187.06,1283,7.1569563646156364,0,0,0,0,0,0,0,0,0,0,0,0,1,93.83979244700000
164.84,1729,7.455298485683291,0,0,0,0,0,0,0,0,0,0,0,0,1,93.83979244700000
220.00,1283,7.1569563646156364,0,1,0,0,0,0,0,0,0,0,0,0,1,93.83979244700000
220.00,1729,7.455298485683291,1,0,0,0,0,0,0,0,0,0,0,0,1,93.83979244700000
50.99,1565,7.355641102974253,0,1,0,0,0,0,1,0,0,0,0,0,0,-50.07505484600000
83.00,1586,7.368970402194793,0,0,0,1,0,0,0,0,0,0,0,0,0,-18.73366448740000
15.81,5691,8.646641258603124,0,0,0,0,0,0,0,1,0,0,0,0,0,-84.52023175360000
11.00,20000,9.903487552536127,1,0,0,0,0,0,0,0,0,0,0,1,0,-89.22976276340000
154.75,937,6.842683282238422,0,0,0,0,0,0,0,0,0,1,0,0,0,51.51765566950000
28.00,5668,8.64259160081057,0,0,0,0,0,0,0,0,0,0,0,0,1,-72.58485067050000
140.24,579,6.361302477572996,0,1,0,1,0,0,0,0,0,0,0,0,0,46.15701486310000
158.31,758,6.630683385642372,1,0,0,1,0,0,0,0,0,0,0,0,0,46.15701486310000
90.00,606,6.406879986069314,1,0,0,0,0,0,0,0,0,0,0,0,1,6.78200663850000
128.12,754,6.625392368007956,0,0,0,0,0,0,0,0,0,0,0,0,1,6.78200663850000
80.00,1000,6.907755278982137,1,0,0,0,0,0,1,0,0,0,0,0,0,-21.67100191560000
42.80,1355,7.2115567333138015,0,0,0,0,0,0,0,0,1,0,0,0,0,-58.09398602490000
