price_m2,area,house_area,land_area,unrenovated,partially_renovated,fully_renovated,new_construction,in_development,age,flat,sloped,BY,ZA,KM,CA,MT,TR,DK,NO,TS,RK,LM,area_price_index
1625.00,240,240,708,1,0,0,0,0,65,1,0,0,1,0,0,0,0,0,0,0,0,0,61.53654993815455
2843.75,160,160,544,1,0,0,0,0,41,1,0,0,1,0,0,0,0,0,0,0,0,0,61.53654993815455
1531.25,320,320,634,0,1,0,0,0,55,0,1,0,1,0,0,0,0,0,0,0,0,0,61.53654993815455
1848.15,270,270,753,0,1,0,0,0,65,1,0,0,1,0,0,0,0,0,0,0,0,0,61.53654993815455
1521.74,115,115,433,0,1,0,0,0,84,1,0,0,0,0,0,0,0,0,0,0,0,1,1.92597764472105
1344.79,290,290,0,0,0,1,0,0,55,1,0,0,0,0,0,0,0,0,0,0,0,1,1.92597764472105
2616.28,86,86,986,0,0,0,1,0,15,0,1,0,0,0,0,1,0,0,0,0,0,0,9.67590974780000
1224.49,196,196,0,0,0,1,0,0,0,0,1,0,0,0,0,1,0,0,0,0,0,0,9.67590974780000
1500.00,180,180,1300,0,1,0,0,0,69,1,0,0,0,0,0,1,0,0,0,0,0,0,9.67590974780000
1151.07,140,140,436,1,0,0,0,0,89,1,0,0,0,0,0,1,0,0,0,0,0,0,9.67590974780000
4189.47,95,95,0,0,0,1,0,0,30,1,0,0,0,0,0,1,0,0,0,0,0,0,9.67590974780000
434.33,967,967,0,0,0,0,1,0,0,1,0,0,0,0,0,1,0,0,0,0,0,0,-25.27163798057500
1538.46,130,130,471,0,0,0,1,0,0,0,1,0,0,0,0,1,0,0,0,0,0,0,-25.27163798057500
1035.71,280,280,800,0,1,0,0,0,33,1,0,0,0,0,0,1,0,0,0,0,0,0,-25.27163798057500
241.48,1056,1056,0,1,0,0,0,0,73,1,0,0,0,0,1,0,0,0,0,0,0,0,-15.45623996511111
1357.58,165,165,1000,1,0,0,0,0,58,0,0,0,0,0,1,0,0,0,0,0,0,0,-15.45623996511111
1740.48,210,210,1060,0,1,0,0,0,51,0,0,0,0,0,1,0,0,0,0,0,0,0,-15.45623996511111
1551.09,274,274,137,0,0,1,0,0,26,0,0,0,1,0,0,0,0,0,0,0,0,0,25.23570385611667
2233.33,150,150,219,1,0,0,0,0,56,0,0,0,1,0,0,0,0,0,0,0,0,0,25.23570385611667
3453.61,97,97,0,1,0,0,0,0,45,0,0,0,1,0,0,0,0,0,0,0,0,0,25.23570385611667
2360.00,250,250,444,1,0,0,0,0,55,1,0,0,1,0,0,0,0,0,0,0,0,0,25.23570385611667
2500.00,300,300,1200,0,0,1,0,0,95,1,0,0,1,0,0,0,0,0,0,0,0,0,25.23570385611667
1351.35,111,111,258,0,1,0,0,0,59,1,0,0,1,0,0,0,0,0,0,0,0,0,25.23570385611667
4062.50,160,160,600,1,0,0,0,0,45,1,0,0,1,0,0,0,0,0,0,0,0,0,25.23570385611667
1075.00,160,160,933,0,1,0,0,0,10,0,0,1,0,0,0,0,0,0,0,0,0,0,-9.94985255415556
2281.65,109,109,496,0,0,0,1,0,0,0,0,1,0,0,0,0,0,0,0,0,0,0,-9.94985255415556
562.47,320,320,5897,0,1,0,0,0,80,0,1,1,0,0,0,0,0,0,0,0,0,0,-9.94985255415556
833.33,150,150,1156,1,0,0,0,0,55,0,1,1,0,0,0,0,0,0,0,0,0,0,-9.94985255415556
1075.00,160,160,933,1,0,0,0,0,75,0,0,1,0,0,0,0,0,0,0,0,0,0,-9.94985255415556
2499.88,80,80,435,0,0,0,1,0,1,0,0,1,0,0,0,0,0,0,0,0,0,0,-9.94985255415556
2640.00,100,100,631,0,0,1,0,0,46,1,0,0,0,0,0,1,0,0,0,0,0,0,19.38109699375500
1583.33,120,120,1621,1,0,0,0,0,57,1,0,0,0,0,0,1,0,0,0,0,0,0,19.38109699375500
1035.71,280,280,800,0,1,0,0,0,33,1,0,0,0,0,0,1,0,0,0,0,0,0,19.38109699375500
2917.53,97,97,490,0,0,1,0,0,0,1,0,0,0,0,0,1,0,0,0,0,0,0,19.38109699375500
2926.58,97,97,490,0,0,1,0,0,60,0,1,0,0,0,0,1,0,0,0,0,0,0,19.38109699375500
581.63,490,490,0,0,0,1,0,0,0,0,1,0,0,0,0,1,0,0,0,0,0,0,19.38109699375500
1931.82,132,132,550,0,0,0,1,0,1,1,0,0,0,0,0,1,0,0,0,0,0,0,19.38109699375500
1173.68,190,190,845,0,0,0,0,1,3,0,1,0,0,0,0,0,0,0,0,0,1,0,-12.14065324191818
2606.21,97,97,973,0,0,1,0,0,16,0,0,0,0,0,1,0,0,0,0,0,0,0,-43.27340235055714
340.38,260,260,817,1,0,0,0,0,85,1,0,0,0,0,1,0,0,0,0,0,0,0,-43.27340235055714
630.00,200,200,1050,0,1,0,0,0,60,1,0,0,0,0,1,0,0,0,0,0,0,0,-43.27340235055714
1409.09,110,110,329,0,0,0,1,0,15,1,0,0,0,0,1,0,0,0,0,0,0,0,-43.27340235055714
1666.67,156,156,632,0,0,0,1,0,0,0,0,0,0,0,1,0,0,0,0,0,0,0,-43.27340235055714
950.00,300,300,994,0,0,1,0,0,7,1,0,0,0,0,1,0,0,0,0,0,0,0,-43.27340235055714
353.85,307,307,1500,0,1,0,0,0,29,1,0,0,0,0,1,0,0,0,0,0,0,0,-43.27340235055714
1020.00,250,250,1812,1,0,0,0,0,91,1,0,0,0,0,0,1,0,0,0,0,0,0,55.81583932468824
1065.00,200,200,405,0,1,0,0,0,125,0,0,0,0,0,0,1,0,0,0,0,0,0,55.81583932468824
846.33,300,300,2425,0,1,0,0,0,70,1,0,0,0,0,0,1,0,0,0,0,0,0,55.81583932468824
158.58,1608,1608,0,0,1,0,0,0,0,1,0,0,0,0,0,1,0,0,0,0,0,0,55.81583932468824
956.00,250,250,325,0,1,0,0,0,48,0,0,0,0,0,0,1,0,0,0,0,0,0,55.81583932468824
1020.00,250,250,1800,1,0,0,0,0,120,1,0,0,0,0,0,1,0,0,0,0,0,0,55.81583932468824
1572.58,248,248,1042,0,1,0,0,0,25,0,0,0,0,0,0,1,0,0,0,0,0,0,55.81583932468824
1439.96,250,250,648,0,0,0,1,0,3,0,0,0,0,0,0,1,0,0,0,0,0,0,55.81583932468824
1961.54,130,130,1812,1,0,0,0,0,120,0,0,0,0,0,0,1,0,0,0,0,0,0,55.81583932468824
181.82,1375,1375,1375,0,1,0,0,0,0,0,1,0,0,0,0,0,0,0,0,0,1,0,-7.51349586389167
3913.58,81,81,948,0,0,0,1,0,0,1,0,1,0,0,0,0,0,0,0,0,0,0,8.56440930826000
1145.83,240,240,596,0,1,0,0,0,34,1,0,1,0,0,0,0,0,0,0,0,0,0,8.56440930826000
1458.33,240,240,1707,0,0,1,0,0,16,1,0,0,0,0,1,0,0,0,0,0,0,0,19.26102547363333
1458.33,240,240,1707,1,0,0,0,0,16,1,0,0,0,0,1,0,0,0,0,0,0,0,19.26102547363333
1822.15,135,135,780,0,1,0,0,0,47,0,0,0,0,0,0,0,0,0,0,0,0,1,36.87411693513750
2616.28,86,86,986,0,0,0,1,0,15,0,1,0,0,0,0,0,1,0,0,0,0,0,-16.60077456878182
990.00,200,200,706,0,1,0,0,0,115,1,0,0,0,0,0,0,1,0,0,0,0,0,-16.60077456878182
104.17,1200,1200,0,1,0,0,0,0,0,1,0,0,0,0,0,0,1,0,0,0,0,0,-16.60077456878182
1062.22,225,225,583,1,0,0,0,0,49,1,0,0,0,0,0,0,1,0,0,0,0,0,-16.60077456878182
3180.56,72,72,0,0,0,0,1,0,0,0,1,0,0,0,0,0,0,0,0,0,0,1,-18.54957232614000
587.06,85,85,3271,1,0,0,0,0,75,1,0,0,0,0,0,0,0,0,0,0,0,1,-18.54957232614000
768.46,130,130,956,0,1,0,0,0,50,0,0,0,0,0,1,0,0,0,0,0,0,0,-22.05749759994000
407.41,270,270,877,1,0,0,0,0,55,0,0,0,0,0,1,0,0,0,0,0,0,0,-22.05749759994000
1369.10,233,233,1483,0,1,0,0,0,55,1,0,0,0,0,1,0,0,0,0,0,0,0,-22.05749759994000
1369.10,233,233,1483,0,1,0,0,0,65,1,0,0,0,0,1,0,0,0,0,0,0,0,-22.05749759994000
260.00,300,300,383,1,0,0,0,0,125,0,0,0,0,0,0,0,0,0,0,0,0,1,-20.16382432333333
320.54,808,808,808,1,0,0,0,0,60,0,0,0,0,0,0,1,0,0,0,0,0,0,-5.00191563665556
2250.00,120,120,737,1,0,0,0,0,55,1,0,0,0,0,0,1,0,0,0,0,0,0,-5.00191563665556
1317.57,148,148,395,0,1,0,0,0,65,1,0,0,1,0,0,0,0,0,0,0,0,0,5.07869344151667
2453.85,130,130,250,0,0,0,1,0,0,0,0,0,1,0,0,0,0,0,0,0,0,0,5.07869344151667
2576.92,130,130,250,0,0,0,1,0,0,0,0,0,1,0,0,0,0,0,0,0,0,0,5.07869344151667
1642.86,210,210,444,0,0,1,0,0,45,0,0,0,1,0,0,0,0,0,0,0,0,0,5.07869344151667
2230.69,130,130,365,0,0,0,1,0,9,0,0,0,1,0,0,0,0,0,0,0,0,0,5.07869344151667
184.86,865,865,0,1,0,0,0,0,0,0,1,0,1,0,0,0,0,0,0,0,0,0,5.07869344151667
1445.95,148,148,1100,1,0,0,0,0,62,0,1,0,1,0,0,0,0,0,0,0,0,0,5.07869344151667
1034.14,290,290,0,0,1,0,0,0,65,1,0,0,0,0,0,0,0,0,0,0,1,0,16.39579969891111
194.50,400,400,400,0,1,0,0,0,4,0,0,0,0,0,0,0,0,0,1,0,0,0,-47.19670082116667
1833.33,90,90,392,0,0,0,1,0,125,0,0,0,0,0,0,0,0,0,1,0,0,0,-47.19670082116667
1191.18,340,340,780,0,0,1,0,0,55,0,0,0,0,0,0,1,0,0,0,0,0,0,-5.65874862225000
1954.25,153,153,671,0,0,0,1,0,0,0,1,0,1,0,0,0,0,0,0,0,0,0,9.02103437447500
2860.15,125,125,426,0,0,0,1,0,0,0,0,0,1,0,0,0,0,0,0,0,0,0,9.02103437447500
2617.11,125,125,286,0,0,0,1,0,0,0,0,0,1,0,0,0,0,0,0,0,0,0,9.02103437447500
1443.30,97,97,574,0,0,0,1,0,0,0,1,0,1,0,0,0,0,0,0,0,0,0,9.02103437447500
1546.96,91,91,577,0,0,0,1,0,0,0,0,0,1,0,0,0,0,0,0,0,0,0,9.02103437447500
1870.31,186,186,288,0,0,0,1,0,0,1,0,0,1,0,0,0,0,0,0,0,0,0,9.02103437447500
1870.31,186,186,288,0,0,0,1,0,1,1,0,0,1,0,0,0,0,0,0,0,0,0,9.02103437447500
1443.30,97,97,574,0,0,0,1,0,0,0,1,0,1,0,0,0,0,0,0,0,0,0,9.02103437447500
2699.52,125,125,288,0,0,0,1,0,0,0,0,0,1,0,0,0,0,0,0,0,0,0,9.02103437447500
1040.70,172,172,732,0,1,0,0,0,45,0,1,0,1,0,0,0,0,0,0,0,0,0,9.02103437447500
2698.36,125,125,287,0,0,0,1,0,0,0,0,0,1,0,0,0,0,0,0,0,0,0,9.02103437447500
3651.79,112,112,508,0,0,0,1,0,0,0,0,0,1,0,0,0,0,0,0,0,0,0,9.02103437447500
680.58,551,551,551,0,0,0,1,0,8,0,0,0,0,0,0,1,0,0,0,0,0,0,-12.61345316354545
888.89,360,360,874,0,0,0,1,0,10,1,0,0,0,0,0,0,0,0,0,1,0,0,-23.38626729680000
945.83,240,240,1034,0,1,0,0,0,55,1,0,0,0,0,0,0,0,0,0,1,0,0,-23.38626729680000
1649.50,200,200,1039,0,0,0,1,0,7,0,0,0,0,0,0,1,0,0,0,0,0,0,-7.70857583786250
1649.50,200,200,1039,0,0,0,1,0,7,0,0,0,0,0,0,1,0,0,0,0,0,0,-7.70857583786250
1922.07,153,153,491,0,0,1,0,0,12,0,1,0,0,0,1,0,0,0,0,0,0,0,-22.04248484540000
681.82,110,110,952,1,0,0,0,0,65,0,0,0,0,0,1,0,0,0,0,0,0,0,-22.04248484540000
1165.50,429,429,869,0,0,0,1,0,15,0,1,0,0,0,1,0,0,0,0,0,0,0,-22.04248484540000
1538.08,260,260,431,0,0,1,0,0,45,0,0,0,0,0,1,0,0,0,0,0,0,0,-22.04248484540000
1449.44,89,89,510,0,0,0,0,1,0,1,0,0,0,0,1,0,0,0,0,0,0,0,-22.04248484540000
835.00,200,200,522,0,1,0,0,0,65,0,0,0,0,0,1,0,0,0,0,0,0,0,-22.04248484540000
1895.42,153,153,491,0,0,1,0,0,12,0,1,0,0,0,1,0,0,0,0,0,0,0,-22.04248484540000
1043.18,220,220,292,1,0,0,0,0,50,0,0,0,1,0,0,0,0,0,0,0,0,0,15.24054310781111
1388.89,180,180,521,1,0,0,0,0,80,0,0,0,1,0,0,0,0,0,0,0,0,0,15.24054310781111
1380.28,355,355,963,0,1,0,0,0,27,0,0,0,1,0,0,0,0,0,0,0,0,0,15.24054310781111
3500.00,90,90,898,1,0,0,0,0,50,0,0,0,0,0,0,0,0,0,0,0,0,1,84.22820104889091
1264.71,170,170,874,0,0,0,0,1,65,0,1,0,0,0,0,0,0,0,0,0,1,0,-17.01205561955556
3333.33,42,42,400,0,0,0,1,0,1,0,1,0,0,0,0,0,0,0,0,0,1,0,-17.01205561955556
416.67,624,624,0,1,0,0,0,0,0,1,0,0,0,0,0,0,0,0,0,0,1,0,-17.01205561955556
1582.22,180,180,519,0,0,0,1,0,1,0,0,0,0,0,0,0,0,0,0,0,1,0,-17.01205561955556
214.40,653,653,653,0,0,1,0,0,55,0,0,0,0,0,0,0,0,0,0,0,1,0,-42.53144802697500
1190.48,84,84,753,0,1,0,0,0,57,0,1,0,0,0,0,0,0,0,0,0,1,0,-42.53144802697500
999.50,200,200,1318,1,0,0,0,0,65,0,0,0,0,0,0,0,0,0,0,0,1,0,-42.53144802697500
2956.99,93,93,392,0,0,0,1,0,0,1,0,0,0,0,0,1,0,0,0,0,0,0,-19.13181231142143
340.78,792,792,792,0,1,0,0,0,60,1,0,0,0,0,0,1,0,0,0,0,0,0,-19.13181231142143
340.78,792,792,792,0,1,0,0,0,60,1,0,0,0,0,0,1,0,0,0,0,0,0,-19.13181231142143
650.60,415,415,2177,0,0,1,0,0,88,1,0,0,0,0,0,1,0,0,0,0,0,0,-19.13181231142143
650.60,415,415,2177,0,0,1,0,0,88,1,0,0,0,0,0,1,0,0,0,0,0,0,-19.13181231142143
888.89,90,90,642,1,0,0,0,0,0,1,0,0,0,0,0,1,0,0,0,0,0,0,-19.13181231142143
1499.44,180,180,792,0,0,0,1,0,5,1,0,0,0,0,0,1,0,0,0,0,0,0,-19.13181231142143
1020.83,240,240,816,0,1,0,0,0,50,1,0,0,0,0,0,1,0,0,0,0,0,0,-19.13181231142143
581.68,464,464,2177,0,1,0,0,0,88,1,0,0,0,0,0,1,0,0,0,0,0,0,-19.13181231142143
330.07,409,409,374,1,0,0,0,0,100,0,0,0,0,0,0,0,0,0,0,0,1,0,-14.77842693387143
492.31,130,130,0,0,0,0,1,0,0,0,0,0,0,0,0,0,0,0,0,0,1,0,-14.77842693387143
2369.57,460,460,1014,0,0,1,0,0,0,0,0,0,0,0,0,0,0,0,0,0,1,0,-14.77842693387143
3000.00,250,250,980,0,0,0,1,0,0,0,0,0,0,0,0,0,0,0,0,0,1,0,-14.77842693387143
1291.67,120,120,0,0,1,0,0,0,95,1,0,0,0,0,0,0,0,0,0,0,1,0,-14.77842693387143
587.50,400,400,519,0,1,0,0,0,125,0,1,0,0,0,0,0,0,0,0,0,1,0,-14.77842693387143
1607.14,140,140,620,0,0,0,1,0,1,1,0,0,0,0,0,0,0,0,0,0,1,0,-14.77842693387143
1400.00,200,200,1371,1,0,0,0,0,125,1,0,0,0,0,0,0,0,0,0,0,1,0,-14.77842693387143
1290.00,100,100,800,1,0,0,0,0,125,0,0,0,0,0,0,1,0,0,0,0,0,0,-32.67598336871000
620.00,500,500,0,0,0,0,1,0,0,1,0,0,0,0,0,1,0,0,0,0,0,0,-32.67598336871000
1.56,212000,212000,424,0,0,1,0,0,55,1,0,0,0,0,0,1,0,0,0,0,0,0,-32.67598336871000
1035.98,164,164,410,0,0,0,0,1,3,0,0,0,0,0,1,0,0,0,0,0,0,0,-22.98083208213333
466.67,150,150,713,1,0,0,0,0,55,1,0,0,0,0,1,0,0,0,0,0,0,0,-22.98083208213333
2615.38,130,130,475,0,0,1,0,0,35,1,0,0,0,0,1,0,0,0,0,0,0,0,-22.98083208213333
925.00,80,80,363,1,0,0,0,0,83,0,1,0,0,0,0,0,0,0,0,0,0,1,36.03249652925000
700.00,150,150,570,1,0,0,0,0,62,0,0,0,0,0,0,0,0,0,0,0,0,1,36.03249652925000
1322.58,279,279,279,0,0,0,1,0,0,0,0,0,0,0,0,1,0,0,0,0,0,0,6.76942205142500
3300.00,150,150,720,0,0,0,1,0,1,1,0,0,0,0,0,1,0,0,0,0,0,0,6.76942205142500
3024.59,122,122,279,0,0,0,1,0,1,1,0,0,0,0,0,1,0,0,0,0,0,0,6.76942205142500
3561.15,139,139,712,0,0,0,1,0,2,0,0,0,0,0,0,1,0,0,0,0,0,0,6.76942205142500
1752.94,170,170,236,0,0,0,1,0,15,1,0,0,0,0,0,0,0,1,0,0,0,0,-1.33200384183000
470.20,755,755,0,0,1,0,0,0,45,0,0,0,0,0,0,0,0,1,0,0,0,0,-13.11993947872000
639.67,547,547,0,0,0,1,0,0,0,1,0,0,0,0,0,0,0,1,0,0,0,0,-13.11993947872000
1827.59,145,145,590,0,0,0,1,0,0,1,0,0,0,0,0,1,0,0,0,0,0,0,-8.30285941623333
1908.40,131,131,560,0,0,0,1,0,0,1,0,0,0,0,0,1,0,0,0,0,0,0,-8.30285941623333
712.50,200,200,600,1,0,0,0,0,65,1,0,0,0,0,0,1,0,0,0,0,0,0,-8.30285941623333
2651.52,132,132,500,0,0,0,1,0,0,0,1,0,0,0,0,1,0,0,0,0,0,0,-8.30285941623333
2657.96,132,132,500,0,0,0,1,0,0,0,0,0,0,0,0,1,0,0,0,0,0,0,-8.30285941623333
1908.40,131,131,560,0,0,0,1,0,1,1,0,0,0,0,0,1,0,0,0,0,0,0,-8.30285941623333
1741.67,120,120,921,0,1,0,0,0,45,1,0,0,0,0,0,1,0,0,0,0,0,0,-8.30285941623333
178.57,700,700,3425,1,0,0,0,0,125,1,0,0,0,0,0,0,0,0,0,0,0,1,1.83786455375000
735.29,340,340,0,0,1,0,0,0,12,1,0,0,0,0,0,0,0,0,0,0,0,1,1.83786455375000
3357.00,70,70,938,1,0,0,0,0,90,1,0,0,0,0,0,0,0,0,0,0,0,1,1.83786455375000
1519.95,177,177,0,0,0,0,0,1,1,0,1,0,0,0,0,0,0,0,0,0,0,1,1.83786455375000
2062.50,80,80,473,0,1,0,0,0,73,0,0,0,1,0,0,0,0,0,0,0,0,0,18.76265164520000
2333.33,180,180,402,1,0,0,0,0,36,1,0,0,1,0,0,0,0,0,0,0,0,0,18.76265164520000
771.08,415,415,415,0,0,0,1,0,4,0,1,0,1,0,0,0,0,0,0,0,0,0,18.76265164520000
1778.57,140,140,380,0,1,0,0,0,20,1,0,0,1,0,0,0,0,0,0,0,0,0,18.76265164520000
869.42,291,291,857,0,1,0,0,0,30,0,0,0,1,0,0,0,0,0,0,0,0,0,18.76265164520000
2350.00,100,100,957,1,0,0,0,0,60,1,0,0,1,0,0,0,0,0,0,0,0,0,18.76265164520000
2372.88,177,177,3199,0,0,0,1,0,0,0,0,0,0,0,0,0,0,0,0,0,0,1,-25.31189740815714
800.00,100,100,570,1,0,0,0,0,75,0,1,0,1,0,0,0,0,0,0,0,0,0,17.29012604892857
813.33,300,300,1764,1,0,0,0,0,56,0,1,0,1,0,0,0,0,0,0,0,0,0,17.29012604892857
800.00,100,100,570,1,0,0,0,0,75,0,1,0,1,0,0,0,0,0,0,0,0,0,17.29012604892857
1608.65,230,230,781,0,0,1,0,0,53,1,0,0,1,0,0,0,0,0,0,0,0,0,17.29012604892857
1872.00,125,125,298,0,0,1,0,0,25,1,0,0,1,0,0,0,0,0,0,0,0,0,17.29012604892857
1409.09,220,220,849,0,0,1,0,0,56,0,0,0,1,0,0,0,0,0,0,0,0,0,17.29012604892857
2010.67,178,178,389,0,0,1,0,0,5,1,0,0,1,0,0,0,0,0,0,0,0,0,17.29012604892857
2362.95,146,146,939,0,0,0,1,0,3,1,0,0,1,0,0,0,0,0,0,0,0,0,17.29012604892857
1512.00,250,250,421,0,0,1,0,0,30,0,0,0,1,0,0,0,0,0,0,0,0,0,17.29012604892857
313.97,637,637,637,0,1,0,0,0,0,0,1,0,1,0,0,0,0,0,0,0,0,0,17.29012604892857
900.00,200,200,0,0,1,0,0,0,64,1,0,0,1,0,0,0,0,0,0,0,0,0,-11.28676590668000
1000.00,190,190,594,0,1,0,0,0,44,0,1,0,1,0,0,0,0,0,0,0,0,0,-11.28676590668000
574.07,270,270,372,1,0,0,0,0,56,0,0,0,1,0,0,0,0,0,0,0,0,0,-11.28676590668000
2142.86,140,140,781,1,0,0,0,0,17,1,0,0,1,0,0,0,0,0,0,0,0,0,-11.28676590668000
1811.11,90,90,0,0,0,1,0,0,125,1,0,0,0,0,0,1,0,0,0,0,0,0,-20.12051567335000
754.46,224,224,1032,0,1,0,0,0,57,1,0,0,0,0,1,0,0,0,0,0,0,0,-13.67068092542500
960.40,101,101,263,0,1,0,0,0,57,0,0,0,0,0,1,0,0,0,0,0,0,0,-13.67068092542500
1098.84,172,172,1337,0,1,0,0,0,68,0,0,0,0,0,1,0,0,0,0,0,0,0,-13.67068092542500
645.00,200,200,353,1,0,0,0,0,35,1,0,0,0,0,1,0,0,0,0,0,0,0,-13.67068092542500
1983.87,186,186,690,0,0,0,1,0,15,1,0,0,0,0,1,0,0,0,0,0,0,0,-13.67068092542500
1395.00,200,200,790,0,0,0,1,0,12,1,0,0,0,0,1,0,0,0,0,0,0,0,-13.67068092542500
3688.00,113,113,0,0,0,0,1,0,5,0,0,0,0,0,0,0,0,0,0,0,0,1,19.18808670130000
2516.16,168,168,0,0,0,0,0,1,2,0,0,0,0,0,0,0,0,0,0,0,0,1,-4.47544627620000
2529.68,168,168,0,0,0,0,1,0,2,0,0,0,0,0,0,0,0,0,0,0,0,1,-4.47544627620000
4499.98,40,40,1917,0,0,0,1,0,6,1,0,0,0,0,0,1,0,0,0,0,0,0,-0.89918346646000
860.00,250,250,600,1,0,0,0,0,55,1,0,0,0,0,0,1,0,0,0,0,0,0,-0.89918346646000
475.48,734,734,0,0,1,0,0,0,0,0,1,0,0,0,0,1,0,0,0,0,0,0,-0.89918346646000
997.50,400,400,723,0,0,1,0,0,35,1,0,0,0,0,0,1,0,0,0,0,0,0,-0.89918346646000
351.62,711,711,0,1,0,0,0,0,0,0,1,0,0,0,0,1,0,0,0,0,0,0,-0.89918346646000
937.08,240,240,805,1,0,0,0,0,1,0,0,0,0,0,0,1,0,0,0,0,0,0,-0.89918346646000
706.90,348,348,772,1,0,0,0,0,49,1,0,0,0,0,0,1,0,0,0,0,0,0,-0.89918346646000
1396.00,250,250,734,0,1,0,0,0,0,0,0,0,0,0,0,1,0,0,0,0,0,0,-0.89918346646000
374.15,882,882,0,1,0,0,0,0,0,1,0,0,0,0,0,1,0,0,0,0,0,0,-0.89918346646000
718.10,348,348,772,0,1,0,0,0,56,0,0,0,0,0,0,1,0,0,0,0,0,0,-0.89918346646000
729.17,240,240,4377,0,0,1,0,0,85,0,1,0,0,0,0,1,0,0,0,0,0,0,-0.89918346646000
1246.43,280,280,724,0,0,1,0,0,53,1,0,0,0,0,0,1,0,0,0,0,0,0,-0.89918346646000
529.41,680,680,0,0,0,0,1,0,0,0,1,0,0,0,0,1,0,0,0,0,0,0,-0.89918346646000
1095.00,200,200,805,0,0,0,1,0,1,0,0,0,0,0,0,1,0,0,0,0,0,0,-16.00821041223750
1095.00,200,200,805,0,0,0,1,0,1,1,0,0,0,0,0,1,0,0,0,0,0,0,-16.00821041223750
2636.36,110,110,530,0,0,0,1,0,11,1,0,0,0,0,0,1,0,0,0,0,0,0,-16.00821041223750
1095.00,200,200,805,0,0,0,1,0,1,0,0,0,0,0,0,1,0,0,0,0,0,0,-16.00821041223750
1857.14,161,161,1000,0,0,1,0,0,10,1,0,0,0,0,0,1,0,0,0,0,0,0,-16.00821041223750
0.01,186,186,1285,1,0,0,0,0,26,1,0,0,0,0,0,1,0,0,0,0,0,0,-16.00821041223750
1625.00,160,160,565,0,0,0,1,0,1,1,0,0,0,0,0,1,0,0,0,0,0,0,-16.00821041223750
1123.08,195,195,580,0,1,0,0,0,49,0,0,0,0,0,0,1,0,0,0,0,0,0,-16.00821041223750
1857.14,140,140,560,0,0,0,1,0,0,1,0,0,0,0,0,1,0,0,0,0,0,0,-16.00821041223750
1095.00,200,200,805,0,0,0,1,0,1,0,0,0,0,0,0,1,0,0,0,0,0,0,-16.00821041223750
658.73,378,378,0,0,0,1,0,0,0,0,1,0,0,0,0,1,0,0,0,0,0,0,-16.00821041223750
1350.00,100,100,309,0,0,1,0,0,30,0,0,0,0,0,0,0,0,0,0,0,0,1,-31.70356183402500
412.14,313,313,783,1,0,0,0,0,60,1,0,0,0,0,0,0,0,0,0,0,0,1,-31.70356183402500
855.56,90,90,185,0,1,0,0,0,55,1,0,0,0,0,0,0,0,0,0,0,0,1,-31.70356183402500
264.01,339,339,0,0,1,0,0,0,45,0,0,0,0,0,0,0,0,0,0,0,0,1,-31.70356183402500
835.00,200,200,916,1,0,0,0,0,70,0,0,0,0,0,0,0,0,0,0,0,1,0,-2.85419003136667
3322.92,96,96,66,0,0,0,1,0,13,1,0,0,0,0,0,0,0,0,0,0,1,0,-2.85419003136667
1599.92,125,125,660,0,1,0,0,0,45,1,0,0,0,0,0,0,0,0,0,0,1,0,15.83447532986667
1222.22,90,90,986,1,0,0,0,0,121,0,0,0,0,0,0,0,0,0,0,0,1,0,15.83447532986667
444.44,360,360,360,1,0,0,0,0,0,1,0,0,0,0,0,0,0,0,0,0,1,0,-38.27579123400000
1562.09,153,153,912,0,1,0,0,0,60,0,0,0,1,0,0,0,0,0,0,0,0,0,8.95069783160000
2471.43,70,70,822,1,0,0,0,0,56,0,0,0,1,0,0,0,0,0,0,0,0,0,60.47051115403333
1760.92,210,210,1082,0,0,0,1,0,1,0,1,0,0,1,0,0,0,0,0,0,0,0,-5.28494706760000
1548.81,192,192,1082,0,0,0,1,0,2,0,0,0,0,1,0,0,0,0,0,0,0,0,-5.28494706760000
1204.17,240,240,240,0,1,0,0,0,0,0,1,0,0,1,0,0,0,0,0,0,0,0,-5.28494706760000
2050.00,180,180,1082,0,0,0,1,0,2,0,0,0,0,1,0,0,0,0,0,0,0,0,-5.28494706760000
1596.70,250,250,260,0,0,1,0,0,75,0,0,0,1,0,0,0,0,0,0,0,0,0,74.15410284980000
1596.00,250,250,260,0,0,1,0,0,65,1,0,0,1,0,0,0,0,0,0,0,0,0,74.15410284980000
2750.00,120,120,317,1,0,0,0,0,76,1,0,0,1,0,0,0,0,0,0,0,0,0,74.15410284980000
1545.88,194,194,414,0,0,0,0,1,0,1,0,0,0,0,0,0,0,0,0,0,0,1,-7.59337989058333
1826.09,115,115,764,0,0,1,0,0,55,1,0,0,0,0,0,0,0,0,0,0,0,1,-7.59337989058333
931.25,160,160,282,1,0,0,0,0,125,0,1,0,0,0,0,0,0,0,0,0,0,1,-7.59337989058333
1674.16,209,209,546,0,0,0,0,1,0,1,0,0,0,0,0,0,0,0,0,0,0,1,-7.59337989058333
604.32,278,278,1769,1,0,0,0,0,45,0,1,0,0,0,0,0,0,0,0,0,0,1,-7.59337989058333
1374.29,140,140,1620,0,1,0,0,0,60,1,0,0,0,0,0,0,0,0,0,0,0,1,-7.59337989058333
1485.71,140,140,1620,0,1,0,0,0,60,0,0,0,0,0,0,0,0,0,0,0,0,1,-7.59337989058333
1500.00,120,120,0,1,0,0,0,0,69,0,1,0,0,0,0,0,0,1,0,0,0,0,42.68783569030000
3177.86,94,94,1104,0,0,0,1,0,7,0,1,0,0,0,0,0,0,1,0,0,0,0,42.68783569030000
2625.00,80,80,373,0,0,0,1,0,0,1,0,0,0,0,0,0,0,0,0,0,0,1,-3.51732627142500
2285.71,140,140,391,0,0,0,1,0,6,1,0,0,0,0,0,0,0,0,0,0,0,1,-3.51732627142500
3134.92,126,126,380,0,0,0,1,0,3,1,0,0,0,0,0,0,0,0,0,0,0,1,-3.51732627142500
1741.07,112,112,400,0,0,0,1,0,0,1,0,0,1,0,0,0,0,0,0,0,0,0,0.39380882080000
235.00,1000,1000,1000,0,1,0,0,0,45,1,0,0,1,0,0,0,0,0,0,0,0,0,0.39380882080000
4275.51,98,98,809,0,0,0,1,0,6,1,0,0,1,0,0,0,0,0,0,0,0,0,0.39380882080000
4081.76,159,159,629,0,0,0,1,0,13,0,0,0,1,0,0,0,0,0,0,0,0,0,0.39380882080000
1840.00,250,250,750,0,0,1,0,0,85,0,0,0,1,0,0,0,0,0,0,0,0,0,0.39380882080000
2626.32,190,190,685,0,0,0,1,0,6,0,0,0,1,0,0,0,0,0,0,0,0,0,0.39380882080000
1598.21,112,112,296,1,0,0,0,0,45,0,1,0,0,0,0,0,0,0,0,0,1,0,18.96032117640000
1160.00,100,100,850,1,0,0,0,0,69,0,0,1,0,0,0,0,0,0,0,0,0,0,-9.25397060777500
1700.00,100,100,1550,1,0,0,0,0,69,0,0,1,0,0,0,0,0,0,0,0,0,0,-9.25397060777500
914.75,305,305,544,0,0,1,0,0,34,0,0,1,0,0,0,0,0,0,0,0,0,0,-9.25397060777500
1875.54,126,126,240,0,0,0,1,0,0,0,0,0,1,0,0,0,0,0,0,0,0,0,22.64074791090000
1875.54,126,126,240,0,0,0,1,0,0,0,0,0,1,0,0,0,0,0,0,0,0,0,22.64074791090000
1330.00,150,150,164,0,1,0,0,0,125,0,0,0,1,0,0,0,0,0,0,0,0,0,22.64074791090000
2228.92,166,166,642,0,0,1,0,0,15,0,1,0,1,0,0,0,0,0,0,0,0,0,22.64074791090000
1325.00,200,200,649,0,1,0,0,0,45,1,0,0,1,0,0,0,0,0,0,0,0,0,22.64074791090000
3038.46,130,130,530,0,0,0,0,1,0,1,0,0,1,0,0,0,0,0,0,0,0,0,-7.69577350210000
452.42,683,683,683,0,1,0,0,0,45,1,0,0,1,0,0,0,0,0,0,0,0,0,-7.69577350210000
2771.60,162,162,387,0,0,0,1,0,8,1,0,0,1,0,0,0,0,0,0,0,0,0,-7.69577350210000
815.42,428,428,0,0,1,0,0,0,0,0,0,0,1,0,0,0,0,0,0,0,0,0,-1.74866873768333
795.18,415,415,805,0,1,0,0,0,40,1,0,0,1,0,0,0,0,0,0,0,0,0,-1.74866873768333
2682.59,116,116,518,0,0,0,1,0,3,0,1,0,1,0,0,0,0,0,0,0,0,0,-1.74866873768333
0.01,180,180,593,0,0,0,1,0,1,0,0,0,1,0,0,0,0,0,0,0,0,0,-1.74866873768333
1249.38,160,160,3200,1,0,0,0,0,67,1,0,0,1,0,0,0,0,0,0,0,0,0,-1.74866873768333
1577.01,187,187,361,0,1,0,0,0,40,1,0,0,1,0,0,0,0,0,0,0,0,0,-1.74866873768333
2291.67,96,96,593,0,0,1,0,0,95,0,1,0,0,0,0,0,0,0,0,0,0,1,-6.89754580696000
1193.40,318,318,1037,0,0,0,1,0,7,0,0,0,0,0,0,0,0,0,0,0,0,1,-6.89754580696000
1491.67,120,120,860,0,1,0,0,0,51,1,0,0,1,0,0,0,0,0,0,0,0,0,-21.15002520460000
1226.60,203,203,722,0,0,1,0,0,55,1,0,0,0,0,0,1,0,0,0,0,0,0,-32.39290168100000
1346.15,130,130,2275,1,0,0,0,0,40,1,0,0,0,0,0,1,0,0,0,0,0,0,-32.39290168100000
1166.67,150,150,2275,1,0,0,0,0,45,1,0,0,0,0,0,1,0,0,0,0,0,0,-32.39290168100000
3628.57,35,35,0,0,0,0,1,0,6,0,0,0,0,0,0,0,0,0,0,0,0,1,5.20721470335000
3428.57,35,35,0,0,0,0,1,0,6,0,0,0,0,0,0,0,0,0,0,0,0,1,5.20721470335000
1564.89,131,131,1700,0,0,1,0,0,69,1,0,0,0,0,0,0,0,0,0,0,0,1,-37.00197149890000
592.98,285,285,1073,0,1,0,0,0,40,0,1,0,0,0,0,0,0,0,0,0,0,1,-37.00197149890000
169.23,910,910,0,0,1,0,0,0,45,0,0,0,0,0,0,0,0,0,0,0,0,1,-37.00197149890000
1625.00,160,160,456,0,1,0,0,0,61,1,0,0,1,0,0,0,0,0,0,0,0,0,51.29449149748000
2102.80,107,107,550,1,0,0,0,0,61,0,1,0,1,0,0,0,0,0,0,0,0,0,51.29449149748000
1054.29,350,350,423,0,1,0,0,0,43,0,0,0,1,0,0,0,0,0,0,0,0,0,51.29449149748000
1603.98,392,392,1018,0,0,0,1,0,18,0,1,0,1,0,0,0,0,0,0,0,0,0,51.29449149748000
1245.00,200,200,0,0,1,0,0,0,50,0,1,0,1,0,0,0,0,0,0,0,0,0,51.29449149748000
997.14,350,350,423,0,1,0,0,0,43,0,0,0,1,0,0,0,0,0,0,0,0,0,51.29449149748000
503.37,445,445,0,0,1,0,0,0,45,0,0,0,0,0,0,0,0,0,0,0,0,1,19.85951179830000
1500.00,70,70,0,1,0,0,0,0,100,0,1,0,0,0,0,0,0,0,0,0,0,1,19.85951179830000
4990.57,106,106,549,0,0,0,1,0,5,1,0,0,0,0,0,0,0,0,0,0,0,1,19.85951179830000
138.09,1738,1738,1738,1,0,0,0,0,58,0,1,0,0,0,0,0,0,0,0,0,0,1,19.85951179830000
503.37,445,445,0,0,1,0,0,0,45,0,0,0,0,0,0,0,0,0,0,0,0,1,19.85951179830000
311.00,582,582,582,0,1,0,0,0,45,1,0,0,0,0,0,0,0,0,0,0,0,1,19.85951179830000
1860.00,150,150,0,0,1,0,0,0,50,0,1,0,0,0,0,0,0,0,0,0,0,1,19.85951179830000
350.00,500,500,948,0,1,0,0,0,45,0,0,0,0,0,0,0,1,0,0,0,0,0,-54.81943533080000
928.57,70,70,0,0,1,0,0,0,36,0,1,0,0,0,1,0,0,0,0,0,0,0,-42.31759836666667
2464.29,140,140,639,0,0,0,1,0,9,0,1,0,1,0,0,0,0,0,0,0,0,0,48.64585746664000
2222.22,234,234,1034,1,0,0,0,0,0,0,0,0,1,0,0,0,0,0,0,0,0,0,48.64585746664000
332.54,836,836,0,0,1,0,0,0,45,0,0,0,1,0,0,0,0,0,0,0,0,0,48.64585746664000
2191.67,120,120,0,0,1,0,0,0,35,1,0,0,0,0,1,0,0,0,0,0,0,0,17.18494502160000
906.25,160,160,435,1,0,0,0,0,60,0,1,0,0,0,1,0,0,0,0,0,0,0,17.18494502160000
4239.13,92,92,494,0,0,0,1,0,10,1,0,0,1,0,0,0,0,0,0,0,0,0,26.82717787630000
1552.91,103,103,175,0,0,1,0,0,2,0,0,0,1,0,0,0,0,0,0,0,0,0,26.82717787630000
645.54,773,773,570,0,0,0,1,0,6,0,1,0,1,0,0,0,0,0,0,0,0,0,26.82717787630000
3250.73,123,123,520,0,0,0,1,0,0,0,0,0,1,0,0,0,0,0,0,0,0,0,26.82717787630000
1552.43,103,103,0,0,0,1,0,0,45,0,0,0,1,0,0,0,0,0,0,0,0,0,26.82717787630000
1472.18,133,133,363,0,0,0,1,0,0,1,0,0,0,0,1,0,0,0,0,0,0,0,-25.30170564657500
2332.22,90,90,307,0,0,0,0,1,0,1,0,0,0,0,1,0,0,0,0,0,0,0,-20.22996181246667
1275.00,200,200,554,0,0,0,1,0,12,0,1,0,0,0,1,0,0,0,0,0,0,0,-20.22996181246667
542.42,165,165,573,0,1,0,0,0,65,0,0,0,0,0,1,0,0,0,0,0,0,0,-20.22996181246667
933.33,300,300,1655,0,1,0,0,0,21,1,0,1,0,0,0,0,0,0,0,0,0,0,16.47563027771667
2753.85,65,65,460,1,0,0,0,0,15,1,0,1,0,0,0,0,0,0,0,0,0,0,16.47563027771667
1782.74,168,168,700,0,0,0,1,0,1,1,0,0,0,0,0,0,0,0,0,0,0,1,-18.57691708230000
3109.09,55,55,0,0,0,0,1,0,45,0,0,0,0,0,0,0,0,0,1,0,0,0,-20.20204440595000
0.00,400,400,2000,0,0,1,0,0,17,0,1,1,0,0,0,0,0,0,0,0,0,0,-51.51598187670000
883.33,180,180,230,0,1,0,0,0,55,1,0,0,1,0,0,0,0,0,0,0,0,0,12.98723825736667
2457.14,175,175,442,0,0,0,1,0,0,1,0,0,1,0,0,0,0,0,0,0,0,0,12.98723825736667
2416.67,60,60,235,0,1,0,0,0,61,1,0,0,1,0,0,0,0,0,0,0,0,0,12.98723825736667
558.82,170,170,1220,1,0,0,0,0,0,1,0,0,0,0,1,0,0,0,0,0,0,0,-42.11222215302500
600.00,200,200,2137,1,0,0,0,0,0,0,0,0,0,0,1,0,0,0,0,0,0,0,-42.11222215302500
1055.56,90,90,2569,0,1,0,0,0,53,0,0,0,0,0,1,0,0,0,0,0,0,0,-42.11222215302500
1999.00,100,100,116,0,0,0,0,1,0,1,0,1,0,0,0,0,0,0,0,0,0,0,6.87680207908000
1411.48,209,209,391,0,0,0,1,0,6,1,0,1,0,0,0,0,0,0,0,0,0,0,6.87680207908000
2570.97,101,101,208,0,0,0,1,0,4,1,0,1,0,0,0,0,0,0,0,0,0,0,6.87680207908000
1330.65,124,124,665,0,0,0,1,0,0,1,0,1,0,0,0,0,0,0,0,0,0,0,6.87680207908000
1411.48,209,209,391,0,0,0,1,0,6,1,0,1,0,0,0,0,0,0,0,0,0,0,6.87680207908000
1999.00,100,100,116,0,0,0,1,0,0,1,0,1,0,0,0,0,0,0,0,0,0,0,6.87680207908000
1218.75,160,160,778,0,1,0,0,0,61,1,0,1,0,0,0,0,0,0,0,0,0,0,6.87680207908000
1218.75,160,160,778,0,1,0,0,0,61,1,0,1,0,0,0,0,0,0,0,0,0,0,6.87680207908000
3511.45,131,131,849,0,0,0,1,0,0,1,0,1,0,0,0,0,0,0,0,0,0,0,6.87680207908000
3511.45,131,131,849,0,0,0,1,0,0,1,0,1,0,0,0,0,0,0,0,0,0,0,6.87680207908000
3511.45,131,131,849,0,0,0,1,0,1,0,0,1,0,0,0,0,0,0,0,0,0,0,6.87680207908000
1330.65,124,124,665,0,0,0,1,0,0,1,0,1,0,0,0,0,0,0,0,0,0,0,6.87680207908000
621.43,140,140,1127,0,1,0,0,0,81,1,0,0,0,0,0,0,1,0,0,0,0,0,-37.71035689593333
950.00,100,100,291,1,0,0,0,0,87,1,0,0,0,0,0,0,1,0,0,0,0,0,-37.71035689593333
326.46,291,291,291,0,1,0,0,0,0,1,0,0,0,0,0,0,1,0,0,0,0,0,-37.71035689593333
1250.00,96,96,534,0,0,1,0,0,75,0,0,0,0,0,0,0,1,0,0,0,0,0,-37.71035689593333
2237.50,80,80,1000,1,0,0,0,0,2,0,0,0,0,0,0,0,0,0,0,0,0,1,11.01855587490000
1352.94,170,170,800,1,0,0,0,0,54,0,1,0,0,0,0,0,0,0,0,0,0,1,11.01855587490000
863.33,300,300,950,0,1,0,0,0,64,1,0,0,0,0,0,0,0,0,0,0,0,1,-33.53756930197500
596.54,347,347,0,1,0,0,0,0,0,1,0,0,0,0,0,0,0,0,0,0,0,1,-33.53756930197500
596.54,347,347,0,1,0,0,0,0,0,1,0,0,0,0,0,0,0,0,0,0,0,1,-33.53756930197500
596.54,347,347,0,1,0,0,0,0,0,1,0,0,0,0,0,0,0,0,0,0,0,1,-33.53756930197500
1750.00,100,100,709,0,1,0,0,0,55,1,0,0,0,0,0,0,0,0,0,0,0,1,-33.53756930197500
1076.00,250,250,861,0,1,0,0,0,25,1,0,0,1,0,0,0,0,0,0,0,0,0,0.73014510165000
1075.00,120,120,0,1,0,0,0,0,60,1,0,0,1,0,0,0,0,0,0,0,0,0,0.73014510165000
1438.89,180,180,753,0,0,1,0,0,28,1,0,0,1,0,0,0,0,0,0,0,0,0,0.73014510165000
1076.00,250,250,861,0,1,0,0,0,25,1,0,0,1,0,0,0,0,0,0,0,0,0,0.73014510165000
2213.57,140,140,541,0,0,1,0,0,95,0,1,0,0,0,0,0,0,0,0,0,0,1,0.10664295894000
2000.00,90,90,523,0,1,0,0,0,50,1,0,0,0,0,0,0,0,0,0,0,0,1,0.10664295894000
253.81,788,788,788,0,1,0,0,0,51,1,0,0,0,0,0,0,0,0,0,0,0,1,0.10664295894000
3083.33,60,60,495,0,0,1,0,0,5,0,0,0,0,0,0,0,0,0,0,0,0,1,0.10664295894000
2098.95,95,95,681,0,0,0,0,1,125,0,0,0,0,0,0,0,0,0,0,0,0,1,0.10664295894000
889.88,336,336,1144,0,0,1,0,0,87,1,0,0,0,0,0,0,0,0,0,0,0,1,0.10664295894000
1947.92,384,384,1500,0,0,0,0,1,0,0,0,0,1,0,0,0,0,0,0,0,0,0,-4.25601035680000
537.69,130,130,646,1,0,0,0,0,55,1,0,0,0,1,0,0,0,0,0,0,0,0,-60.00970744725000
1738.46,195,195,824,0,1,0,0,0,27,0,1,0,1,0,0,0,0,0,0,0,0,0,48.21381843385000
2461.54,130,130,400,0,0,0,0,1,0,1,0,0,0,0,0,1,0,0,0,0,0,0,-17.88322463680000
2307.69,130,130,514,0,0,0,1,0,0,0,0,0,0,0,0,1,0,0,0,0,0,0,-17.88322463680000
933.96,106,106,600,0,0,0,1,0,2,0,0,0,0,0,0,1,0,0,0,0,0,0,-17.88322463680000
2961.54,182,182,1050,0,0,0,1,0,2,0,0,0,1,0,0,0,0,0,0,0,0,0,40.33710285690000
1519.84,181,181,677,0,0,0,1,0,2,0,1,0,1,0,0,0,0,0,0,0,0,0,40.33710285690000
2571.43,109,109,350,0,0,0,1,0,5,0,0,0,1,0,0,0,0,0,0,0,0,0,40.33710285690000
2231.40,121,121,622,0,0,0,0,1,0,0,1,0,1,0,0,0,0,0,0,0,0,0,40.33710285690000
1793.33,150,150,0,1,0,0,0,0,48,1,0,0,1,0,0,0,0,0,0,0,0,0,40.33710285690000
1715.85,160,160,677,0,0,0,0,1,1,1,0,0,1,0,0,0,0,0,0,0,0,0,40.33710285690000
2500.00,130,130,753,0,0,1,0,0,65,0,0,0,1,0,0,0,0,0,0,0,0,0,40.33710285690000
653.85,260,260,1237,1,0,0,0,0,60,0,0,0,0,1,0,0,0,0,0,0,0,0,-24.39467503637500
118.25,833,833,833,1,0,0,0,0,0,0,1,0,0,1,0,0,0,0,0,0,0,0,-24.39467503637500
2065.70,242,242,856,0,0,1,0,0,52,0,0,0,0,0,0,0,0,0,0,0,1,0,-42.77235227722000
117.19,1280,1280,1280,0,0,0,0,1,0,1,0,0,0,0,0,0,0,0,0,0,1,0,-42.77235227722000
173.67,406,406,500,1,0,0,0,0,65,0,0,0,0,0,0,0,0,0,0,0,1,0,-42.77235227722000
213.31,1969,1969,0,0,0,0,1,0,8,0,1,0,0,0,0,0,0,0,0,0,1,0,-42.77235227722000
1236.36,110,110,749,1,0,0,0,0,3,0,0,0,0,0,0,0,0,0,0,0,1,0,-42.77235227722000
780.70,114,114,540,1,0,0,0,0,55,0,1,0,0,0,0,0,0,0,0,0,1,0,-42.77235227722000
665.83,120,120,456,1,0,0,0,0,115,1,0,0,0,0,0,0,0,0,0,0,1,0,-42.77235227722000
185.29,734,734,734,0,1,0,0,0,65,1,0,0,0,0,0,0,0,0,0,0,1,0,-42.77235227722000
720.00,150,150,238,0,1,0,0,0,75,1,0,0,1,0,0,0,0,0,0,0,0,0,-35.56196143040000
869.13,230,230,597,0,1,0,0,0,15,0,1,0,0,1,0,0,0,0,0,0,0,0,-45.20632435965000
1000.00,180,180,767,0,0,1,0,0,55,1,0,0,0,0,0,1,0,0,0,0,0,0,-12.27246645705000
2345.45,110,110,566,0,0,0,1,0,2,0,0,0,0,0,0,1,0,0,0,0,0,0,-12.27246645705000
686.67,150,150,1169,1,0,0,0,0,98,1,0,0,0,0,0,1,0,0,0,0,0,0,-12.27246645705000
1961.54,130,130,600,0,0,0,0,1,0,1,0,0,0,0,0,1,0,0,0,0,0,0,-12.27246645705000
1205.29,170,170,715,0,0,1,0,0,5,0,0,0,0,0,0,1,0,0,0,0,0,0,-12.27246645705000
2318.18,110,110,566,0,0,0,1,0,1,1,0,0,0,0,0,1,0,0,0,0,0,0,-12.27246645705000
2232.67,150,150,434,0,0,1,0,0,93,0,0,0,1,0,0,0,0,0,0,0,0,0,48.91075646504000
1395.42,240,240,434,0,0,1,0,0,93,1,0,0,1,0,0,0,0,0,0,0,0,0,48.91075646504000
232.88,365,365,377,1,0,0,0,0,65,1,0,0,1,0,0,0,0,0,0,0,0,0,48.91075646504000
2920.21,188,188,725,1,0,0,0,0,13,1,0,0,1,0,0,0,0,0,0,0,0,0,48.91075646504000
2584.27,178,178,774,0,0,0,0,1,0,0,0,0,1,0,0,0,0,0,0,0,0,0,48.91075646504000
1395.42,240,240,434,0,0,1,0,0,93,1,0,0,1,0,0,0,0,0,0,0,0,0,48.91075646504000
515.87,378,378,812,0,0,1,0,0,95,1,0,0,0,0,0,0,0,1,0,0,0,0,-66.70829312090000
757.83,479,479,479,1,0,0,0,0,45,1,0,0,1,0,0,0,0,0,0,0,0,0,1.75395212822500
821.74,230,230,872,0,1,0,0,0,35,1,0,0,1,0,0,0,0,0,0,0,0,0,1.75395212822500
2100.00,50,50,561,1,0,0,0,0,65,0,0,0,1,0,0,0,0,0,0,0,0,0,1.75395212822500
405.22,728,728,728,0,0,0,1,0,2,1,0,0,1,0,0,0,0,0,0,0,0,0,1.75395212822500
821.74,230,230,872,0,1,0,0,0,35,1,0,0,1,0,0,0,0,0,0,0,0,0,1.75395212822500
2153.85,130,130,1269,1,0,0,0,0,13,0,0,0,0,0,0,1,0,0,0,0,0,0,38.70847555335000
2375.00,80,80,728,0,0,1,0,0,67,1,0,0,0,1,0,0,0,0,0,0,0,0,51.96011875610000
1544.44,90,90,362,1,0,0,0,0,55,0,0,0,0,1,0,0,0,0,0,0,0,0,51.96011875610000
211.17,734,734,0,0,0,1,0,0,0,0,1,0,0,0,0,0,1,0,0,0,0,0,-31.14264326292500
890.00,100,100,2348,1,0,0,0,0,90,1,0,0,0,0,0,0,1,0,0,0,0,0,-31.14264326292500
1336.63,101,101,1174,0,1,0,0,0,50,1,0,0,0,0,0,0,0,0,0,0,1,0,-43.22807653915000
448.47,524,524,0,0,1,0,0,0,0,0,1,0,0,0,0,0,0,0,0,0,1,0,-43.22807653915000
555.00,18,18,0,0,0,0,1,0,0,0,0,0,0,0,0,0,0,0,0,0,1,0,-43.22807653915000
1468.75,160,160,524,0,1,0,0,0,32,0,0,0,0,0,0,0,0,0,0,0,1,0,-43.22807653915000
899.67,30,30,0,0,0,0,1,0,0,0,0,0,0,0,0,0,0,0,0,0,1,0,-43.22807653915000
1300.00,200,200,500,0,0,0,1,0,0,0,1,0,0,0,0,1,0,0,0,0,0,0,14.15844401176667
1142.86,140,140,794,1,0,0,0,0,65,1,0,0,0,0,0,1,0,0,0,0,0,0,14.15844401176667
1625.00,120,120,1074,1,0,0,0,0,58,1,0,0,0,0,0,1,0,0,0,0,0,0,14.15844401176667
1300.00,200,200,0,0,0,0,1,0,1,0,1,0,0,0,0,1,0,0,0,0,0,0,14.15844401176667
1435.00,200,200,853,0,0,0,1,0,8,1,0,0,0,0,0,0,0,1,0,0,0,0,-1.70530405660000
2361.33,146,146,939,0,0,0,1,0,3,0,0,0,0,0,0,0,0,1,0,0,0,0,-1.70530405660000
1109.12,117,117,0,0,0,0,0,1,0,1,0,0,0,0,0,0,1,0,0,0,0,0,-42.99931234870000
1586.67,150,150,1079,0,0,1,0,0,55,1,0,0,0,0,0,0,1,0,0,0,0,0,-33.98126540682500
1538.46,52,52,526,0,1,0,0,0,65,1,0,0,0,0,0,0,1,0,0,0,0,0,-33.98126540682500
273.21,754,754,754,0,0,0,1,0,14,1,0,0,0,0,0,0,1,0,0,0,0,0,-33.98126540682500
2193.33,150,150,1000,0,0,1,0,0,6,1,0,0,0,0,0,0,0,1,0,0,0,0,-14.70570936922500
1493.53,151,151,412,0,0,0,0,1,0,0,1,0,0,0,0,0,0,1,0,0,0,0,-14.70570936922500
536.91,447,447,447,0,0,0,1,0,45,0,0,0,0,0,0,0,0,1,0,0,0,0,-14.70570936922500
2276.49,115,115,0,0,0,0,0,1,0,1,0,0,0,0,1,0,0,0,0,0,0,0,-2.56631012130000
1249.88,80,80,327,1,0,0,0,0,55,1,0,0,0,0,1,0,0,0,0,0,0,0,-2.56631012130000
1645.51,119,119,514,0,0,0,0,1,1,0,0,0,0,0,1,0,0,0,0,0,0,0,-2.56631012130000
954.55,110,110,402,1,0,0,0,0,75,0,0,0,0,0,0,0,0,0,0,0,1,0,-10.08937643475000
1833.33,60,60,0,0,0,0,1,0,3,1,0,0,0,0,0,0,0,0,0,0,1,0,-10.08937643475000
0.00,444,444,1128,0,0,1,0,0,25,1,0,0,0,0,0,1,0,0,0,0,0,0,-0.98047264576000
1619.05,210,210,1039,1,0,0,0,0,45,0,0,0,0,0,0,1,0,0,0,0,0,0,-0.98047264576000
1583.33,120,120,1621,0,1,0,0,0,65,1,0,0,0,0,0,1,0,0,0,0,0,0,-0.98047264576000
3790.70,86,86,470,0,0,0,1,0,10,0,0,0,0,0,0,1,0,0,0,0,0,0,-0.98047264576000
573.77,244,244,988,0,0,1,0,0,65,0,0,0,0,0,0,1,0,0,0,0,0,0,-0.98047264576000
187.50,800,800,800,1,0,0,0,0,40,1,0,0,0,0,0,1,0,0,0,0,0,0,-34.24663119816667
1280.49,328,328,1389,0,0,1,0,0,25,0,0,0,0,0,0,1,0,0,0,0,0,0,-34.24663119816667
1300.00,300,300,1517,0,0,1,0,0,17,0,0,0,0,0,0,1,0,0,0,0,0,0,-11.99430994686000
1180.91,110,110,400,0,1,0,0,0,0,0,0,0,0,0,0,1,0,0,0,0,0,0,-11.99430994686000
260.00,1500,1500,1517,0,0,0,1,0,0,0,1,0,0,0,0,1,0,0,0,0,0,0,-11.99430994686000
3074.77,107,107,680,0,0,1,0,0,3,1,0,0,1,0,0,0,0,0,0,0,0,0,50.92462718180000
1189.29,84,84,491,1,0,0,0,0,65,1,0,0,1,0,0,0,0,0,0,0,0,0,19.77253391133333
2551.66,145,145,954,0,0,0,1,0,12,0,1,0,1,0,0,0,0,0,0,0,0,0,19.77253391133333
1020.00,150,150,812,1,0,0,0,0,125,1,0,0,0,0,0,0,1,0,0,0,0,0,-29.70508265765000
354.17,240,240,1881,1,0,0,0,0,135,0,0,0,0,0,0,0,1,0,0,0,0,0,-29.70508265765000
866.67,150,150,1176,1,0,0,0,0,90,1,0,0,0,0,0,0,1,0,0,0,0,0,-29.70508265765000
1314.29,70,70,0,1,0,0,0,0,77,0,1,0,0,0,0,0,1,0,0,0,0,0,-29.70508265765000
745.00,200,200,1362,1,0,0,0,0,55,0,1,0,1,0,0,0,0,0,0,0,0,0,-22.24400339693333
1909.00,100,100,407,0,0,0,0,1,0,0,1,0,1,0,0,0,0,0,0,0,0,0,-22.24400339693333
999.00,100,100,576,1,0,0,0,0,125,0,0,0,1,0,0,0,0,0,0,0,0,0,-22.24400339693333
573.08,260,260,1362,1,0,0,0,0,51,0,1,0,1,0,0,0,0,0,0,0,0,0,-22.24400339693333
3555.56,90,90,467,0,0,0,1,0,2,1,0,0,0,0,0,1,0,0,0,0,0,0,19.11759458925000
1839.08,87,87,491,1,0,0,0,0,73,1,0,0,0,0,0,1,0,0,0,0,0,0,7.27138907286667
1163.33,300,300,811,0,1,0,0,0,64,0,0,0,0,0,0,1,0,0,0,0,0,0,7.27138907286667
1276.92,195,195,0,0,0,1,0,0,85,1,0,0,0,0,0,1,0,0,0,0,0,0,-25.62006507990000
758.00,500,500,1544,0,1,0,0,0,79,0,0,0,0,0,0,1,0,0,0,0,0,0,-25.62006507990000
1400.00,150,150,1700,1,0,0,0,0,65,0,1,0,0,0,0,1,0,0,0,0,0,0,-25.62006507990000
1650.00,200,200,586,0,0,0,1,0,15,0,0,0,0,0,0,0,1,0,0,0,0,0,-11.08450075950000
1718.75,160,160,771,0,0,0,1,0,1,1,0,0,0,0,0,0,1,0,0,0,0,0,-11.08450075950000
3312.50,80,80,866,0,1,0,0,0,55,1,0,0,0,0,0,0,0,1,0,0,0,0,65.59696853160000
2024.39,123,123,1375,0,0,1,0,0,39,0,0,0,0,0,0,0,1,0,0,0,0,0,-30.37961838746000
856.43,140,140,510,0,1,0,0,0,65,1,0,0,0,0,0,0,1,0,0,0,0,0,-30.37961838746000
1150.00,100,100,704,1,0,0,0,0,13,0,0,0,0,0,0,0,1,0,0,0,0,0,-30.37961838746000
2616.28,86,86,986,0,0,0,1,0,15,0,1,0,0,0,0,0,1,0,0,0,0,0,-30.37961838746000
837.84,370,370,1570,0,0,1,0,0,25,0,0,0,0,0,0,0,1,0,0,0,0,0,-30.37961838746000
695.00,100,100,765,1,0,0,0,0,95,0,0,0,0,0,0,0,1,0,0,0,0,0,-30.37961838746000
3061.54,65,65,140,0,0,0,0,1,0,0,0,0,0,0,0,0,0,0,0,0,0,1,-5.16554255956667
1083.33,192,192,859,0,1,0,0,0,58,1,0,0,0,0,0,0,0,0,0,0,1,0,-58.33518435530000
428.57,280,280,699,0,1,0,0,0,45,1,0,0,0,0,0,0,0,0,0,0,1,0,-58.33518435530000
747.51,1204,1204,2920,0,0,1,0,0,30,1,0,0,0,0,0,0,0,0,0,0,0,1,-51.75938936330000
1246.44,280,280,0,0,1,0,0,0,59,1,0,0,0,0,0,0,0,0,0,0,1,0,-43.05790782200000
314.29,175,175,375,0,1,0,0,0,55,1,0,0,0,0,0,0,0,0,0,0,1,0,-43.05790782200000
1789.86,138,138,414,0,0,1,0,0,46,0,0,0,0,0,0,1,0,0,0,0,0,0,-4.82038076950000
1393.55,155,155,0,0,0,1,0,0,0,1,0,0,0,0,0,1,0,0,0,0,0,0,-4.82038076950000
266.54,1557,1557,0,0,1,0,0,0,45,1,0,0,0,0,0,1,0,0,0,0,0,0,-50.85316003223333
1166.67,240,240,600,0,1,0,0,0,45,1,0,0,0,0,0,1,0,0,0,0,0,0,-50.85316003223333
173.53,1481,1481,1481,1,0,0,0,0,0,1,0,0,0,0,0,1,0,0,0,0,0,0,-50.85316003223333
1212.12,264,264,2032,0,0,1,0,0,105,1,0,0,0,0,0,1,0,0,0,0,0,0,-50.85316003223333
173.53,1481,1481,1481,1,0,0,0,0,0,1,0,0,0,0,0,1,0,0,0,0,0,0,-50.85316003223333
1795.00,200,200,378,0,0,0,1,0,14,0,0,0,1,0,0,0,0,0,0,0,0,0,42.68231895320000
2354.33,127,127,434,0,0,0,1,0,10,0,0,0,1,0,0,0,0,0,0,0,0,0,42.68231895320000
3194.17,103,103,404,0,0,0,1,0,0,0,0,0,1,0,0,0,0,0,0,0,0,0,42.68231895320000
3094.29,105,105,632,0,0,1,0,0,19,1,0,0,0,1,0,0,0,0,0,0,0,0,3.88107773466667
440.00,150,150,410,1,0,0,0,0,75,0,0,0,0,1,0,0,0,0,0,0,0,0,3.88107773466667
149.46,736,736,736,1,0,0,0,0,45,0,0,0,0,0,0,0,0,0,0,0,1,0,-85.42121026430000
1351.56,128,128,830,0,1,0,0,0,50,1,0,0,0,0,0,0,0,0,0,1,0,0,-17.91411900320000
710.53,190,190,1550,1,0,0,0,0,45,0,0,0,0,0,0,0,0,0,0,1,0,0,-17.91411900320000
1998.18,55,55,243,0,0,0,1,0,6,0,1,0,0,0,0,0,0,0,0,0,1,0,-7.11715673890000
2441.18,102,102,750,0,0,0,1,0,0,1,0,0,0,0,0,0,0,0,0,0,1,0,-7.11715673890000
733.33,300,300,717,0,0,1,0,0,23,0,0,0,0,0,0,0,0,0,0,0,1,0,-7.11715673890000
2263.64,110,110,750,0,0,0,1,0,0,0,0,0,0,0,0,0,0,0,0,0,1,0,-7.11715673890000
2441.18,102,102,750,0,0,0,1,0,0,1,0,0,0,0,0,0,0,0,0,0,1,0,-7.11715673890000
2007.46,134,134,750,0,0,0,1,0,0,0,0,0,0,0,0,0,0,0,0,0,1,0,-7.11715673890000
2090.91,55,55,0,0,0,0,1,0,6,1,0,0,0,0,0,0,0,0,0,0,1,0,-7.11715673890000
2881.48,135,135,1236,0,0,0,1,0,11,1,0,0,0,0,0,0,0,0,0,0,1,0,-17.31106261425000
314.72,1236,1236,0,0,0,0,1,0,0,0,0,0,0,0,0,0,0,0,0,0,1,0,-17.31106261425000
2758.93,112,112,0,0,0,0,1,0,9,1,0,0,0,0,0,0,0,0,0,0,1,0,-17.31106261425000
2881.48,135,135,1236,0,0,0,1,0,12,1,0,0,0,0,0,0,0,0,0,0,1,0,-17.31106261425000
1397.16,141,141,748,0,0,1,0,0,90,1,0,0,0,0,0,0,0,0,0,0,0,1,-35.74816230106667
463.53,425,425,0,0,0,1,0,0,0,1,0,0,0,0,0,0,0,0,0,0,0,1,-35.74816230106667
1044.55,110,110,0,0,1,0,0,0,65,0,1,0,0,0,0,0,0,0,0,0,0,1,-35.74816230106667
998.52,135,135,1133,0,1,0,0,0,65,0,0,0,0,0,0,0,0,0,0,0,0,1,-35.74816230106667
816.11,180,180,1038,1,0,0,0,0,94,0,0,0,0,0,0,0,0,0,0,0,0,1,-35.74816230106667
296.50,260,260,0,0,1,0,0,0,19,1,0,0,0,0,0,0,0,0,0,0,0,1,-35.74816230106667
575.00,200,200,0,0,1,0,0,0,97,0,1,0,0,0,0,0,0,0,0,0,0,1,-35.74816230106667
749.50,200,200,1064,1,0,0,0,0,125,0,0,0,0,0,0,0,0,0,0,0,0,1,-35.74816230106667
947.26,95,95,876,0,1,0,0,0,104,1,0,0,0,0,0,0,0,0,0,0,0,1,-35.74816230106667
2213.57,140,140,1630,0,0,0,1,0,4,0,0,0,0,0,1,0,0,0,0,0,0,0,-35.96686533926000
1325.00,80,80,2627,1,0,0,0,0,60,0,0,0,0,0,1,0,0,0,0,0,0,0,-35.96686533926000
204.44,180,180,537,1,0,0,0,0,58,1,0,0,0,0,1,0,0,0,0,0,0,0,-35.96686533926000
477.27,220,220,1057,0,1,0,0,0,46,0,0,0,0,0,1,0,0,0,0,0,0,0,-35.96686533926000
1056.25,160,160,508,0,0,1,0,0,56,1,0,0,0,0,1,0,0,0,0,0,0,0,-45.14311063396667
1035.00,140,140,1005,0,0,1,0,0,50,0,1,0,0,0,1,0,0,0,0,0,0,0,-45.14311063396667
576.47,170,170,774,0,1,0,0,0,55,1,0,0,0,0,1,0,0,0,0,0,0,0,-45.14311063396667
1555.56,180,180,1889,1,0,0,0,0,55,0,1,0,1,0,0,0,0,0,0,0,0,0,24.98052070107500
609.71,556,556,556,0,0,0,1,0,1,1,0,0,1,0,0,0,0,0,0,0,0,0,24.98052070107500
2739.13,115,115,492,0,0,0,0,1,0,0,0,0,1,0,0,0,0,0,0,0,0,0,24.98052070107500
1230.16,126,126,1515,1,0,0,0,0,75,0,1,0,1,0,0,0,0,0,0,0,0,0,24.98052070107500
961.47,156,156,880,1,0,0,0,0,65,1,0,0,1,0,0,0,0,0,0,0,0,0,24.98052070107500
3809.52,84,84,497,0,0,0,1,0,5,0,0,0,1,0,0,0,0,0,0,0,0,0,24.98052070107500
1103.63,200,200,588,0,0,0,1,0,1,0,1,0,1,0,0,0,0,0,0,0,0,0,36.31516129765000
1103.63,200,200,588,0,0,0,1,0,1,0,1,0,1,0,0,0,0,0,0,0,0,0,36.31516129765000
1743.21,131,131,588,0,0,0,1,0,1,0,0,0,1,0,0,0,0,0,0,0,0,0,36.31516129765000
1454.55,110,110,1515,1,0,0,0,0,52,0,1,0,0,1,0,0,0,0,0,0,0,0,13.88267065450000
2420.17,119,119,809,0,0,0,1,0,1,1,0,0,0,1,0,0,0,0,0,0,0,0,13.88267065450000
1230.00,130,130,1515,1,0,0,0,0,125,0,1,0,0,1,0,0,0,0,0,0,0,0,13.88267065450000
3062.50,80,80,0,0,0,0,1,0,1,1,0,0,0,0,0,0,0,0,0,0,0,1,7.27608073525000
68.42,2850,2850,2850,0,1,0,0,0,45,0,0,0,0,0,0,0,0,0,0,0,0,1,7.27608073525000
493.75,160,160,664,0,1,0,0,0,94,1,0,0,0,0,0,0,1,0,0,0,0,0,-71.61621509656667
227.27,154,154,537,1,0,0,0,0,90,1,0,0,0,0,0,0,1,0,0,0,0,0,-71.61621509656667
533.33,60,60,0,1,0,0,0,0,45,0,1,0,0,0,1,0,0,0,0,0,0,0,-51.61943178526667
153.33,150,150,0,1,0,0,0,0,80,1,0,0,0,0,1,0,0,0,0,0,0,0,-51.61943178526667
900.00,80,80,0,1,0,0,0,0,65,0,1,0,0,0,1,0,0,0,0,0,0,0,-51.61943178526667
914.29,140,140,740,1,0,0,0,0,48,1,0,0,0,0,1,0,0,0,0,0,0,0,-51.61943178526667
499.98,60,60,268,1,0,0,0,0,60,0,1,0,0,0,1,0,0,0,0,0,0,0,-51.61943178526667
421.43,70,70,0,0,0,1,0,0,50,0,1,0,0,0,1,0,0,0,0,0,0,0,-51.61943178526667
519.96,250,250,3350,1,0,0,0,0,55,0,1,0,0,0,1,0,0,0,0,0,0,0,-36.99216570500000
2373.02,126,126,1722,0,0,0,1,0,5,0,0,0,0,0,1,0,0,0,0,0,0,0,-36.99216570500000
378.57,140,140,492,1,0,0,0,0,65,1,0,0,0,0,1,0,0,0,0,0,0,0,-36.99216570500000
804.76,210,210,1590,1,0,0,0,0,58,0,0,0,0,0,1,0,0,0,0,0,0,0,-25.18788200120000
836.96,230,230,1850,1,0,0,0,0,55,0,0,0,0,0,1,0,0,0,0,0,0,0,-25.18788200120000
1201.92,104,104,293,0,0,0,1,0,1,0,0,1,0,0,0,0,0,0,0,0,0,0,2.54404880925000
1612.47,104,104,293,0,0,0,0,1,1,0,0,1,0,0,0,0,0,0,0,0,0,0,2.54404880925000
1868.75,160,160,1000,0,0,1,0,0,27,1,0,1,0,0,0,0,0,0,0,0,0,0,2.54404880925000
1025.00,200,200,1812,0,1,0,0,0,65,1,0,0,0,0,0,0,0,0,0,1,0,0,-28.55176271680000
933.33,300,300,672,0,1,0,0,0,0,1,0,0,0,0,0,0,0,0,0,1,0,0,-28.55176271680000
2990.34,207,207,461,0,0,0,1,0,1,0,1,0,1,0,0,0,0,0,0,0,0,0,24.36213331980000
218.37,664,664,0,1,0,0,0,0,67,1,0,0,1,0,0,0,0,0,0,0,0,0,24.36213331980000
2385.87,184,184,110,0,0,0,1,0,5,0,0,0,1,0,0,0,0,0,0,0,0,0,24.36213331980000
3034.48,145,145,512,0,0,0,1,0,0,1,0,0,1,0,0,0,0,0,0,0,0,0,24.36213331980000
1013.89,72,72,1207,1,0,0,0,0,124,0,1,0,0,0,1,0,0,0,0,0,0,0,-18.02043846865000
850.00,70,70,705,1,0,0,0,0,55,0,0,0,0,0,1,0,0,0,0,0,0,0,-18.02043846865000
475.00,200,200,1142,1,0,0,0,0,58,1,0,0,0,0,1,0,0,0,0,0,0,0,-18.02043846865000
945.60,386,386,1045,1,0,0,0,0,23,0,1,0,0,0,1,0,0,0,0,0,0,0,-18.02043846865000
863.64,220,220,480,0,0,1,0,0,35,0,1,0,0,0,1,0,0,0,0,0,0,0,-18.02043846865000
1960.75,186,186,1045,1,0,0,0,0,23,0,0,0,0,0,1,0,0,0,0,0,0,0,-18.02043846865000
59.69,1759,1759,0,1,0,0,0,0,0,0,1,0,1,0,0,0,0,0,0,0,0,0,-91.94554222140000
61.54,650,650,0,1,0,0,0,0,0,1,0,0,1,0,0,0,0,0,0,0,0,0,-91.94554222140000
126.49,672,672,0,1,0,0,0,0,0,1,0,0,1,0,0,0,0,0,0,0,0,0,-91.94554222140000
2599.91,110,110,375,0,0,0,1,0,0,0,0,0,0,0,0,0,0,0,0,0,0,1,22.96863067820000
799.50,200,200,675,0,0,1,0,0,45,1,0,0,0,0,0,0,1,0,0,0,0,0,-14.37066367005000
1617.98,89,89,0,0,0,0,0,1,0,1,0,0,0,0,0,0,1,0,0,0,0,0,-14.37066367005000
1540.00,100,100,0,1,0,0,0,0,64,1,0,0,0,0,0,0,1,0,0,0,0,0,-14.37066367005000
799.50,200,200,675,0,0,1,0,0,44,1,0,0,0,0,0,0,1,0,0,0,0,0,-14.37066367005000
1991.67,120,120,400,0,0,0,1,0,0,1,0,0,0,0,0,0,0,0,0,0,0,1,8.20252306696667
271.90,879,879,0,0,1,0,0,0,1,1,0,0,1,0,0,0,0,0,0,0,0,0,-29.52100055845000
348.19,359,359,0,1,0,0,0,0,100,0,1,0,1,0,0,0,0,0,0,0,0,0,-29.52100055845000
2391.30,230,230,1250,0,0,1,0,0,20,1,0,0,1,0,0,0,0,0,0,0,0,0,16.12251241476000
2391.30,230,230,1250,0,0,1,0,0,20,1,0,0,1,0,0,0,0,0,0,0,0,0,16.12251241476000
2415.79,190,190,1780,0,1,0,0,0,14,0,0,0,1,0,0,0,0,0,0,0,0,0,16.12251241476000
648.50,367,367,755,0,0,1,0,0,55,0,0,0,1,0,0,0,0,0,0,0,0,0,16.12251241476000
485.00,300,300,390,1,0,0,0,0,55,1,0,0,1,0,0,0,0,0,0,0,0,0,16.12251241476000
1150.00,200,200,890,0,1,0,0,0,54,0,0,0,0,1,0,0,0,0,0,0,0,0,-12.67363996225000
270.59,850,850,0,0,1,0,0,0,45,0,0,0,0,1,0,0,0,0,0,0,0,0,-12.67363996225000
1204.55,220,220,700,0,0,0,1,0,17,0,0,0,0,0,1,0,0,0,0,0,0,0,-52.54727459520000
994.12,170,170,900,1,0,0,0,0,47,1,0,0,0,1,0,0,0,0,0,0,0,0,-11.94309291950000
869.57,276,276,452,0,0,1,0,0,17,0,1,0,0,0,0,1,0,0,0,0,0,0,-36.23075247106667
1739.13,138,138,452,0,0,1,0,0,45,0,1,0,0,0,0,1,0,0,0,0,0,0,-36.23075247106667
620.00,250,250,203,1,0,0,0,0,30,1,0,0,0,0,0,1,0,0,0,0,0,0,-36.23075247106667
784.85,330,330,2809,0,0,1,0,0,71,0,1,0,0,0,0,0,1,0,0,0,0,0,-41.68637368575000
795.00,200,200,347,0,1,0,0,0,54,1,0,0,0,0,1,0,0,0,0,0,0,0,-41.99001328670000
1272.22,180,180,481,0,0,0,1,0,0,0,1,0,0,0,0,0,0,0,0,0,0,1,-12.34200962895000
1994.12,170,170,510,0,0,0,1,0,0,0,0,0,0,0,0,0,0,0,0,0,0,1,-12.34200962895000
512.87,505,505,505,0,0,0,1,0,45,0,0,0,0,0,0,0,0,0,0,0,0,1,-12.34200962895000
1200.00,300,300,769,0,0,0,1,0,125,0,0,0,0,0,0,0,0,0,0,0,0,1,-12.34200962895000
772.22,180,180,0,0,0,0,1,0,0,0,1,0,0,0,0,0,0,0,0,0,0,1,-12.34200962895000
1950.00,120,120,2036,0,0,0,1,0,45,1,0,0,0,0,1,0,0,0,0,0,0,0,-45.15324548406667
607.69,130,130,1600,0,1,0,0,0,68,0,0,0,0,0,1,0,0,0,0,0,0,0,-45.15324548406667
1659.09,220,220,2581,0,1,0,0,0,125,1,0,0,0,0,0,0,0,0,0,0,1,0,16.51812497793333
224.40,664,664,664,0,1,0,0,0,45,1,0,0,0,0,0,0,0,0,0,0,1,0,16.51812497793333
3888.89,90,90,909,0,0,0,1,0,3,0,0,0,0,0,0,0,0,0,0,0,1,0,16.51812497793333
592.11,228,228,1200,0,0,0,0,1,15,0,1,0,0,0,0,0,1,0,0,0,0,0,-67.88848052550000
1460.00,50,50,369,0,1,0,0,0,78,1,0,1,0,0,0,0,0,0,0,0,0,0,-13.06009558086667
744.44,180,180,2616,0,1,0,0,0,55,0,1,1,0,0,0,0,0,0,0,0,0,0,-13.06009558086667
1388.89,180,180,972,1,0,0,0,0,35,0,1,0,0,0,0,0,0,0,1,0,0,0,35.47661766380000
1817.36,121,121,540,0,0,0,1,0,125,0,0,0,0,0,0,0,0,0,1,0,0,0,-16.16798199315000
1066.00,150,150,683,0,1,0,0,0,65,1,0,0,1,0,0,0,0,0,0,0,0,0,-12.32435435592500
800.00,200,200,0,1,0,0,0,0,46,0,0,0,0,0,0,0,0,0,0,0,0,1,-21.96553065320000
1146.45,211,211,810,0,1,0,0,0,35,0,0,0,0,1,0,0,0,0,0,0,0,0,-9.75843592015000
784.21,190,190,0,0,1,0,0,0,72,0,1,0,0,0,0,0,0,0,0,0,1,0,-11.37105622555000
1860.00,100,100,1359,0,0,1,0,0,50,1,0,0,0,0,0,0,0,0,0,0,1,0,-11.37105622555000
1225.00,40,40,297,1,0,0,0,0,80,0,0,0,0,0,0,1,0,0,0,0,0,0,-14.90923907320000
2157.45,123,123,0,0,0,0,1,0,0,1,0,0,1,0,0,0,0,0,0,0,0,0,2.47320757950000
1733.32,75,75,565,1,0,0,0,0,60,1,0,0,1,0,0,0,0,0,0,0,0,0,2.47320757950000
2053.44,131,131,252,0,0,0,1,0,0,0,0,0,1,0,0,0,0,0,0,0,0,0,2.47320757950000
2053.44,131,131,252,0,0,0,1,0,1,1,0,0,1,0,0,0,0,0,0,0,0,0,2.47320757950000
150.44,797,797,797,0,1,0,0,0,45,0,0,0,0,0,0,0,0,1,0,0,0,0,-43.40563399070000
790.91,110,110,0,1,0,0,0,0,65,0,1,0,0,0,0,0,0,1,0,0,0,0,-43.40563399070000
1038.46,130,130,895,0,1,0,0,0,58,0,0,0,0,0,0,0,0,1,0,0,0,0,-43.40563399070000
218.26,420,420,1016,1,0,0,0,0,54,0,1,0,0,0,1,0,0,0,0,0,0,0,-42.36469873900000
464.29,140,140,942,1,0,0,0,0,60,0,1,0,0,0,1,0,0,0,0,0,0,0,-42.36469873900000
851.43,350,350,1900,0,0,0,1,0,15,0,0,0,0,0,1,0,0,0,0,0,0,0,-42.36469873900000
643.13,160,160,1016,1,0,0,0,0,5,0,0,0,0,0,1,0,0,0,0,0,0,0,-42.36469873900000
1691.67,120,120,1640,0,0,1,0,0,55,1,0,0,0,0,1,0,0,0,0,0,0,0,-42.36469873900000
1027.78,90,90,901,1,0,0,0,0,55,0,0,0,0,0,1,0,0,0,0,0,0,0,-42.36469873900000
1325.00,200,200,1310,0,0,1,0,0,2,1,0,1,0,0,0,0,0,0,0,0,0,0,-44.92501689620000
2389.29,113,113,772,0,0,0,1,0,2,0,0,0,1,0,0,0,0,0,0,0,0,0,30.73558221960000
2329.13,103,103,484,0,0,0,0,1,0,0,1,0,1,0,0,0,0,0,0,0,0,0,30.73558221960000
2726.19,84,84,416,0,0,0,1,0,1,1,0,0,1,0,0,0,0,0,0,0,0,0,30.73558221960000
1620.00,150,150,450,0,0,1,0,0,46,1,0,0,0,0,0,0,0,0,0,0,1,0,-19.77988755626667
1090.91,110,110,297,1,0,0,0,0,60,1,0,0,0,0,0,0,0,0,0,0,1,0,-19.77988755626667
1607.14,140,140,620,0,0,0,1,0,1,1,0,0,0,0,0,0,0,0,0,0,1,0,-19.77988755626667
91.85,1252,1252,1252,1,0,0,0,0,84,0,1,0,0,0,0,0,0,0,0,0,1,0,-19.77988755626667
916.67,120,120,982,1,0,0,0,0,93,1,0,0,0,0,0,0,0,0,0,0,1,0,-19.77988755626667
377.12,236,236,448,0,1,0,0,0,103,0,0,0,0,0,0,0,1,0,0,0,0,0,-37.72586796625000
377.12,236,236,448,0,1,0,0,0,103,0,0,0,0,0,0,0,1,0,0,0,0,0,-37.72586796625000
1358.38,173,173,173,0,0,1,0,0,55,1,0,0,0,0,0,1,0,0,0,0,0,0,11.47714103548000
2574.63,134,134,1598,0,0,0,1,0,10,0,0,0,0,0,0,1,0,0,0,0,0,0,11.47714103548000
680.00,250,250,716,1,0,0,0,0,64,1,0,0,0,0,0,1,0,0,0,0,0,0,11.47714103548000
3357.14,70,70,173,0,1,0,0,0,64,1,0,0,0,0,0,1,0,0,0,0,0,0,11.47714103548000
152.03,592,592,0,1,0,0,0,0,0,0,1,0,0,0,0,0,0,0,0,0,1,0,5.15242287570000
853.66,82,82,768,1,0,0,0,0,90,1,0,0,0,0,0,0,0,0,0,0,1,0,5.15242287570000
2095.24,105,105,1765,1,0,0,0,0,60,0,1,0,0,0,0,0,0,0,0,0,1,0,5.15242287570000
1211.11,90,90,543,1,0,0,0,0,105,0,0,0,0,0,0,0,0,0,0,0,1,0,5.15242287570000
1073.94,284,284,999,0,0,1,0,0,77,1,0,0,0,0,0,1,0,0,0,0,0,0,-2.80191226793333
1649.50,200,200,1039,0,0,0,1,0,7,0,0,0,0,0,0,1,0,0,0,0,0,0,-2.80191226793333
3062.50,80,80,354,0,0,0,1,0,5,0,0,0,0,0,0,1,0,0,0,0,0,0,-2.80191226793333
932.67,150,150,812,1,0,0,0,0,55,1,0,0,1,0,0,0,0,0,0,0,0,0,-9.02448934290000
859.09,220,220,0,1,0,0,0,0,45,0,1,0,0,0,0,0,0,0,0,1,0,0,-16.20170966110000
1200.00,100,100,0,1,0,0,0,0,95,1,0,0,0,0,0,0,0,1,0,0,0,0,-24.33967965895000
1200.00,100,100,0,1,0,0,0,0,95,1,0,0,0,0,0,0,0,1,0,0,0,0,-24.33967965895000
1587.06,85,85,3083,0,1,0,0,0,65,0,0,0,0,0,0,0,1,0,0,0,0,0,-12.00984332616000
5812.22,336,336,32000,0,0,0,1,0,9,0,0,0,0,0,0,0,1,0,0,0,0,0,-12.00984332616000
1499.50,100,100,1759,0,1,0,0,0,1,0,0,0,0,0,0,0,1,0,0,0,0,0,-12.00984332616000
722.58,310,310,704,0,1,0,0,0,50,0,0,0,0,1,0,0,0,0,0,0,0,0,-42.14795269440000
1760.00,50,50,182,1,0,0,0,0,103,0,0,0,0,0,0,0,0,0,0,0,1,0,71.67583256290000
457.52,612,612,0,0,1,0,0,0,45,0,1,0,0,0,0,0,0,1,0,0,0,0,-66.61543506790000
1277.78,90,90,1200,1,0,0,0,0,84,1,0,0,0,0,0,0,0,0,0,0,1,0,15.22025536422500
3180.68,88,88,1325,0,0,1,0,0,64,0,0,0,0,0,0,0,0,0,0,0,1,0,15.22025536422500
990.00,100,100,0,1,0,0,0,0,52,1,0,0,0,0,0,0,0,0,0,0,1,0,15.22025536422500
1271.43,70,70,511,1,0,0,0,0,55,1,0,0,0,1,0,0,0,0,0,0,0,0,-18.74267706070000
681.37,204,204,550,1,0,0,0,0,61,0,0,0,0,0,0,0,0,0,1,0,0,0,-44.14195141070000
595.00,200,200,893,1,0,0,0,0,60,1,0,0,0,0,0,0,1,0,0,0,0,0,-22.30693145660000
998.00,100,100,1597,1,0,0,0,0,75,0,0,0,0,0,0,0,1,0,0,0,0,0,-22.30693145660000
833.33,240,240,764,0,1,0,0,0,40,0,1,0,0,0,1,0,0,0,0,0,0,0,-44.36935454826667
1545.45,110,110,770,0,0,1,0,0,30,1,0,0,0,0,1,0,0,0,0,0,0,0,-42.94880499250000
235.51,828,828,828,0,1,0,0,0,48,0,1,0,0,0,1,0,0,0,0,0,0,0,-42.94880499250000
1353.57,280,280,670,0,1,0,0,0,28,1,0,0,0,0,0,0,0,0,0,0,0,1,-15.72473041225000
475.71,494,494,490,0,1,0,0,0,34,1,0,0,0,0,0,0,0,0,0,0,0,1,-15.72473041225000
912.50,160,160,745,1,0,0,0,0,125,1,0,0,0,0,0,0,0,0,0,0,0,1,-15.72473041225000
2330.00,300,300,0,0,1,0,0,0,30,1,0,0,0,0,0,0,0,0,0,0,0,1,36.00848058600000
2079.90,100,100,1047,0,1,0,0,0,55,1,0,0,0,0,0,0,0,0,0,0,0,1,36.00848058600000
1139.24,79,79,350,1,0,0,0,0,56,1,0,0,0,0,0,0,0,0,0,0,0,1,36.00848058600000
718.18,220,220,1120,0,1,0,0,0,68,0,0,0,0,0,1,0,0,0,0,0,0,0,-29.39615957270000
1223.08,130,130,1326,1,0,0,0,0,53,1,0,0,0,0,1,0,0,0,0,0,0,0,-29.39615957270000
1533.33,135,135,211,0,0,0,1,0,0,0,1,0,0,0,1,0,0,0,0,0,0,0,-29.39615957270000
353.92,842,842,0,1,0,0,0,0,0,1,0,0,0,0,0,0,0,0,0,0,0,1,37.38991760993333
3500.00,318,318,634,0,0,1,0,0,125,0,0,0,0,0,0,0,0,0,0,0,0,1,37.38991760993333
1998.67,75,75,446,1,0,0,0,0,54,1,0,0,0,1,0,0,0,0,0,0,0,0,40.65340905310000
187.11,1272,1272,0,0,0,1,0,0,0,0,1,0,0,0,0,0,0,0,0,0,1,0,-44.07533273903333
460.99,141,141,0,1,0,0,0,0,65,0,1,0,0,0,0,0,0,0,0,0,1,0,-44.07533273903333
1215.69,153,153,672,1,0,0,0,0,33,1,0,0,0,0,0,0,0,0,0,0,1,0,-44.07533273903333
1011.90,84,84,688,1,0,0,0,0,65,1,0,0,0,0,0,0,0,0,0,0,1,0,-44.07533273903333
230.29,1281,1281,0,0,0,1,0,0,0,0,1,0,0,0,0,0,0,0,0,0,1,0,-44.07533273903333
916.67,60,60,799,0,1,0,0,0,4,0,0,0,0,0,0,0,0,0,0,0,1,0,-44.07533273903333
1662.50,80,80,933,1,0,0,0,0,100,0,0,0,0,0,0,0,0,0,0,0,0,1,41.29810808300000
399.00,1000,1000,1000,0,1,0,0,0,45,1,0,0,0,0,0,1,0,0,0,0,0,0,-56.67898960153333
0.00,280,280,1300,0,0,1,0,0,35,1,0,0,0,0,0,1,0,0,0,0,0,0,-56.67898960153333
306.25,800,800,800,0,1,0,0,0,45,1,0,0,0,0,0,0,0,0,0,0,1,0,-77.65338562150000
1250.00,400,400,1478,0,0,0,1,0,15,0,1,0,0,0,1,0,0,0,0,0,0,0,-35.45781652633333
861.11,180,180,502,0,1,0,0,0,55,1,0,0,0,0,1,0,0,0,0,0,0,0,-35.45781652633333
861.11,180,180,502,0,1,0,0,0,56,0,0,0,0,0,1,0,0,0,0,0,0,0,-35.45781652633333
2050.43,117,117,431,0,0,0,1,0,0,0,0,0,0,0,1,0,0,0,0,0,0,0,-3.02027016260000
484.38,160,160,369,1,0,0,0,0,55,0,1,0,0,0,0,0,0,0,1,0,0,0,-52.75207967230000
1951.05,143,143,594,0,0,0,1,0,1,0,0,0,1,0,0,0,0,0,0,0,0,0,-6.45405155780000
1088.24,170,170,1502,0,1,0,0,0,53,0,1,0,1,0,0,0,0,0,0,0,0,0,-3.52089117065000
668.27,208,208,838,0,1,0,0,0,56,0,0,0,0,0,0,0,0,0,1,0,0,0,-51.23731594860000
1047.06,85,85,388,0,1,0,0,0,50,1,0,0,0,0,0,0,1,0,0,0,0,0,-55.66269460956667
329.41,85,85,1400,1,0,0,0,0,69,0,0,0,0,0,0,0,1,0,0,0,0,0,-55.66269460956667
2081.82,110,110,724,0,1,0,0,0,55,1,0,0,0,0,0,0,0,0,0,0,0,1,51.90735916910000
933.33,75,75,810,0,1,0,0,0,90,0,0,0,0,0,1,0,0,0,0,0,0,0,-48.50256190910000
1218.75,160,160,2227,0,1,0,0,0,105,0,1,0,0,0,1,0,0,0,0,0,0,0,-48.50256190910000
566.67,150,150,367,0,1,0,0,0,55,1,0,0,0,0,0,0,0,0,0,0,0,1,-60.53058878860000
1467.92,265,265,599,0,0,0,1,0,5,0,0,0,0,0,0,0,0,0,0,0,0,1,-63.13165237590000
532.92,240,240,1090,0,1,0,0,0,47,0,0,0,0,0,1,0,0,0,0,0,0,0,-48.56267126640000
656.00,50,50,172,1,0,0,0,0,105,1,0,0,0,0,1,0,0,0,0,0,0,0,-48.56267126640000
312.50,400,400,0,0,1,0,0,0,0,1,0,0,0,0,0,0,0,0,0,0,1,0,-63.89571528200000
1666.67,135,135,1076,0,1,0,0,0,36,0,0,0,0,0,0,0,0,0,0,0,1,0,-63.89571528200000
998.00,500,500,1347,1,0,0,0,0,15,1,0,0,0,1,0,0,0,0,0,0,0,0,-2.65199948990000
1483.33,60,60,219,1,0,0,0,0,75,0,0,0,0,0,0,0,0,0,0,0,0,1,-23.73925671070000
2062.50,160,160,560,0,0,0,1,0,1,1,0,0,0,0,0,1,0,0,0,0,0,0,-5.84772838790000
2203.88,103,103,2176,1,0,0,0,0,55,0,1,0,0,0,0,0,0,0,0,0,0,1,58.55713569100000
1625.00,80,80,417,0,0,0,1,0,3,0,0,0,0,0,0,0,0,0,0,0,0,1,-23.14194535500000
1232.39,142,142,500,0,0,0,1,0,0,0,0,0,1,0,0,0,0,0,0,0,0,0,-2.35273023855000
3155.56,90,90,978,0,0,1,0,0,75,0,1,0,0,0,1,0,0,0,0,0,0,0,103.64428743540000
1231.34,134,134,1488,1,0,0,0,0,65,0,1,0,0,0,0,0,0,0,0,0,1,0,1.09915409815000
276.67,300,300,1267,1,0,0,0,0,84,0,0,0,0,0,0,1,0,0,0,0,0,0,-73.01275420730000
660.00,250,250,479,1,0,0,0,0,55,1,0,0,1,0,0,0,0,0,0,0,0,0,-2.19452486816667
1355.36,166,166,608,0,1,0,0,0,125,1,0,0,1,0,0,0,0,0,0,0,0,0,28.02335081713333
977.80,163,163,0,1,0,0,0,0,16,1,0,0,0,0,0,1,0,0,0,0,0,0,-4.62236984090000
141.21,698,698,698,1,0,0,0,0,45,0,0,1,0,0,0,0,0,0,0,0,0,0,-57.37536498870000
1173.91,230,230,666,1,0,0,0,0,60,0,0,0,0,0,0,0,0,0,0,1,0,0,4.50052998750000
100.35,1694,1694,1694,0,1,0,0,0,0,0,0,0,0,0,0,0,0,0,0,0,1,0,-68.54180047355000
3490.00,100,100,850,0,0,0,1,0,7,0,0,0,1,0,0,0,0,0,0,0,0,0,20.98321936716667
1125.00,160,160,924,1,0,0,0,0,50,1,0,0,1,0,0,0,0,0,0,0,0,0,20.98321936716667
933.33,300,300,157,0,1,0,0,0,68,1,0,0,1,0,0,0,0,0,0,0,0,0,-16.99251399655000
1370.00,200,200,7880,1,0,0,0,0,60,1,0,0,0,0,0,0,0,0,0,0,1,0,5.79303426875000
1665.00,100,100,1050,0,1,0,0,0,45,1,0,0,0,0,0,1,0,0,0,0,0,0,-0.57875035460000
479.60,250,250,605,1,0,0,0,0,65,1,0,0,0,0,0,0,0,1,0,0,0,0,-39.89244996125000
1595.18,168,168,0,0,0,0,0,1,0,0,1,0,0,0,0,0,0,0,0,0,0,1,-13.48963260980000
687.50,80,80,750,1,0,0,0,0,80,0,0,0,0,0,0,1,0,0,0,0,0,0,-32.93912790510000
888.16,152,152,152,0,0,1,0,0,73,1,0,0,1,0,0,0,0,0,0,0,0,0,-42.68253168100000
1236.00,250,250,0,1,0,0,0,0,55,1,0,0,0,0,0,0,0,0,0,0,0,1,20.56325514080000
540.94,684,684,684,0,0,1,0,0,45,1,0,0,1,0,0,0,0,0,0,0,0,0,-65.09039890060000
561.88,160,160,2200,1,0,0,0,0,45,0,1,0,0,0,1,0,0,0,0,0,0,0,-45.19249045430000
1078.22,148,148,366,0,0,0,1,0,0,1,0,0,0,0,0,0,0,0,1,0,0,0,-49.00314358190000
1400.00,250,250,557,0,0,1,0,0,85,1,0,0,0,0,0,0,1,0,0,0,0,0,-9.65090113660000
1025.00,100,100,1069,1,0,0,0,0,55,1,0,0,0,0,0,1,0,0,0,0,0,0,-0.01833614940000
214.29,1400,1400,1800,1,0,0,0,0,75,1,0,0,0,0,0,0,0,0,1,0,0,0,109.81401249380000
