offer_id,built_in,house_area,land_area,built_up_area,terrain,energy_certificate,electricity,water
JurZTuUssP0,2025,124,665.0,145.0,flat,"not available",on-site,well
JutFw8pKjMj,1970,130,646.0,130.0,flat,"not available",NULL,"public water"
JuKW3SQ8Df4,1996,307,1500.0,180.8,flat,"not available",NULL,NULL
JuLJB10v5yK,1960,130,753.0,130.0,NULL,"not available",NULL,NULL
Ju2gistO4oo,1905,130,1812.0,150.0,NULL,"not available",NULL,NULL
JuDeBj46p9m,1976,225,583.0,150.0,flat,"not available",on-site,"public water"
JubUhU28foO,2025,833,833.0,90.0,"gently sloped","not available","not available",well
JuSsCe7WLb6P,1960,734,734.0,NULL,flat,"not available","not available",well
JuB2SVYi89D,1950,150,238.0,213.0,flat,"not available",NULL,NULL
JuYNloJYOdw,1970,140,1034.0,150.0,flat,"not available",on-site,"public water"
JulZg30zNO8,2000,250,861.0,102.0,flat,"not available",NULL,NULL
JuJjPVMhkUw,2022,250,648.0,240.9,NULL,A,NULL,NULL
JudQy8A1FLU,2010,230,597.0,104.0,sloped,"not available",on-site,"public water"
Ju1eOtgzhMF,2024,80,435.0,100.0,NULL,A,NULL,NULL
Jui4dVLb9Ci,2024,110,566.0,132.0,flat,A,NULL,NULL
JuC8my3kfcD,1975,90,898.0,90.0,NULL,NULL,NULL,NULL
JultKoQUF1n,2025,378,NULL,NULL,"gently sloped","not available","not available",well
JuSbYhRyin-,1932,240,434.0,150.0,flat,"not available",NULL,NULL
JucbDZIqH5K,1930,378,812.0,308.0,flat,"not available",NULL,"public water"
JuTe9xTBEze,1963,148,1100.0,148.0,"gently sloped","not available",NULL,NULL
Ju9jNRRDueP,2019,35,NULL,NULL,NULL,"not available",NULL,NULL
Ju7QtyDiguT,2010,1,441.0,86.0,flat,"not available",NULL,"public water"
Ju8LEFRICza,2024,177,NULL,177.0,"gently sloped",A,on-site,"public water"
JuLVnnHvRdJ,1978,140,632.0,140.0,flat,"not available",NULL,NULL
JuxpGt9B3Fh,1980,150,2275.0,200.0,flat,"in preparation",on-site,"public water"
Ju3Q6cuW_-I,1910,120,456.0,95.0,flat,"not available",on-site,well
Jul9YtuXJRu,2024,180,519.0,150.0,"mostly flat",A,NULL,NULL
Jukf6G0DA_c,1991,240,596.0,155.0,flat,NULL,on-site,well
JurJNQloNhD,1970,90,362.0,130.0,NULL,"not available",NULL,NULL
Ju_HmYYnmau,2024,132,550.0,132.0,flat,A,on-site,"public water"
Juoe47l29P7,2024,160,677.0,119.6,flat,"not available",on-site,"public water"
Ju00Y-txNcF,1980,339,NULL,NULL,NULL,"not available",NULL,NULL
Ju4LWhuX-Wj,1980,524,524.0,NULL,"gently sloped","not available",NULL,well
Jubn7zHTz__,1970,240,1034.0,120.0,flat,"not available",on-site,"public water"
JuqnxCpkC06,2022,146,939.0,166.0,NULL,A,NULL,NULL
Juic0vZirTi,2025,563,NULL,NULL,flat,"not available","not available",well
JuS8ciWyKMi,1900,200,1371.0,250.0,flat,"not available",NULL,NULL
JubTPdj-awZ,2025,117,NULL,146.2,flat,"not available","at property line","public water"
JuGIhhHbPqD,2011,754,754.0,76.0,flat,"not available",NULL,well
JuxiHYI3lEP,2025,112,508.0,132.0,"mostly flat",NULL,NULL,NULL
JuS_u3LjF53,1992,200,1200.0,130.0,NULL,"not available",NULL,NULL
JuIAC6P7EYu,1980,447,447.0,250.0,NULL,"not available",on-site,well
JuSi1nzOb00,2023,180,1082.0,154.0,"mostly flat",A,on-site,well
JuwBtG9o2r1,2025,133,363.0,133.0,flat,"in preparation",NULL,NULL
JuN_zFqT9wt,1900,90,NULL,70.0,flat,"not available",on-site,"public water"
JuR8Ev-aWaZ,1963,150,555.0,154.0,flat,"not available",on-site,"public water"
JuZBjxQ80zt,2022,60,NULL,24.0,flat,"not available",on-site,"public water"
JuGyarQH5Tu,1960,244,988.0,244.0,NULL,"not available",NULL,NULL
JusX_sL1pCY,2025,624,NULL,NULL,flat,"not available","not available",well
JuMReNzFrmm,1970,114,540.0,73.0,sloped,"not available",NULL,NULL
JufUCJs2WIN,1980,120,921.0,100.0,flat,"not available",NULL,"public water"
JuViiwQVAc8,2023,125,600.0,125.0,sloped,"not available",NULL,well
Ju7iLKVUgMi,2025,205,NULL,230.0,flat,A,NULL,NULL
Ju_j96JYJ3R,2022,107,680.0,145.0,flat,NULL,on-site,well
JuacBqltuem,2025,565,NULL,NULL,flat,"not available","not available",well
Ju5jLRFNJLG,2024,131,849.0,NULL,"mostly flat",NULL,NULL,NULL
JuzhCWgXTbr,1980,836,NULL,NULL,NULL,"not available",NULL,NULL
Ju7pOpcYmHI,2013,145,954.0,107.0,"gently sloped",B,NULL,"public water"
Jueg5nyRwtD,2025,637,637.0,NULL,"gently sloped","not available",NULL,well
Jua2IIfvhoU,2025,1500,1517.0,NULL,"gently sloped","not available","not available",well
Juq1uzcK3Zo,1948,70,NULL,98.0,terraced,"not available",on-site,"public water"
JuwSpmc62PT,1974,260,1362.0,108.0,"gently sloped","not available",on-site,well
JuPi43juw_9,1966,150,540.0,180.0,terraced,"not available",on-site,"public water"
JuIasSYB1E7,2023,90,467.0,98.0,flat,B,on-site,"public water"
JuE3k8ViQWV,1977,150,NULL,120.0,flat,"not available",on-site,"public water"
JuJKCTa_I_C,1960,150,1700.0,585.0,"gently sloped",NULL,on-site,well
JuV4X4JdJ77,2024,160,771.0,180.0,flat,"not available",on-site,"public water"
JujjP_MAirA,1970,80,866.0,104.0,flat,"not available",NULL,NULL
JueY97MJhb3,1949,120,317.0,150.0,flat,"not available",on-site,"public water"
JubZoYrfSp9,2017,162,387.0,108.0,flat,B,on-site,"public water"
JuhR8_uiRxX,1980,280,699.0,280.0,flat,C,NULL,well
JuOitn_WAgJ,1995,1204,2920.0,1204.0,flat,"not available",NULL,NULL
JuIa9S8sGpG,2026,121,622.0,121.0,"gently sloped","not available",on-site,"public water"
JuhybejcNce,1980,160,600.0,160.0,flat,"not available",NULL,well
JudzDOvNunu,2025,1481,1481.0,NULL,flat,"not available","not available",well
JuPdbj_I7Hc,1980,736,736.0,NULL,NULL,"not available","not available",NULL
Ju88y75X0Gs,2025,30,NULL,30.0,other,"not available","not available","not available"
Ju0TAHkXz3F,2019,190,685.0,280.0,"mostly flat",B,NULL,NULL
Ju2mmFeZCca,1995,85,389.0,244.0,"mostly flat","not available",NULL,NULL
Ju_D1IbOI5l,2018,318,1037.0,159.0,"mostly flat",B,on-site,"public water"
JucYnfxB91V,2019,55,NULL,70.0,flat,A,on-site,"public water"
JufRC9onHuL,2020,295,NULL,295.0,"gently sloped","not available",on-site,well
Ju5R8pDPeWZ,1920,264,2032.0,200.0,flat,"not available",NULL,"public water"
Ju6HLriDjfB,2013,135,1236.0,147.0,flat,"not available",on-site,"public water"
Ju7mrdPR_cn,1991,305,544.0,200.0,NULL,"not available",NULL,NULL
Ju-2YZ37zxt,1921,95,876.0,120.0,flat,"in preparation",on-site,"public water"
Ju1cp4Zdad9,2025,134,750.0,157.0,"mostly flat","not available",on-site,"public water"
JulXcIcccXx,2024,200,805.0,230.0,NULL,A,NULL,NULL
Ju2sBY5BIo1,1940,250,750.0,NULL,NULL,"not available",NULL,NULL
JuE7_yY48hp,1963,150,570.0,150.0,NULL,NULL,NULL,NULL
JuZhO-rErgT,1970,170,774.0,170.0,flat,"not available",on-site,"public water"
JuOha8XJ-eZ,1990,100,800.0,100.0,NULL,"not available",NULL,NULL
Ju2EG21S4h4,2024,29,NULL,26.0,other,A,"not available","not available"
Jum5hTEjQIq,2025,1200,NULL,NULL,flat,"not available","not available","not available"
JuG-bGr9or0,2025,680,NULL,NULL,"gently sloped","not available","not available",well
JumII_lj6i4,2020,84,497.0,99.0,NULL,NULL,NULL,NULL
JunpOFmuQsM,2018,300,994.0,392.0,flat,"not available",NULL,NULL
JuaDU5eWN9y,2024,119,514.0,72.6,"mostly flat","not available",NULL,NULL
JucsRg9RieN,2000,248,1042.0,248.0,NULL,"not available",NULL,NULL
JuM4P4vy0RV,2024,131,588.0,90.0,NULL,A,NULL,NULL
JuUMimgiwBf,1900,130,1515.0,110.0,sloped,"not available",NULL,NULL
Jukz4cqoQIH,2025,156,632.0,167.0,other,A,NULL,"not available"
JuKIg369MuS,1980,2850,2850.0,NULL,NULL,"not available",NULL,NULL
JuBqrsBTBJs,2024,140,620.0,140.0,flat,"not available",on-site,"public water"
Jusa_KVAuJ7,1975,70,NULL,90.0,"gently sloped",A,on-site,"public water"
Jupd__eIrfW,2025,110,400.0,110.0,NULL,NULL,NULL,NULL
Ju419iKir6V,2023,160,NULL,180.0,flat,B,on-site,well
JuVNXqUSw6h,1900,400,519.0,260.0,"gently sloped","not available",NULL,well
JuV0_j6OG4Q,1970,80,327.0,90.0,flat,"not available",NULL,NULL
Juoa-Iz2VRV,1960,140,492.0,90.0,flat,"not available",NULL,NULL
JuEW0eTR9MG,1975,165,NULL,165.0,flat,"not available","at property line","public water"
Ju7atSyCG1P,1965,100,957.0,128.0,flat,"not available",NULL,NULL
JuvIyu9zHe0,2025,131,849.0,131.0,flat,"not available",on-site,well
Ju23oRXuRNw,1970,230,1850.0,100.0,NULL,"not available",NULL,NULL
JudhN1eg-Z1,1978,135,780.0,135.0,NULL,"not available",on-site,well
Ju9kLci6QHU,1980,910,NULL,NULL,NULL,"not available",NULL,NULL
JuddrVo_6K8,1980,190,1550.0,190.0,NULL,"not available",on-site,well
JubSXyHD9FS,2025,125,287.0,NULL,other,"not available","not available","not available"
JueNBBfFeD4,1985,187,361.0,94.5,flat,"not available",on-site,"public water"
JuCx5OqxogO,1955,270,372.0,125.0,NULL,"not available",NULL,"public water"
JugBNFAg1HA,2012,96,66.0,162.0,flat,"not available",NULL,NULL
JuE1L7QIb5r,1905,250,1800.0,250.0,flat,"not available",on-site,"public water"
Ju0MsknUaYA,1995,250,421.0,150.0,"mostly flat",NULL,NULL,NULL
Ju1GDbbrB55,2009,240,1707.0,164.0,flat,"not available",NULL,NULL
JuaMaWInHEa,2024,431,630.0,199.0,NULL,A,NULL,NULL
JujFiU7wF23,1998,160,1000.0,125.0,flat,"not available",NULL,NULL
JuxEotSi75n,2010,110,329.0,103.0,flat,B,NULL,NULL
Ju5GSMP-mjz,1967,210,1590.0,120.0,NULL,"not available",NULL,NULL
JujtVzSs6Xp,1992,280,800.0,120.0,flat,"not available",on-site,"public water"
JuHDbG3yLMb,1970,90,185.0,96.0,flat,"not available",on-site,"public water"
Jug4SIOybnO,2025,490,NULL,NULL,"gently sloped","not available","not available",well
Ju1tsUeFhRS,1980,103,NULL,NULL,NULL,"not available",NULL,NULL
Juws22--sLM,1975,150,NULL,100.0,"gently sloped","not available",on-site,"public water"
JuiKlGUbKmU,2025,300,672.0,672.0,flat,"in preparation",NULL,"public water"
JuvemPDdxob,2024,119,809.0,131.0,flat,A,NULL,well
Juv-ZyHYN0s,2025,145,512.0,75.2,flat,"not available",on-site,"public water"
Ju9NWPjsyPl,2002,186,1045.0,154.0,NULL,B,NULL,NULL
JuFzDxVJ2q6,2022,110,749.0,110.0,NULL,NULL,NULL,NULL
JumvGr4WHDN,2025,234,1034.0,NULL,other,"not available","not available","not available"
JumL89VNCQA,1930,120,NULL,104.0,flat,"not available",NULL,NULL
JuE93RTyEY1k,1960,200,1318.0,200.0,NULL,NULL,NULL,NULL
JuKa1Trlsqb,1974,120,860.0,115.0,flat,"not available",on-site,well
JufqC5RH_Te,1910,200,706.0,154.0,flat,"not available",NULL,"public water"
JuFqa8ebzxy,2022,146,939.0,166.0,flat,A,NULL,NULL
JuWeOewD3Gg,1938,336,1144.0,168.0,flat,"not available",NULL,well
JuuJvOruCyE,2018,200,1039.0,155.0,NULL,A,NULL,NULL
Ju1Fv2ySoaS,1985,130,2275.0,200.0,flat,B,on-site,"public water"
JuFC-aJuKRa,2025,672,NULL,NULL,flat,"not available","not available","not available"
JuSs3N5i3rL,2025,110,375.0,110.0,NULL,"not available",on-site,well
JuKx19d2RCd,1960,255,560.0,170.0,flat,"not available",on-site,"public water"
JuY-SPBwd8P,2020,113,NULL,159.0,NULL,A,NULL,NULL
JuLWBKzZeJE,2025,130,471.0,135.0,"gently sloped","not available",NULL,"public water"
JuD8rezKquD,1981,200,675.0,100.0,flat,"not available",NULL,NULL
JubU0eKdiVr,2025,131,849.0,131.0,flat,"not available",on-site,well
Jupwy58HyS3,2025,120,400.0,60.0,flat,A,NULL,NULL
Jux_9WVvE-Q,1930,100,765.0,100.0,NULL,NULL,NULL,NULL
JupBKdvb5-A,1980,582,582.0,NULL,flat,"not available",on-site,well
JuoQ_50mfjv,1970,300,390.0,120.0,flat,"not available",NULL,well
JuiW01vp_No,2008,220,700.0,128.0,NULL,"not available",NULL,NULL
JugGPssQETW,2025,547,NULL,NULL,flat,"not available","not available","not available"
JuVBGZswzO8,2025,865,NULL,NULL,"gently sloped","not available","not available","not available"
Ju6igj_0jNC,1980,120,1515.0,168.0,"gently sloped","not available",NULL,"public water"
Jun0rUiHHId,2024,200,NULL,100.0,"gently sloped","not available",on-site,"public water"
JuRC_sngF0m,2020,178,389.0,90.0,flat,A,NULL,NULL
Jupi9oHSOxK,1935,154,536.5,268.0,flat,"not available",on-site,"public water"
JuhlHrJa9hV,1972,280,724.0,100.0,flat,"not available",on-site,"public water"
Jufj_0Gj-0k,1965,140,1620.0,180.0,NULL,"not available",NULL,NULL
JuqStupTj78,1966,111,258.0,112.0,flat,"not available",on-site,"public water"
Juk3KAL7-tq,1995,250,203.0,97.0,flat,"not available",on-site,"public water"
JudpEUux9d7,1960,120,1760.0,140.0,"mostly flat","not available",NULL,NULL
Ju3LCu23qXh,1957,133,635.0,133.0,flat,"not available",on-site,"public water"
Juwr4hT_Hw4,1977,250,325.0,106.0,NULL,"not available",NULL,NULL
JuLejb12kjD,1978,170,900.0,100.0,flat,"not available",on-site,"public water"
Ju3CARY9OXA,1974,210,1060.0,110.0,NULL,"not available",NULL,NULL
JuuOm3BAvYEs,1900,810,2522.0,1018.0,flat,"not available",NULL,NULL
JuiyrWA4fnU,1971,200,347.0,81.0,flat,NULL,on-site,well
JuwmzGWznze,1900,95,681.0,60.0,NULL,"not available",NULL,NULL
JuZLXRA74dF,1970,455,455.0,200.0,flat,NULL,NULL,well
JuuVW7D3CC4,2023,180,NULL,120.0,flat,B,on-site,well
JucFteCcorV,1960,233,1483.0,150.0,flat,"not available",NULL,NULL
JutrNWqo1mF,2015,86,470.0,130.0,NULL,A,NULL,NULL
Ju91riyeIY0,2023,140,484.0,118.0,NULL,NULL,NULL,NULL
JuJVlSLNzUp,2000,370,1570.0,NULL,NULL,"not available",NULL,NULL
JuDis4x18zz,2025,180,NULL,100.0,"gently sloped",A,on-site,well
JuDZksNmp-x,2008,1000,NULL,122.0,NULL,"in preparation",NULL,NULL
Ju-NcnxkRbA,1976,72,507.0,94.0,NULL,"not available",NULL,NULL
JuCQvl5wSHc,1957,130,1600.0,110.0,NULL,"not available",NULL,NULL
JuMul7PwvM2d,2025,126,295.0,108.0,"mostly flat",NULL,NULL,NULL
Ju8Q97pjRsq,1989,280,735.0,NULL,NULL,B,NULL,NULL
Ju2NkOjuxZI,2016,130,365.0,NULL,other,"not available","not available","not available"
JuJ5uCQt9op,1990,230,872.0,103.0,flat,"not available",NULL,NULL
JurLHZvtaEy,1965,97,490.0,96.7,"gently sloped","not available",NULL,NULL
Juxivp9KfQ0,2025,123,520.2,136.0,NULL,A,NULL,NULL
Jud93oHCOHE,2025,155,NULL,NULL,flat,"not available","not available",well
JuJsyjovPfc,1972,90,2569.0,95.0,NULL,"not available",NULL,NULL
JuOaEJ-u0ZG,1965,60,268.0,77.0,"gently sloped","not available",NULL,NULL
Ju02FWXcSxg,1935,150,1176.0,150.0,flat,"not available",on-site,"public water"
JuNBS73Ff1Z,1970,212000,424.0,106.0,flat,"not available",NULL,"public water"
Juet0DuhtSi,2025,65,140.0,104.0,NULL,"in preparation",NULL,NULL
JutC2YgCUCh,1979,138,414.0,140.0,NULL,A,NULL,NULL
JuxTlJngqfx,2020,184,110.0,NULL,"mostly flat",NULL,NULL,NULL
JuTG5fkPlv9,2010,228,1200.0,114.0,sloped,NULL,NULL,well
JunogbuFikZ,1970,175,375.0,159.0,flat,"not available",NULL,"public water"
JuQYvnGYftR,1980,181,NULL,181.0,NULL,"not available",NULL,well
JuE2xdPeLMB,1982,350,423.0,NULL,NULL,"not available",NULL,NULL
JuQBGbl9GCs,1970,180,2616.0,180.0,"gently sloped","not available",NULL,well
Ju_uHTH2LKy,1950,160,933.0,100.0,"mostly flat","not available",NULL,well
JucgDISpkFu,2016,112,NULL,147.0,flat,B,on-site,"public water"
Juf5RoOgfBW,1964,160,778.0,110.0,flat,"not available",on-site,"public water"
JuZFa40Foop,1962,100,1260.0,150.0,flat,"not available",NULL,"public water"
Juako0agoSO,1970,367,755.0,119.0,"mostly flat",B,NULL,"public water"
Jubj0GQo0yb,1990,220,480.0,165.0,"gently sloped","not available",NULL,well
JufilbyD1c1,1993,160,524.0,160.0,NULL,NULL,NULL,NULL
JutiSbVRe_4,1960,270,753.0,225.0,flat,"not available",NULL,NULL
JuNs-c1_Jug,1990,130,475.0,285.0,flat,"not available",NULL,"public water"
JunPSVDxWEH,2025,1481,1481.0,NULL,flat,"not available","not available",well
Jujj9R6pdLi,1960,150,683.0,160.0,flat,"not available",NULL,well
JuX1WyelwxA,2025,650,NULL,NULL,flat,"not available","not available","not available"
JuiwpIv6ZO8n,2010,200,586.0,200.0,NULL,NULL,NULL,NULL
JuzAGRifcCv,2013,200,790.0,100.0,flat,"not available",NULL,NULL
JuWLq7Wh8lf,2020,170,715.0,94.0,NULL,"not available",NULL,NULL
Ju9fCSXKuI8,1900,200,1064.0,140.0,NULL,"not available",NULL,NULL
JuzfaiaPF1e,1995,95,NULL,100.0,flat,"not available",on-site,"public water"
Ju_jNWgq4Ah,1979,200,NULL,100.0,"mostly flat","not available",NULL,NULL
JukqbzsVg5j,1957,227,4951.0,181.1,flat,"not available",on-site,"public water"
Ju7p-ibu19t,1985,285,1073.0,120.0,"gently sloped","not available",on-site,"public water"
JuHbG5bC-AQ,1940,240,4377.0,120.0,"gently sloped","not available",NULL,NULL
JuMpX9TQAHl,2007,250,NULL,150.0,flat,"not available",on-site,"public water"
JuTNxy0mSKf,1970,200,1032.0,100.0,"mostly flat","not available",NULL,NULL
Juwnal8LZ_c,2024,200,588.0,90.0,"gently sloped","not available",on-site,"public water"
JukKOW5g8ic,1975,100,1359.0,197.0,flat,"not available",on-site,"public water"
JufvMyqhmxo,1995,238,NULL,NULL,flat,"not available","not available",well
JuUuFP8LBad,1967,130,895.0,100.0,"mostly flat","not available",on-site,"public water"
JuGlgzti-Xv,1970,150,713.0,120.0,flat,"not available",on-site,"public water"
JuLLKbrzsGT,1975,200,NULL,130.0,"gently sloped","in preparation",on-site,"public water"
JuHzzpFEcq7,2022,450,1700.0,227.0,NULL,"not available",NULL,NULL
JuAHn1RYaaM,1980,120,2036.0,120.0,flat,"not available",NULL,NULL
JuUyDXLqSR7,1970,280,1039.0,132.0,flat,"not available",on-site,"public water"
JuxqHjwv5kQ,2025,130,600.0,130.0,flat,"not available",NULL,well
JukjLL6Pznq,2023,200,1310.0,100.0,flat,"not available",NULL,well
JuEdQgaYA3w,1970,203,722.0,203.0,flat,"not available",on-site,"public water"
JucVvBL8mQZ,2024,84,416.0,93.0,flat,A,NULL,"public water"
Juzanri8hki,1964,160,778.0,110.0,flat,"not available",on-site,"public water"
JuNKxzZQlzf,1980,200,649.0,120.0,flat,"not available",on-site,"public water"
JuLre6AewXY,2022,90,909.0,90.0,NULL,NULL,NULL,NULL
JuJF0aEq48e,1958,664,NULL,78.0,flat,"not available",on-site,well
Ju2bCMkIGvc,1956,100,1550.0,100.0,NULL,NULL,NULL,NULL
JuHinPus21r,1932,120,982.0,50.0,flat,"not available",NULL,"public water"
Ju3sdsvW1qf,2025,250,980.0,138.0,NULL,NULL,NULL,NULL
JujgFHysqby,1961,70,173.0,90.0,flat,"not available",NULL,well
Juec3rJbHzE,2022,126,380.0,70.0,flat,B,NULL,well
JuVTTY5wrme,1961,100,NULL,250.0,flat,"not available",on-site,"public water"
JufEAKik-mc,1980,138,452.0,138.0,sloped,NULL,NULL,well
Ju8UQkGga6F,1941,1252,1252.0,575.0,sloped,"not available",on-site,"public water"
JuMmB0vZcwg,1995,160,544.0,119.0,"mostly flat",NULL,NULL,NULL
Juu4bOArZvB,1920,90,543.0,90.0,NULL,NULL,NULL,NULL
JuG-JRPmhAG,2023,100,450.0,NULL,other,"not available",on-site,well
Ju6-BxY4Q9v,2020,80,354.0,80.0,NULL,NULL,NULL,NULL
Ju4_CW18xww,1970,150,812.0,150.0,flat,"not available",NULL,"public water"
JujfdD-5RPO,2024,147,NULL,199.0,flat,A,NULL,well
JuJ5z8J0t7V,2022,175,700.0,NULL,other,"not available","not available","not available"
Ju7pKhqP4zK,1937,464,2177.0,464.0,flat,"not available",on-site,"public water"
JuRty8qQQ_7,1980,220,NULL,344.0,"gently sloped","not available",on-site,well
Juv0ePbKA7G,1930,100,NULL,907.0,flat,"not available",NULL,well
JuKz9mvEvI_,1928,200,NULL,200.0,"gently sloped","not available",on-site,"public water"
JunAaEjMO5H,2006,260,NULL,140.0,flat,"not available","not available","not available"
JuVJGPaHJOp,2002,386,1045.0,154.0,"gently sloped",NULL,NULL,NULL
JuqydMjWuh4,1900,100,576.0,80.0,NULL,"not available",NULL,NULL
JunkMQWQbHn,1980,683,683.0,NULL,flat,"not available",on-site,well
JuM-6ImZqgg,1967,165,1000.0,95.0,NULL,"not available",NULL,NULL
Jup9Yn-xSxK,2025,125,426.0,NULL,other,"not available","not available","not available"
JuB8tqpRaSl,1950,110,402.0,160.0,"mostly flat","not available",NULL,NULL
Juu2Y87Z-DK,1979,220,1057.0,106.0,NULL,"not available",on-site,well
JukEQsAHFmW,1970,100,1230.0,160.0,"gently sloped",NULL,NULL,"public water"
JuMiWG_Bjr-,1958,160,3200.0,100.0,flat,"not available",NULL,NULL
JuoozgHS-2r,1965,160,435.0,108.0,"gently sloped",NULL,on-site,well
Juzaery-uaM,2023,139,712.0,160.0,NULL,NULL,NULL,NULL
JuJSekEM4oc,2026,102,750.0,130.0,flat,A,on-site,"public water"
JubJO0qS-zH,1965,140,1620.0,180.0,flat,"not available",NULL,"public water"
JueA1N-Ntfj,1930,96,593.0,76.0,"gently sloped","not available",NULL,"public water"
JuHtgn-PdTN,2025,106,605.0,NULL,flat,"not available",NULL,well
Jub25_ejcJA,2013,153,491.0,92.0,"gently sloped",B,on-site,"public water"
JuvMlRWqyJoo,2003,240,1619.0,NULL,other,"not available","not available","not available"
JuzSO8DcIjL,2013,150,649.0,163.0,flat,"not available",NULL,"public water"
JuT-mCUWMWu,2020,120,1112.0,70.0,"gently sloped",A,NULL,NULL
Ju14mSBpDUx,1960,200,522.0,110.0,NULL,"not available",NULL,NULL
Ju07wpce3-e,1922,50,182.0,50.0,NULL,NULL,NULL,NULL
JuiIP6qTDBs,1970,100,709.0,264.0,flat,A,NULL,"public water"
JuWA9aOrYrn,1960,120,1621.0,150.0,flat,"not available",on-site,"public water"
JuTaKGvu-_W,1956,100,850.0,100.0,NULL,NULL,NULL,NULL
Juolbg2gxyQ,1900,300,769.0,150.0,other,"not available",NULL,NULL
JuOzMZP3NXD,1989,70,NULL,34.0,"gently sloped","not available",NULL,well
JuhiXx9KEAl,1980,612,NULL,414.0,"gently sloped","not available",on-site,"public water"
JuD_VuWF7qU,2018,94,1104.0,100.0,sloped,B,on-site,"public water"
Ju7FT7K1T9V,1960,156,880.0,156.0,flat,"not available",NULL,NULL
Ju1tEs_gT7e,2016,140,639.0,143.0,sloped,A,NULL,NULL
JujDi-L-0hf,2020,126,1722.0,166.0,"mostly flat",A,NULL,NULL
JuWVZLxkLMK,2025,1375,1375.0,165.0,"gently sloped","not available","not available",well
JuUrENnUrd4,1967,120,1074.0,205.0,flat,"not available",NULL,NULL
JuRBO1iDcGe,1975,240,816.0,215.0,flat,"not available",on-site,"public water"
