offer_id,monthly_rent,monthly_rent_m2
JuzjcjA88fI,640,10.34
JuR9IQwr1DX,590,8.68
JueQeTeryjC,NULL,NULL
JujzGN4k6bn,600,9.24
JuyUZh4v08L,700,14.29
Ju8a3kcGYvG,650,13.00
JucquL8E-bM,840,NULL
JuTiIF5zkxo3,560,8.62
JuUCL8fPL9h,450,12.50
Ju3gs_noUEz,620,13.78
Ju_IBACCGzT,450,6.82
JuatrleUyRX,590,7.56
JuqBZCEixbC,685,13.17
JunnFbGwfA5,700,11.67
JugXYWqkt4N,390,13.00
JuqvNgpYqrd,560,14.00
JuA8-pf41pn,900,10.84
JuxBkaifl6df,650,15.48
JunBqR0DBP9,590,11.80
JucOhPXEpxa,730,10.28
JuFqVxR2Rua,650,13.54
JuLEeBcqSvN,550,10.94
JuHC3L7PHAo,250,16.67
JuxsO06uVZG,490,11.40
JuxQsJlXHSK,810,10.91
JucmUHZL9fQ,840,14.74
JuJBn5ZeVAm,630,12.35
Juk9u-rNEqG,500,10.86
JuDorfwK08d,550,6.47
Ju9qrQrSqzm,500,20.00
JuVp8M6bnwG,600,7.50
JuKJT8WJuFF,530,14.32
Ju8mh8KzH4f,530,8.83
Ju_qGSnLBzz,520,8.81
JuQY1ZnmE4m,480,19.20
JuMhyPasgwl,450,10.98
JuPet_Ep-JW,400,5.71
Juw69usHNF6,730,8.49
Jup6mGYDCrv,560,9.88
JuY4e0DxXsH,490,10.89
Jue5OG4Sl5k,600,12.00
JumQaXesU-y,470,16.79
JuXIzNjmik_,950,9.13
JukKH41KaWr,650,5.37
JuWzCETm2y0,620,8.91
Ju2skZ_XIuH,500,5.56
JuWx4I1iGWR,500,6.25
Ju6ap4Twr5W,650,NULL
JuVlvDHUEHV,580,11.60
JukzS9fkGsH,800,9.52
JuwxWNhZHvq,500,11.36
JuNh7AtADFs,480,10.91
JuoVEcjPg5o,400,5.71
JuyUHlMcv_Q,1200,16.44
Jutomv1SERc,550,9.65
JuIK5SS5weX,560,10.18
JuvxR6XXHxE,800,10.83
JuT8ujDpM1g,660,11.00
JuBAitX8aRy,500,9.16
JuYm2hUT2pj,250,2.72
JuvmTUfehMc,NULL,NULL
JuaMkijSYs-,380,15.39
JuZL3wORd4j,520,15.04
JuhvRDg8Y4C,390,6.72
JuEGUe9TZYw,720,10.00
JuUFq9Wci3W,360,14.40
JuGfHZevCsA,590,8.94
JufXjo0g1k9,700,11.78
JuPNe1hyDeq,690,12.14
Ju4eeNbxgyr,690,13.80
JuN3wzC2QtN,470,13.06
Ju7i7kUX31N,NULL,NULL
JuTL4AQg4bH,550,10.00
JuYNcMLobvd,650,6.37
JuRDv8rOGAN,480,10.42
JuG-jkKlogR,600,12.00
JuKxd6XdpfQ,580,8.29
JuykyParod3,550,7.86
JuzGrB3SDsa,400,16.00
Ju3pgjh4OY7,720,16.74
JuV0WpoDBe_,490,13.24
JuQ3YUuwUTb,1100,11.96
JutqtoD-x5N,550,8.87
Juu8kqRVDip,630,10.33
JuL2muHqM6p,750,10.71
JuzUlNr7U_e,700,11.67
JuZK9MB7o6G,840,10.00
JuSreilLACi,750,12.10
JuZLDF7L6J1,1000,11.11
JuKOidVb0W7,550,6.88
JuIDpA00OUN,450,10.23
JuEg-jxdD7t,590,9.08
JuBSH-C3TAe,NULL,NULL
JuDV2pnh02W,500,8.62
JuBpZ_BskLa,650,12.75
JuFuOGe_LXE,699,11.65
JuKXwzVXskc,1900,11.73
JuaoWKxAUyW,750,11.54
Juwu97tpKpb,560,8.24
JuNAef2PSXl,850,10.24
JunvsP3a8hf,NULL,NULL
JuuJ1uhMrN8,550,8.59
JuTbC9RkGly,1900,11.73
JuKzHgnrtuZ,590,9.08
JupAkSKIIBk,560,6.36
JunvOdNMl-j,650,13.00
Ju5MSxaC_U4,350,13.46
Ju0sE49cmdc,650,10.00
Ju9wHsIIJEO,800,8.00
JupJ5OCoIez,600,12.00
JuqvAhg9dB7,650,10.83
JudvlSKcuB3,450,9.00
Ju71Or7iIz1,520,8.00
JupbJt5OZmn,580,7.73
Ju-XczSJwZk,800,10.83
JuoQ5zgqUF8,750,8.33
Ju6NM6rUyuq,390,7.09
JuYWEki50At,360,25.71
Julagh5blsT,550,6.47
JuaDMLn46eO,500,9.26
JuzwzT16anT,1100,11.96
JuK1t12r-oH,700,12.73
Ju7WBBedEh6,650,6.37
JuFVUTYq75r,570,10.75
JuktUK0BQQK,770,11.49
JuSqYMaXIJ4,550,10.58
Juty1iBq1Em,680,9.71
Ju4n_bUHLJ9,500,7.69
JuDt4JSbLor,550,10.00
Jui1mJgPtv9,650,8.13
Jud1TyzIUXK,800,12.31
JuewVCwJvGy,NULL,NULL
JuoZ1J6Es1y,650,13.00
JuWQ2JltmXN,680,8.72
Ju4MMsyYZ5L,450,18.00
JuzbyOpl5Xf,1080,12.81
JuFU83JdcqO,590,8.88
JucGgWWz-uF,450,10.71
JueR5kVH0gB,504,9.00
Jugl5WLVOis,610,12.20
JuVx84ohOxh,NULL,NULL
Ju65cZ1we6J,650,17.57
Ju-XTfWbu4x,NULL,NULL
JuqmFIXrbkG,400,18.18
JuNbGbpkzSB,1100,10.00
JuOHl43if-S,530,13.95
Juv-PlaXTBH,580,9.67
JuiXqsf4YYv,1300,13.13
Juuc5eYfRcY,520,10.61
JuvU6HPzzl0,550,13.10
Ju67d-dUTmu,800,9.88
JutGSTAuW2R,750,10.42
JuZCBswYwaN1,NULL,NULL
Ju4LJ_g_D6K,800,10.92
JudMJ6hNCSy,600,10.00
Ju6MmU5y4t_,1700,6.54
Juq_j6YQYsV,490,8.75
JuoJ3kkyC7Y,550,9.17
JuVvUzJnXTu,900,12.86
JuNw9r8KaEc,430,11.32
Ju_V7mSpqiT,500,20.00
JuZMRwuUCim,750,11.54
JuyXVDLxEni,500,NULL
Juq7qf85SJ_x,460,9.58
JuW48-9PwOZ,500,10.00
Ju9pwW3rFN2,490,NULL
Ju5kidrwmrO2,460,9.20
JuokG910TrR,430,14.33
JuJqHGEd9oq,360,14.40
Ju9itHE-Ye8,650,11.82
JuE1GXKIL78,600,15.79
Juhxp3dqjhf,450,15.00
JufwsWkzi_8,430,14.33
Juq2JDI17SL,650,17.57
JufIcrH5ACA,790,11.29
Ju9Ws1QPS3n,700,8.77
JuazplczVyT,380,15.20
JuuM-q0SgiK,750,8.93
JuUOO-LXy23,699,11.10
JucyrM14fby,799,8.98
JuxE6cxjVt5,800,11.11
JuS9mzdfL46,530,6.63
Juopd9f8gHL,600,11.32
JuKVuQz4tJM,540,12.56
JuXU3OM1vfY,700,10.77
Ju7W5q5NyuP,NULL,NULL
Ju-7v4T1AY6H,590,10.00
Juqwj6nqGVe,1200,16.44
JufIYFnXqFe,550,7.86
JuUk6PkKhU1,800,12.31
JumYoLK7UqZ,500,12.50
JuJZH5W0xc8,580,8.29
Juluyhlg8Mb,340,17.89
JuE57rFMsYf,660,11.00
Ju6xkslUZo-,950,12.67
JuwbdEJILXn,630,12.60
JuvOvL67CnW,640,8.53
Jum6U0_5m9N,500,8.47
JuoiWz-kUDq,700,14.00
JuxN0XX5d2L,805,10.90
JuQfDarw60S,600,9.38
JuPs0jZ4Upm,700,11.67
JuZ2eoxoyai,400,5.00
Ju6KRY_ibJj,480,6.86
JuuS6FA8WTM,420,11.05
JuwDKSHdYOM,470,8.25
JuKE1haIfBQ,600,16.67
JukH94BLOrl,400,10.53
Ju_P4weQ1yi,700,9.72
Ju4jUNHrCaa,590,15.95
JueFBhJMkEL,370,14.23
JuiowNIBmX1,620,8.38
JusujBj0j9H,760,9.50
Ju1sYuOumZf,650,NULL
JupXiFdQKs1,730,10.43
Jut7GOvY7Cs,680,5.76
JuucDO18CeY,800,NULL
Ju_N2iy5JWS,260,14.44
JukxcpBCVX8,520,17.93
JuyD0Z9BTN-,640,10.34
Ju9LPOOoAn-,890,9.67
Juq3cdm2VSm,560,11.02
Jum7aZZZlIy,400,14.81
JujQYigyRBf,435,6.90
Ju6nNzmPk_9,690,13.12
Ju6oJmE8oWf,600,10.68
JuXmK-edCSR,810,10.95
JuURItmx0gz,590,11.46
JuBNi2HSNwg,700,7.78
JuJGytVBKhB,650,11.40
JuaIL0ybcDR,650,8.02
JubGyQoKm-F,540,9.82
JuMlNRioczT,950,4.48
JuKy-dL9Ryo,850,13.71
JuR0t0CZHt8,600,9.09
JuyBFHxJEo2F,450,12.50
Jus0-bkZHge,580,8.53
Jubh8FOR_C9,320,14.55
JurzQ4OXOH_,520,17.33
Ju88ayVM-YP5,650,4.04
Ju27eP_ig4Z,650,12.75
JuY5BHrBXS_,800,9.30
JuDGw-se-Mg,400,10.53
JuQ4Jf_xqij,620,8.86
Ju9csMkjbyN,620,8.73
JuwMlHIuC26,550,17.74
JuN8mAtD42x,550,9.17
Jun8HaIrjPB,650,9.03
JuZ6EDDylkC,750,8.82
Ju6cRlkmMC_,350,12.50
JuFBiuRLpoy,650,11.82
JuIgM2fUqeh,570,10.56
JurbbuyjxWx,1250,9.47
JuSS030a7te,597,14.56
Ju93xLSe03c,320,10.67
JuRvQ8h5ljK,750,10.42
JuqL8yAiSJt,550,12.79
JuCHpapFKG8,555,11.56
Ju54zsovXgd,740,11.75
JuUygteSgA9,390,7.80
JuvxnqGhrvB,500,6.67
JudF4Y5NRYO,600,15.38
JuWSXBSHA4W,330,12.42
JuSwv58uXFj,390,16.96
JuSEGf_jb32,650,11.21
JujwaDNeJ1i,NULL,NULL
Jusrma_M5xf,800,11.11
JuETFY0yocs,700,13.46
Juo8y036wNc,740,13.02
JuPeIRhvo6g,650,12.50
Juq3ES8kVdO,600,8.11
JupL8ZjnO78,650,16.67
JuzI-cY3VGB,600,10.00
Jurvisl8PBq,NULL,NULL
JuC3qFxZRHA,690,10.95
JuOtmAhAnN-,690,8.63
JuuGHfugsJe,590,14.46
JuK1Ou62x1-,650,NULL
JuxOi4dlZ8Z,550,9.48
JuxSKEPCvI9,420,10.50
JumIry3ptkT,450,7.12
JuJkIhlhMxu,600,8.42
JunnDIKOU8H,650,10.16
Ju1CJs1XMWM,700,14.29
Ju52OxQfZ-e,650,8.84
Juug2Jz1Pse,390,13.93
JuR_XmdYxiI,550,12.79
JuwL1ope4JQ,760,13.57
Jur94HxnWLm,350,14.58
JugZ1tAn0SZ,490,13.24
Juc_BdIYUe1,650,9.56
JuWjsR8x7Sv,500,8.20
JulRM1RZW6m,1200,8.82
JuNnPRzxLFf,630,NULL
Ju4lgcUtMo2,580,8.53
JuFMzwDkckH,750,8.72
JuB3Z9PEAiq,600,8.11
JuGX51SpwM8,650,8.13
JuEn89TLzyn,720,12.20
JuDVCgxcWoV,450,15.13
