house_no,actual_price_m2,predicted_price_m2
1,1625.00,1589.8
2,2843.75,1886.52
3,1531.25,1342.03
4,1848.15,1642.22
5,1521.74,1529.4
6,1344.79,1457.05
7,2616.28,2335.49
8,1224.49,1590.43
9,1500.00,1372.49
10,1151.07,1220.36
11,4189.47,2125.3
12,434.33,766.48
13,1538.46,1765.4
14,1035.71,861.27
15,241.48,-276.97
16,1357.58,934.51
17,1740.48,942.11
18,1551.09,1734.1
19,2233.33,1499.94
20,3453.61,1718
21,2360.00,1237.77
22,2500.00,1622.73
23,1351.35,1783.02
24,4062.50,1550.86
25,1075.00,1294.94
26,2281.65,2104.58
27,562.47,1119.66
28,833.33,911.44
29,1075.00,996.62
30,2499.88,2271.78
31,2640.00,2210.01
32,1583.33,1663.92
33,1035.71,1265.93
34,2917.53,2370.1
35,2926.58,1938.72
36,581.63,1149.17
37,1931.82,2389.57
38,1173.68,1545.27
39,2606.21,1664.13
40,340.38,345.07
41,630.00,729.02
42,1409.09,1747.63
43,1666.67,1594.25
44,950.00,1089.86
45,353.85,648.68
46,1020.00,1476.2
47,1065.00,1373.5
48,846.33,1638.92
49,158.58,597.6
50,956.00,1503.51
51,1020.00,1373.19
52,1572.58,1682.17
53,1439.96,2313.08
54,1961.54,1708.83
55,181.82,106.9
56,3913.58,2546.44
57,1145.83,1144.23
58,1458.33,1847.02
59,1458.33,1315.51
60,1822.15,1884.6
61,2616.28,1960.94
62,990.00,698.68
63,104.17,-140.63
64,1062.22,730.88
65,3180.56,2240.1
66,587.06,1805.69
67,768.46,1192.8
68,407.41,584.69
69,1369.10,907.08
70,1369.10,872.1
71,260.00,467.3
72,320.54,181.3
73,2250.00,1334.58
74,1317.57,1431.08
75,2453.85,2324.43
76,2576.92,2324.43
77,1642.86,1678.68
78,2230.69,2264.34
79,184.86,251.11
80,1445.95,1197.49
81,1034.14,1037.17
82,194.50,443.03
83,1833.33,1490.28
84,1191.18,1220.64
85,1954.25,2099.5
86,2860.15,2362.16
87,2617.11,2343.89
88,1443.30,2350.05
89,1546.96,2565.22
90,1870.31,2158.22
91,1870.31,2154.73
92,1443.30,2350.05
93,2699.52,2344.16
94,1040.70,1272.43
95,2698.36,2344.03
96,3651.79,2479.9
97,680.58,1206.36
98,888.89,1389.39
99,945.83,877.04
100,1649.50,1903.3
101,1649.50,1903.3
102,1922.07,1366.51
103,681.82,1078.25
104,1165.50,1002.95
105,1538.08,1114.91
106,1449.44,1945.33
107,835.00,791.42
108,1895.42,1366.51
109,1043.18,1175.06
110,1388.89,1259.52
111,1380.28,1181.3
112,3500.00,2438.26
113,1264.71,1352.28
114,3333.33,2514.93
115,416.67,404.63
116,1582.22,1911.46
117,214.40,527.86
118,1190.48,1123.51
119,999.50,731.55
120,2956.99,2225.69
121,340.78,220.9
122,340.78,220.9
123,650.60,1093.91
124,650.60,1093.91
125,888.89,1552.66
126,1499.44,1879
127,1020.83,948.57
128,581.68,612.51
129,330.07,324.27
130,492.31,2011.81
131,2369.57,1221.21
132,3000.00,1762.02
133,1291.67,1159.35
134,587.50,205.27
135,1607.14,2090.03
136,1400.00,823.73
137,1290.00,908.85
138,620.00,1080.33
139,1.56,-2743.87
140,1035.98,1516.65
141,466.67,938.01
142,2615.38,1591.07
143,925.00,1706.36
144,700.00,1621.68
145,1322.58,1767.55
146,3300.00,2223.63
147,3024.59,2285.41
148,3561.15,2219.46
149,1752.94,2068.51
150,470.20,311.24
151,639.67,1115.32
152,1827.59,2093.15
153,1908.40,2147.88
154,712.50,956.78
155,2651.52,1914.14
156,2657.96,2092.05
157,1908.40,2144.38
158,1741.67,1478.23
159,178.57,617.91
160,735.29,1097.85
161,3357.00,1745.66
162,1519.95,1708.71
163,2062.50,1892.6
164,2333.33,1429.82
165,771.08,1564.07
166,1778.57,1742.63
167,869.42,1347.31
168,2350.00,1757.78
169,2372.88,2254.68
170,800.00,1419.95
171,813.33,1007.71
172,800.00,1419.95
173,1608.65,1796.41
174,1872.00,2183.49
175,1409.09,1820.46
176,2010.67,2061.17
177,2362.95,2447.48
178,1512.00,1781.72
179,313.97,736.19
180,900.00,1060.81
181,1000.00,1016.4
182,574.07,849.44
183,2142.86,1418.56
184,1811.11,1554.21
185,754.46,939.99
186,960.40,1256.06
187,1098.84,1050.27
188,645.00,879.21
189,1983.87,1759.64
190,1395.00,1741.27
191,3688.00,2482.19
192,2516.16,1899.65
193,2529.68,2092.8
194,4499.98,3056.24
195,860.00,929.97
196,475.48,315.05
197,997.50,1276.04
198,351.62,218.87
199,937.08,1125.57
200,706.90,782.38
201,1396.00,1210.8
202,374.15,315.9
203,718.10,872.47
204,729.17,1651.51
205,1246.43,1419.21
206,529.41,969.2
207,1095.00,1818.54
208,1095.00,1862.15
209,2636.36,2136.57
210,1095.00,1818.54
211,1857.14,1788.32
212,0.01,1154.67
213,1625.00,1959.7
214,1123.08,1025.89
215,1857.14,2039.67
216,1095.00,1818.54
217,658.73,978.34
218,1350.00,1894.99
219,412.14,661.39
220,855.56,1435.28
221,264.01,636.55
222,835.00,1021.18
223,3322.92,2301.74
224,1599.92,1674.22
225,1222.22,1482.48
226,444.44,576.59
227,1562.09,1488.33
228,2471.43,2338.13
229,1760.92,1750.24
230,1548.81,1976.41
231,1204.17,956.73
232,2050.00,2057.29
233,1596.70,2075.03
234,1596.00,2153.62
235,2750.00,2014.98
236,1545.88,1849.31
237,1826.09,2004.7
238,931.25,753.19
239,1674.16,1823.52
240,604.32,908
241,1374.29,1568.37
242,1485.71,1524.76
243,1500.00,1502.83
244,3177.86,2729.39
245,2625.00,2585.67
246,2285.71,2243.82
247,3134.92,2313.73
248,1741.07,2387.62
249,235.00,434.08
250,4275.51,2497.13
251,4081.76,2169.66
252,1840.00,1435.54
253,2626.32,2098.57
254,1598.21,1382.38
255,1160.00,1240.92
256,1700.00,1332.27
257,914.75,1210.87
258,1875.54,2456.72
259,1875.54,2456.72
260,1330.00,1298.86
261,2228.92,1926.5
262,1325.00,1519.44
263,3038.46,2052.05
264,452.42,539.6
265,2771.60,2071.46
266,815.42,888.09
267,795.18,914.66
268,2682.59,2131.33
269,0.01,2072.26
270,1249.38,1568.67
271,1577.01,1317.13
272,2291.67,1731.56
273,1193.40,1820.15
274,1491.67,1424.16
275,1226.60,1312.27
276,1346.15,1293.29
277,1166.67,1193.16
278,3628.57,3028.91
279,3428.57,3028.91
280,1564.89,1736.13
281,592.98,668.36
282,169.23,18.22
283,1625.00,1826.84
284,2102.80,1735.4
285,1054.29,1389.79
286,1603.98,1921.54
287,1245.00,1455.41
288,997.14,1389.79
289,503.37,946.7
290,1500.00,1530.08
291,4990.57,2640.47
292,138.09,48.68
293,503.37,946.7
294,311.00,911.25
295,1860.00,1379.37
296,350.00,55.93
297,928.57,1069.43
298,2464.29,2474.22
299,2222.22,1713.89
300,332.54,800.71
301,2191.67,1522.38
302,906.25,989.46
303,4239.13,2718.08
304,1552.91,2402.51
305,645.54,1291.14
306,3250.73,2545.12
307,1552.43,2229.27
308,1472.18,1857.74
309,2332.22,1928.81
310,1275.00,1429.52
311,542.42,969.22
312,933.33,1270.72
313,2753.85,1904.5
314,1782.74,2059.85
315,3109.09,2248.02
316,0.00,742.83
317,883.33,1403.15
318,2457.14,2249.47
319,2416.67,2017.32
320,558.82,950.89
321,600.00,933.08
322,1055.56,1379.83
323,1999.00,2107.72
324,1411.48,1890.01
325,2570.97,2293.14
326,1330.65,2248.27
327,1411.48,1890.01
328,1999.00,2300.87
329,1218.75,1292.43
330,1218.75,1292.43
331,3511.45,2240.57
332,3511.45,2240.57
333,3511.45,2237.07
334,1330.65,2248.27
335,621.43,887.24
336,950.00,836.92
337,326.46,638.88
338,1250.00,1422.08
339,2237.50,2024.03
340,1352.94,1202.79
341,863.33,791.64
342,596.54,692.89
343,596.54,692.89
344,596.54,692.89
345,1750.00,1426.18
346,1076.00,1289.61
347,1075.00,1364.17
348,1438.89,1871.7
349,1076.00,1289.61
350,2213.57,1570.34
351,2000.00,1785.15
352,253.81,563.12
353,3083.33,2546.41
354,2098.95,1885.46
355,889.88,1392.9
356,1947.92,1540.64
357,537.69,782.43
358,1738.46,1630.1
359,2461.54,1851.45
360,2307.69,2015.87
361,933.96,2137.97
362,2961.54,2503.42
363,1519.84,2280.02
364,2571.43,2697.67
365,2231.40,2319.27
366,1793.33,1636.2
367,1715.85,2383.11
368,2500.00,2245.56
369,653.85,720.88
370,118.25,27.64
371,2065.70,1135.97
372,117.19,454.69
373,173.67,213.69
374,213.31,-17.43
375,1236.36,1217.27
376,780.70,809.57
377,665.83,780.63
378,185.29,60.41
379,720.00,999.56
380,869.13,613.64
381,1000.00,1569.94
382,2345.45,2162.99
383,686.67,1045.78
384,1961.54,1928.4
385,1205.29,1727.44
386,2318.18,2210.1
387,2232.67,2144.65
388,1395.42,1873.19
389,232.88,1190.03
390,2920.21,1800.52
391,2584.27,2371.78
392,1395.42,1873.19
393,515.87,616.79
394,757.83,688.96
395,821.74,1313.51
396,2100.00,1891.19
397,405.22,1354.68
398,821.74,1313.51
399,2153.85,1857.2
400,2375.00,2577.81
401,1544.44,1928.87
402,211.17,321.5
403,890.00,1154.38
404,1336.63,1311.69
405,448.47,160.98
406,555.00,2895.92
407,1468.75,980.5
408,899.67,2600.89
409,1300.00,1877.71
410,1142.86,1391.65
411,1625.00,1541.7
412,1300.00,1808.96
413,1435.00,2076.27
414,2361.33,2243.14
415,1109.12,1496.07
416,1586.67,1382.81
417,1538.46,1470.58
418,273.21,744.26
419,2193.33,1957.71
420,1493.53,1676.54
421,536.91,1267.95
422,2276.49,1907.25
423,1249.88,1435.71
424,1645.51,1951.08
425,954.55,1259.94
426,1833.33,2533.99
427,0.00,1302.86
428,1619.05,1078.59
429,1583.33,1565.98
430,3790.70,2366.97
431,573.77,1446.82
432,187.50,34.54
433,1280.49,1166.72
434,1300.00,1464.61
435,1180.91,1540.83
436,260.00,609.7
437,3074.77,2704.91
438,1189.29,1789.33
439,2551.66,2222.91
440,1020.00,610.36
441,354.17,399.82
442,866.67,780.28
443,1314.29,890.95
444,745.00,834.65
445,1909.00,1834.17
446,999.00,1065.47
447,573.08,697.11
448,3555.56,2594.05
449,1839.08,1536.48
450,1163.33,965.73
451,1276.92,1197.72
452,758.00,415.81
453,1400.00,888.03
454,1650.00,1649.2
455,1718.75,1894.8
456,3312.50,2442.7
457,2024.39,1581.05
458,856.43,929.12
459,1150.00,1172.47
460,2616.28,1836.07
461,837.84,1019.39
462,695.00,893.61
463,3061.54,2423.49
464,1083.33,734.68
465,428.57,541.36
466,747.51,616.87
467,1246.44,539.62
468,314.29,874.01
469,1789.86,1732.74
470,1393.55,1816.12
471,266.54,-507.87
472,1166.67,650.39
473,173.53,-242.87
474,1212.12,989.29
475,173.53,-242.87
476,1795.00,2384.14
477,2354.33,2624.12
478,3194.17,2819.77
479,3094.29,2140.4
480,440.00,1178.04
481,149.46,-415.64
482,1351.56,1280.56
483,710.53,1005.69
484,1998.18,2410.88
485,2441.18,2362.82
486,733.33,1418.31
487,2263.64,2319.21
488,2441.18,2362.82
489,2007.46,2205.23
490,2090.91,2600.68
491,2881.48,2133.5
492,314.72,688.14
493,2758.93,2087.07
494,2881.48,2130
495,1397.16,1507.31
496,463.53,1087.26
497,1044.55,1002.09
498,998.52,1209.57
499,816.11,815.01
500,296.50,887.68
501,575.00,544.87
502,749.50,649.12
503,947.26,1286.18
504,2213.57,1839.21
505,1325.00,1372.06
506,204.44,681.56
507,477.27,746.46
508,1056.25,1201.16
509,1035.00,1142.61
510,576.47,787.41
511,1555.56,1392.25
512,609.71,1701.89
513,2739.13,2370.42
514,1230.16,1479.48
515,961.47,1529.76
516,3809.52,2728.15
517,1103.63,2177.8
518,1103.63,2177.8
519,1743.21,2600.08
520,1454.55,1450.95
521,2420.17,2437.88
522,1230.00,1099.12
523,3062.50,2631.31
524,68.42,132.06
525,493.75,396.95
526,227.27,301.87
527,533.33,928.11
528,153.33,497.98
529,900.00,692
530,500.00,NULL
531,914.29,746.33
532,499.98,910.61
533,421.43,1353.1
534,519.96,638.62
535,2373.02,1942.89
536,378.57,787.06
537,804.76,784.02
538,836.96,775.91
539,1201.92,2214.94
540,1612.47,2021.79
541,1868.75,1818
542,1025.00,1002.08
543,933.33,846.49
544,2990.34,2033.04
545,218.37,565.77
546,2385.87,2262.78
547,3034.48,2470.31
548,1013.89,1008.48
549,850.00,1378.49
550,475.00,862.3
551,945.60,370.8
552,863.64,1111.32
553,1960.75,970.37
554,59.69,-1038.1
555,61.54,-241.61
556,126.49,-260.84
557,2599.91,2598.42
558,799.50,1376.63
559,1617.98,1913.51
560,1540.00,1090.9
561,799.50,1380.13
562,1991.67,2461.22
563,271.90,260.87
564,348.19,95.68
565,2391.30,1962.46
566,2391.30,1962.46
567,2415.79,1702.41
568,648.50,1505.55
569,485.00,1042.83
570,1150.00,1068.91
571,270.59,148.57
572,1204.55,1261.06
573,994.12,1124.22
574,869.57,976.24
575,1739.13,1278.63
576,620.00,645.42
577,784.85,805.89
578,795.00,669.9
579,1272.22,1829.91
580,1994.12,2044.61
581,512.87,1257.74
582,1200.00,1313.14
583,772.22,1767.14
584,1950.00,1798.17
585,607.69,960.97
586,1659.09,1324.78
587,224.40,716.43
588,3888.89,2615.95
589,592.11,767.81
590,1460.00,1670.7
591,744.44,1083.05
592,1388.89,1327.18
593,1817.36,1619.85
594,1066.00,1303.2
595,800.00,955.1
596,1146.45,1164.04
597,784.21,783.76
598,1860.00,2047.22
599,1225.00,1690.83
600,2157.45,2300.16
601,1733.32,1725.15
602,2053.44,2296.65
603,2053.44,2293.15
604,150.44,109.51
605,790.91,786.85
606,1038.46,1167.74
607,218.26,-10.79
608,464.29,593.08
609,851.43,1248.78
610,643.13,895.89
611,1691.67,1543.71
612,1027.78,1038.3
613,1325.00,1386.83
614,2389.29,2655.4
615,2329.13,2307.27
616,2726.19,2827.34
617,1620.00,1632.2
618,1090.91,1210.89
619,1607.14,2044.71
620,91.85,-374.58
621,916.67,1134.6
622,377.12,376.33
623,377.12,376.33
624,1358.38,1730.56
625,2574.63,2370.93
626,680.00,1025.79
627,3357.14,1804.71
628,152.03,414.38
629,853.66,1563.03
630,2095.24,1433.76
631,1211.11,1383.83
632,1073.94,1345.71
633,1649.50,1947.77
634,3062.50,2394.58
635,932.67,1270.34
636,859.09,556.36
637,1200.00,1131.27
638,1200.00,1131.27
639,1587.06,1675.96
640,5812.22,5461.69
641,1499.50,1633.17
642,722.58,538.4
643,1760.00,2286.06
644,457.52,-230.19
645,1277.78,1677.87
646,3180.68,2308.63
647,990.00,1572.35
648,1271.43,1496.33
649,681.37,565.23
650,595.00,749.18
651,998.00,1145.31
652,833.33,424.91
653,1545.45,1562.58
654,235.51,-297.08
655,1353.57,1082.3
656,475.71,709.92
657,912.50,961.44
658,2330.00,1416.85
659,2079.90,2100.55
660,1139.24,2027.67
661,718.18,737.28
662,1223.08,1049.52
663,1533.33,1570.67
664,353.92,823.69
665,3500.00,1519.49
666,1998.67,1989.77
667,187.11,58.03
668,460.99,569.55
669,1215.69,943.52
670,1011.90,1179.99
671,230.29,53.96
672,916.67,1673.14
673,1662.50,1946.91
674,399.00,-174.45
675,0.00,1051.83
676,306.25,-226.86
677,1250.00,1001.27
678,861.11,806.68
679,861.11,759.57
680,2050.43,2098.96
681,484.38,446.98
682,1951.05,2206.26
683,1088.24,1238.03
684,668.27,659.36
685,1047.06,1024.74
686,329.41,932.16
687,2081.82,2147.44
688,933.33,1068.26
689,1218.75,585.2
690,566.67,902.75
691,1467.92,1322.06
692,532.92,626.48
693,656.00,1095.2
694,312.50,351.15
695,1666.67,949.38
696,998.00,755.61
697,1483.33,1517.93
698,2062.50,2051.13
699,2203.88,2099.08
700,1625.00,2359.46
701,1232.39,2195.1
702,3155.56,2655.21
703,1231.34,1202.54
704,276.67,156.75
705,660.00,993.75
706,1355.36,1390.66
707,977.80,1201.37
708,141.21,-253.29
709,1173.91,930.65
710,100.35,-347.14
711,3490.00,2630.3
712,1125.00,1537.12
713,933.33,781.42
714,1370.00,2086.94
715,1665.00,1670.36
716,479.60,644.99
717,1595.18,1603.44
718,687.50,1186.22
719,888.16,1340.09
720,1236.00,1180.16
721,540.94,435.69
722,561.88,706.96
723,1078.22,1664.07
724,1400.00,1135.21
725,1025.00,1528.37
726,214.29,1005.79
