location_district,location_area,location_effect
"okres Žilina",Bôrik,119.494800978584171245
"okres Liptovský Mikuláš","Staré mesto",27.928607392665935595
"okres Martin",Jahodníky,44.798759478162420000
"okres Martin",Necpaly,7.268587972660507500
"okres Dolný Kubín","Veľký Bysterec",18.800738291331586000
"okres Bytča","Veľké Rovné",18.305453342092344116
"okres Martin",Stred,55.221160061593494500
"okres Liptovský Mikuláš","Liptovská Mara - Tatralandia",53.383992254068556031
"okres Čadca",Makov,-35.942606784263312646
"okres Žilina",Vlčince,95.329856453530356913
"okres Martin",Priekopa,94.348429850782700936
"okres Ružomberok",Hrabovo,12.015356791766735587
"okres Žilina",Hájik,59.243498504683870485
"okres Bytča","Veľká Bytča",38.187919156140414000
"okres Liptovský Mikuláš","Liptovská Ondrašová",44.365529535456320000
"okres Čadca",Podzávoz,31.213115256134833087
"okres Turčianske Teplice",Stred,-5.623371809414796498
"okres Čadca",Kyčerka,-6.900389119291922000
"okres Liptovský Mikuláš","Partizánska Ľupča",5.939914278958254000
"okres Čadca",Raková,-13.158846672575566000
"okres Žilina","Rajecké Teplice",58.864708886844751913
"okres Ružomberok",Bešeňová,37.691549296660641029
"okres Námestovo","Oravské Veselé",-30.327195687780286913
"okres Martin",Podháj,28.330869854565725000
"okres Žilina",Bitarová,63.098388814748702500
"okres Liptovský Mikuláš",Podbreziny,39.941226144584461913
"okres Martin",Záturčie,20.862212647668541245
"okres Martin",Sever,26.129560407719461250
"okres Čadca",Oščadnica,-13.142724475475060000
"okres Ružomberok",Baničné,1.814853470159284116
"okres Martin",Sučany,13.862146758764526323
"okres Martin",Turany,-0.682938539657669000
"okres Čadca",Staškov,-14.150415573002983087
"okres Liptovský Mikuláš","Liptovská Kokava",64.555598022761575000
"okres Martin",Tomčany,41.677482341025307500
"okres Dolný Kubín",Zázrivá,9.159896993802592000
"okres Martin","Košťany nad Turcom",25.491359272907026913
"okres Liptovský Mikuláš","Vrbica - Nábrežie",27.833982744272125000
"okres Liptovský Mikuláš","Pavčina Lehota",45.797507373969223087
"okres Žilina",Bytčica,73.559911601780280000
"okres Liptovský Mikuláš",Východná,-1.322146626619952646
"okres Liptovský Mikuláš","Vyšná Boca",31.082727788391905000
"okres Žilina",Terchová,71.978566363944391323
"okres Žilina",Rajec,41.289842092816348000
"okres Martin","Turčianska Štiavnička",12.800378218389435000
"okres Čadca",Stred,-4.152244245813907500
"okres Námestovo",Brehy,67.118835525865686000
"okres Liptovský Mikuláš",Stošice,23.202028525115552500
"okres Martin",Stráne,33.442166875368606000
"okres Martin",Valča,17.216582838298148750
"okres Liptovský Mikuláš",Pribylina,-8.186155053559447500
"okres Dolný Kubín",Stred,17.598229173157831913
"okres Ružomberok","Liptovská Osada",37.088743056743816913
"okres Žilina",Strečno,70.971218490392165000
"okres Žilina",Kunerad,63.022854401355240000
"okres Dolný Kubín",Leštiny,-5.280433397367010000
"okres Martin",Lipovec,27.323448023349962500
"okres Žilina","Horný Hričov",118.349981928316393087
"okres Kysucké Nové Mesto","Horný Vadičov",-6.837204655895640000
"okres Liptovský Mikuláš",Ľubeľa,17.705769335502561913
"okres Liptovský Mikuláš","Liptovská Sielnica",22.083043317116692500
"okres Žilina",Mojš,53.833611292657120000
"okres Bytča",Štiavnik,19.052760964310427500
"okres Žilina",Višňové,77.724599181515510000
"okres Žilina",Varín,51.532804642601871913
"okres Liptovský Mikuláš","Závažná Poruba",18.453025557905656000
"okres Žilina","Dlhé Pole",30.697687932780060000
"okres Martin",Príbovce,-0.378937115225900000
"okres Liptovský Mikuláš","Liptovský Ján",31.452327869927565000
"okres Liptovský Mikuláš","Liptovský Peter",24.233362669862296913
"okres Žilina",Budatín,108.495854419143772000
"okres Liptovský Mikuláš","Liptovský Trnovec",47.187429720194370000
"okres Turčianske Teplice",Jazernica,-46.666391601746120000
"okres Čadca",Kalinov,-34.916168885963336913
"okres Žilina",Gbeľany,105.651486333424696000
"okres Čadca","U Hluška",28.983612458696240000
"okres Žilina",Rosina,82.220406321358570000
"okres Dolný Kubín",Banisko,84.398904701596500000
"okres Čadca","Nová Bystrica",-16.642801693856892500
"okres Čadca",Čierne,-11.196255990407956913
"okres Bytča",Kotešová,46.683779355239931913
"okres Liptovský Mikuláš",Lazisko,5.910548745318030000
"okres Námestovo","Oravská Lesná",7.931124512450295000
"okres Bytča",Súľov-Hradná,-26.332412937388130000
"okres Žilina",Čičmany,56.526425388387100000
"okres Čadca","Dlhá nad Kysucou",-34.695615370133547500
"okres Bytča","Hliník nad Váhom",36.375597752724012000
"okres Turčianske Teplice",Turček,-28.292952270542803087
"okres Liptovský Mikuláš","Svätý Kríž",37.693127154055110000
"okres Bytča",Pšurnovice,1.686236175673555000
"okres Liptovský Mikuláš",Vlachy,-10.155695673390952500
"okres Žilina","Lietavská Lúčka",54.194802824661935000
"okres Žilina",Divina,70.893615961551046913
"okres Žilina",Ďurčiná,-2.049671383982740000
"okres Žilina","Dolný Hričov",48.840170477832480000
"okres Liptovský Mikuláš",Bobrovník,-7.680991921197595000
"okres Kysucké Nové Mesto",Lodno,-65.606124827601775000
"okres Martin",Slovany,15.203005062540480000
"okres Žilina",Trnové,96.728714758024910000
"okres Kysucké Nové Mesto",Rudinská,-27.359141521563112500
"okres Liptovský Mikuláš","Liptovské Beharovce",-34.154016450985510000
"okres Martin","Kláštor pod Znievom",21.228398271774005000
"okres Žilina","Teplička nad Váhom",105.935961367806456000
"okres Žilina","Lietavská Svinná-Babkov",55.294269190500827500
"okres Žilina","Veľká Čierna",33.316231345922760000
"okres Martin",Ďanová,75.976831896742565000
"okres Kysucké Nové Mesto",Radoľa,54.638271532175790000
"okres Turčianske Teplice","Slovenské Pravno",-21.239884600055157500
"okres Martin","Turčiansky Peter",49.612553024236226913
"okres Dolný Kubín","Oravská Poruba",21.418073973617260000
"okres Turčianske Teplice",Budiš,-33.972761531268930000
"okres Turčianske Teplice","Malý Čepčín",-24.288280920389367500
"okres Dolný Kubín",Párnica,7.456938708389272500
"okres Martin",Žabokreky,33.354870425718336000
"okres Martin",Trebostovo,-2.369657243711186913
"okres Martin","Karvaša a Bláhovca",21.527110548067046000
"okres Žilina",Stráňavy,108.098657130535020000
"okres Žilina",Podhorie,74.644424167380863087
"okres Turčianske Teplice",Mošovce,-19.696088266050335000
"okres Žilina",Lysica,29.522864752033296913
"okres Martin","Dolný Kalník",54.938184829395575000
"okres Martin","Dolné Vrútky",42.216544725351516913
"okres Kysucké Nové Mesto","Lopušné Pažite",-15.632311335204183087
"okres Martin",Belá-Dulice,6.894412110695390000
"okres Turčianske Teplice","Turčiansky Michal",0.300554634372950000
"okres Dolný Kubín",Mokraď,93.693984506085240000
"okres Turčianske Teplice","Horná Štubňa",-20.420472186293294000
"okres Liptovský Mikuláš",Prosiek,20.313023845281353087
"okres Ružomberok",Komjatná,-42.562054479156670000
"okres Martin","Kolónia Hviezda",-20.203408558615373087
"okres Žilina",Turie,99.247242323841480000
"okres Kysucké Nové Mesto",Snežnica,3.006189379258536913
"okres Ružomberok",Černová,-71.649737702831770000
"okres Tvrdošín",Zábiedovo,9.402127602463520000
"okres Ružomberok","Liptovské Sliače",12.440985378095290000
"okres Ružomberok","Liptovská Štiavnica",1.493749858556925000
"okres Čadca",Skalité,-28.096116687831314000
"okres Dolný Kubín",Osádka,-8.580788494544905000
"okres Čadca","Vysoká nad Kysucou",-37.950486509816806913
"okres Žilina",Svederník,80.237281180884442500
"okres Žilina","Žilinská Lehota",92.409551717546335000
"okres Turčianske Teplice",Háj,-64.704453392202946913
"okres Čadca",Svrčinovec,-44.905407794197876913
"okres Čadca",Olešná,-29.197186750599500000
"okres Liptovský Mikuláš","Uhorská Ves",14.466597441845385000
"okres Čadca",Horelica,-16.520566481088680000
"okres Dolný Kubín",Veličná,38.507017864401795000
"okres Dolný Kubín",Záskalie,-34.721562262317060000
"okres Bytča","Bytča - sever",31.722654016253575000
"okres Žilina",Hôrky,79.573194972133220000
"okres Žilina",Brodno,37.941133165114770000
"okres Turčianske Teplice",Diviaky,-3.228455715266695000
"okres Liptovský Mikuláš","Liptovské Kľačany",34.668989521615506913
"okres Liptovský Mikuláš",Hybe,-11.658291863374330000
"okres Žilina",Lietava,21.708097500280545000
"okres Žilina",Stránske,70.724666082210764000
"okres Kysucké Nové Mesto",Povina,-13.987387486251050000
"okres Martin",Podhradie,-4.500405078678496913
"okres Turčianske Teplice",Dubové,-32.562796701126925000
"okres Liptovský Mikuláš",Ižipovce,12.606215859470595000
"okres Čadca",Korňa,-37.961370325339196913
"okres Ružomberok",Ivachnová,37.822914413802603087
"okres Bytča",Jablonové,168.008829365300240000
"okres Bytča",Kolárovice,14.965363355707283087
"okres Námestovo",Ťapešovo,12.263304137556215000
"okres Žilina",Konská,40.175575857172142500
"okres Kysucké Nové Mesto",Suľkov,-11.641284334649085000
"okres Martin",Vrícko,18.396768159290520000
"okres Žilina",Strážov,56.066677619625050000
"okres Dolný Kubín",Malatiná,-23.363910342612730000
"okres Čadca",Klokočov,-34.966749975812100000
"okres Bytča","Hlboké nad Váhom",-19.254375644829180000
"okres Žilina",Brezany,86.417641745628440000
"okres Turčianske Teplice",Čremošné,-28.309609608955875000
"okres Martin","Turčianske Kľačany",46.733101758001972000
"okres Martin",Blatnica,31.398826415466396913
"okres Bytča",Petrovice,-42.870266273279990000
"okres Dolný Kubín",Kraľovany,-2.888981985746405000
"okres Turčianske Teplice",Sklené,-0.693170747963224000
"okres Kysucké Nové Mesto",Nesluša,-46.424386398516160000
"okres Martin",Diaková,-72.982200000000000000
"okres Ružomberok",Turík,97.056776589298310000
"okres Martin",Šútovo,-15.301779065153045000
"okres Ružomberok",Likavka,36.429132235641227500
"okres Kysucké Nové Mesto","Dolný Vadičov",-21.289460895485730000
"okres Liptovský Mikuláš",Gôtovany,20.132208892306570000
"okres Čadca",Podvysoká,-37.119549849383576913
"okres Čadca",Predmier,-35.594021681445750000
"okres Čadca",Milošová,-21.039835765122530000
"okres Kysucké Nové Mesto",Rudina,42.495995982124090000
"okres Ružomberok",Ludrová,-27.248399828447893087
"okres Liptovský Mikuláš",Podtureň,70.210338270333700000
"okres Martin",Dražkovce,-26.459766933086643087
"okres Dolný Kubín",Pribiš,-50.261251191652240000
"okres Čadca",Rieka,-27.549449167629363087
"okres Žilina","Dolná Tižina",49.629614971838965000
"okres Turčianske Teplice",Brieštie,-47.571967741213646913
"okres Žilina","Kamenná Poruba",149.350960161347525000
"okres Liptovský Mikuláš",Jamník,20.894228865041136913
"okres Bytča",Maršová-Rašov,58.249496689080590000
"okres Čadca",Hlinené,-41.558201234182490000
"okres Liptovský Mikuláš",Vavrišovo,-41.936781486479010000
"okres Ružomberok",Hubová,-48.533508641339800000
"okres Liptovský Mikuláš",Jakubovany,0.366712218379270000
"okres Dolný Kubín","Malý Bysterec",68.227493092574175000
"okres Martin",Rakovo,28.127924484234190000
"okres Bytča",Predmier,-11.221052743472110000
"okres Liptovský Mikuláš",Trstené,88.744808018564900000
"okres Žilina",Kľače,22.786340577668020000
"okres Žilina",Ovčiarsko,50.884102996821155000
"okres Žilina",Rosinky,206.590107963652280000
"okres Martin",Záborie,-44.000596743219470000
"okres Žilina",Divinka,51.053999744075813087
"okres Žilina",Krasňany,83.504976442519483087
"okres Bytča",Hvozdnica,-32.624804461364930000
"okres Ružomberok","Nová Hrboltová",-53.522939528545345000
"okres Dolný Kubín",Jasenová,60.680685538945085000
"okres Žilina",Zbyňov,75.944579278400286913
"okres Žilina",Nededza,35.162439219104955000
"okres Ružomberok","Liptovský Michal",26.305239501210625000
"okres Martin","Turčianske Jaseno",33.786279994195060000
"okres Martin",Ratkovo,-52.985687984092440000
"okres Dolný Kubín","Dlhá nad Oravou",-19.591102013386375000
"okres Tvrdošín",Habovka,41.196156949661730000
"okres Martin",Sklabiňa,53.194066564255740000
"okres Námestovo",Zákamenné,31.867503611045010000
"okres Ružomberok",Štiavnička,44.600872004049290000
"okres Liptovský Mikuláš","Liptovská Anna",20.725649361396570000
"okres Námestovo","Oravská Jasenica",14.053867849054900000
"okres Martin",Laskár,-1.482315613631370000
"okres Liptovský Mikuláš",Beňadiková,13.365367145132210000
"okres Martin",Trnovo,-14.352294803171280000
"okres Liptovský Mikuláš",Kvačany,5.593259263961060000
"okres Dolný Kubín","Horná Lehota",-44.184782254641610000
"okres Dolný Kubín","Vyšný Kubín",63.141275819332580000
"okres Tvrdošín",Liesek,7.870106996349860000
"okres Žilina","Kotrčiná Lúčka",33.076315836146930000
"okres Liptovský Mikuláš","Liptovské Matiašovce",10.705150858423050000
"okres Martin",Karlová,5.299658714245970000
"okres Čadca",Dunajov,-55.554344733548980000
"okres Ružomberok",Podsuchá,-71.092249746458880000
"okres Námestovo",Krušetnica,-9.076694889075630000
"okres Námestovo",Novoť,-25.190455598280470000
"okres Čadca","U Siheľníka",18.800277683847400000
"okres Martin","Horný Kalník",10.788326309783470000
"okres Dolný Kubín",Žaškov,-6.928610879345190000
"okres Námestovo",Vasiľov,-29.264897539403800000
"okres Liptovský Mikuláš",Vitálišovce,126.634853108833300000
"okres Martin",Socovce,-19.367801399119400000
"okres Žilina",Zádubnie,33.292617706981140000
"okres Turčianske Teplice",Bodorová,-78.562076880191040000
"okres Ružomberok","Revúcka dolina",-75.739742231615260000
"okres Námestovo",Čerchle,84.950910423476050000
"okres Liptovský Mikuláš","Pavlova Ves",-52.088571135049950000
"okres Žilina","Nezbudská Lúčka",102.978718261483090000
"okres Liptovský Mikuláš",Malatíny,33.143496929085150000
"okres Martin","Turčiansky Ďur",11.135311042837160000
"okres Dolný Kubín",Pucov,-39.137731592140110000
