offer_id,property_type,condition,monthly_rent_m2,location_district,location_city,location_area
JuzjcjA88fI,"2-room apartment","fully renovated",10.34,"okres Bytča",Bytča,"Veľká Bytča"
JuR9IQwr1DX,"3-room apartment","new construction",8.68,"okres Žilina",Žilina,Hliny
JueQeTeryjC,"4-room apartment","fully renovated",NULL,"okres Dolný Kubín","Dolný Kubín",Brezovec
JujzGN4k6bn,"2-room apartment","fully renovated",9.24,"okres Martin",Martin,Sever
JuyUZh4v08L,"2-room apartment","new construction",14.29,"okres Liptovský Mikuláš","Liptovský Mikuláš",Palúdzka
Ju8a3kcGYvG,"2-room apartment","new construction",13.00,"okres Dolný Kubín","Dolný Kubín",Brezovec
JucquL8E-bM,"3-room apartment","fully renovated",NULL,"okres Martin",Martin,Stred
JuTiIF5zkxo3,"2-room apartment","fully renovated",8.62,"okres Dolný Kubín","Dolný Kubín",Záskalie
JuUCL8fPL9h,"studio apartment","fully renovated",12.50,"okres Martin",Vrútky,"Horné Vrútky"
Ju3gs_noUEz,"2-room apartment","new construction",13.78,"okres Čadca","Krásno nad Kysucou",Kalinov
Ju_IBACCGzT,"2-room apartment","partially renovated",6.82,"okres Kysucké Nové Mesto","Kysucké Nové Mesto",Sídlisko
JuatrleUyRX,"3-room apartment","partially renovated",7.56,"okres Liptovský Mikuláš","Liptovský Mikuláš",Podbreziny
JuqBZCEixbC,"2-room apartment","new construction",13.17,"okres Žilina",Žilina,Hliny
JunnFbGwfA5,"2-room apartment","partially renovated",11.67,"okres Žilina",Žilina,Vlčince
JugXYWqkt4N,"1-room apartment","partially renovated",13.00,"okres Martin",Vrútky,"Horné Vrútky"
JuqvNgpYqrd,"1-room apartment","fully renovated",14.00,"okres Dolný Kubín","Dolný Kubín",Mokraď
JuA8-pf41pn,"3-room apartment","fully renovated",10.84,"okres Martin",Martin,Stred
JuxBkaifl6df,"holiday apartment","new construction",15.48,"okres Liptovský Mikuláš","Liptovský Mikuláš",Iľanovo
JunBqR0DBP9,"2-room apartment","new construction",11.80,"okres Žilina",Žilina,"Staré mesto"
JucOhPXEpxa,"2-room apartment","partially renovated",10.28,"okres Žilina",Žilina,"Staré mesto"
JuFqVxR2Rua,"2-room apartment","new construction",13.54,"okres Liptovský Mikuláš","Liptovský Mikuláš",Palúdzka
JuLEeBcqSvN,"2-room apartment","fully renovated",10.94,"okres Bytča",Bytča,"Veľká Bytča"
JuHC3L7PHAo,"studio apartment","partially renovated",16.67,"okres Martin",Martin,Stred
JuxsO06uVZG,"1-room apartment",unrenovated,11.40,"okres Žilina",Žilina,Hájik
JuxQsJlXHSK,"3-room apartment","fully renovated",10.91,"okres Bytča",Bytča,"Veľká Bytča"
JucmUHZL9fQ,"2-room apartment","new construction",14.74,"okres Žilina",Žilina,"Staré mesto"
JuJBn5ZeVAm,"2-room apartment","partially renovated",12.35,"okres Žilina",Žilina,Hliny
Juk9u-rNEqG,"2-room apartment","fully renovated",10.86,"okres Bytča",Bytča,"Veľká Bytča"
JuDorfwK08d,"2-room apartment","partially renovated",6.47,"okres Martin",Martin,Stred
Ju9qrQrSqzm,"studio apartment","new construction",20.00,"okres Žilina",Žilina,Vlčince
JuVp8M6bnwG,"3-room apartment","partially renovated",7.50,"okres Liptovský Mikuláš","Liptovský Mikuláš",Palúdzka
JuKJT8WJuFF,"1-room apartment","new construction",14.32,"okres Čadca",Čadca,Centrum
Ju8mh8KzH4f,"2-room apartment","fully renovated",8.83,"okres Liptovský Mikuláš","Liptovský Mikuláš","Staré mesto"
Ju_qGSnLBzz,"2-room apartment","new construction",8.81,"okres Bytča",Bytča,"Thurzove sady"
JuQY1ZnmE4m,"studio apartment","fully renovated",19.20,"okres Dolný Kubín","Dolný Kubín",Brezovec
JuMhyPasgwl,"1-room apartment","fully renovated",10.98,"okres Martin",Vrútky,"Horné Vrútky"
JuPet_Ep-JW,"studio apartment","fully renovated",5.71,"okres Liptovský Mikuláš","Liptovský Hrádok",NULL
Juw69usHNF6,"3-room apartment","fully renovated",8.49,"okres Žilina",Žilina,"Staré mesto"
Jup6mGYDCrv,"2-room apartment","fully renovated",9.88,"okres Martin",Martin,Stred
JuY4e0DxXsH,"2-room apartment","new construction",10.89,"okres Dolný Kubín","Dolný Kubín",Stred
Jue5OG4Sl5k,"2-room apartment","fully renovated",12.00,"okres Žilina",Žilina,"Staré mesto"
JumQaXesU-y,"studio apartment","new construction",16.79,"okres Kysucké Nové Mesto","Kysucké Nové Mesto",Kamence
JuXIzNjmik_,"3-room apartment","fully renovated",9.13,"okres Žilina",Žilina,"Staré mesto"
JukKH41KaWr,"3-room apartment","fully renovated",5.37,"okres Martin",Martin,Stred
JuWzCETm2y0,"3-room apartment","fully renovated",8.91,"okres Čadca",Čadca,Kyčerka
Ju2skZ_XIuH,"3-room apartment","partially renovated",5.56,"okres Čadca",Čierne,Čierne
JuWx4I1iGWR,"2-room apartment","new construction",6.25,"okres Námestovo",Mútne,Mútne
Ju6ap4Twr5W,"3-room apartment","partially renovated",NULL,"okres Ružomberok",Ružomberok,Klačno
JuVlvDHUEHV,"2-room apartment","fully renovated",11.60,"okres Dolný Kubín","Dolný Kubín",Mokraď
JukzS9fkGsH,"3-room apartment","fully renovated",9.52,"okres Žilina",Žilina,Vlčince
JuwxWNhZHvq,"2-room apartment","fully renovated",11.36,"okres Žilina",Žilina,"Staré mesto"
JuNh7AtADFs,"2-room apartment","new construction",10.91,"okres Čadca","Krásno nad Kysucou",Kalinov
JuoVEcjPg5o,"3-room apartment","new construction",5.71,"okres Námestovo",Rabčice,Rabčice
JuyUHlMcv_Q,"3-room apartment","fully renovated",16.44,"okres Kysucké Nové Mesto","Kysucké Nové Mesto",Kamence
Jutomv1SERc,"2-room apartment","fully renovated",9.65,"okres Martin",Martin,Jahodníky
JuIK5SS5weX,"2-room apartment","partially renovated",10.18,"okres Martin",Martin,Stred
JuvxR6XXHxE,"3-room apartment","fully renovated",10.83,"okres Bytča",Bytča,"Veľká Bytča"
JuT8ujDpM1g,"1-room apartment","partially renovated",11.00,"okres Žilina",Žilina,"Staré mesto"
JuBAitX8aRy,"2-room apartment","partially renovated",9.16,"okres Ružomberok",Ružomberok,Baničné
JuYm2hUT2pj,"3-room apartment","fully renovated",2.72,"okres Martin",Martin,Stred
JuvmTUfehMc,"2-room apartment","fully renovated",NULL,"okres Kysucké Nové Mesto",Rudinka,Rudinka
JuaMkijSYs-,"studio apartment","partially renovated",15.39,"okres Dolný Kubín","Dolný Kubín",Brezovec
JuZL3wORd4j,"1-room apartment","new construction",15.04,"okres Liptovský Mikuláš","Liptovský Mikuláš",Stošice
JuhvRDg8Y4C,"2-room apartment",unrenovated,6.72,"okres Námestovo",Námestovo,Stred
JuEGUe9TZYw,"3-room apartment","partially renovated",10.00,"okres Žilina",Žilina,Vlčince
JuUFq9Wci3W,"studio apartment","partially renovated",14.40,"okres Martin",Martin,Ľadoveň
JuGfHZevCsA,"3-room apartment","fully renovated",8.94,"okres Martin",Martin,Stred
JufXjo0g1k9,"2-room apartment","new construction",11.78,"okres Liptovský Mikuláš","Liptovský Mikuláš",Palúdzka
JuPNe1hyDeq,"2-room apartment","fully renovated",12.14,"okres Bytča",Bytča,"Veľká Bytča"
Ju4eeNbxgyr,"2-room apartment","fully renovated",13.80,"okres Žilina",Žilina,Solinky
JuN3wzC2QtN,"1-room apartment","partially renovated",13.06,"okres Martin",Martin,Sever
Ju7i7kUX31N,"2-room apartment","new construction",NULL,"okres Námestovo",Lokca,Lokca
JuTL4AQg4bH,"2-room apartment","fully renovated",10.00,"okres Martin",Martin,Jahodníky
JuYNcMLobvd,"4-room apartment","new construction",6.37,"okres Žilina",Žilina,Trnové
JuRDv8rOGAN,"2-room apartment","fully renovated",10.42,"okres Bytča",Bytča,"Veľká Bytča"
JuG-jkKlogR,"2-room apartment","fully renovated",12.00,"okres Martin",Martin,Stred
JuKxd6XdpfQ,"3-room apartment","fully renovated",8.29,"okres Kysucké Nové Mesto","Kysucké Nové Mesto",Kamence
JuykyParod3,"3-room apartment","new construction",7.86,"okres Bytča","Veľké Rovné","Veľké Rovné"
JuzGrB3SDsa,"studio apartment","fully renovated",16.00,"okres Martin",Vrútky,"Horné Vrútky"
Ju3pgjh4OY7,"2-room apartment","new construction",16.74,"okres Žilina",Žilina,Hájik
JuV0WpoDBe_,"1-room apartment","new construction",13.24,"okres Liptovský Mikuláš","Liptovský Mikuláš","Staré mesto"
JuQ3YUuwUTb,"4-room apartment","new construction",11.96,"okres Žilina",Žilina,Hliny
JutqtoD-x5N,"2-room apartment",unrenovated,8.87,"okres Čadca",Čadca,Centrum
Juu8kqRVDip,"3-room apartment","fully renovated",10.33,"okres Liptovský Mikuláš","Liptovský Mikuláš",Podbreziny
JuL2muHqM6p,"3-room apartment","fully renovated",10.71,"okres Žilina",Žilina,"Staré mesto"
JuzUlNr7U_e,"3-room apartment","partially renovated",11.67,"okres Žilina",Žilina,Vlčince
JuZK9MB7o6G,"4-room apartment","fully renovated",10.00,"okres Žilina",Žilina,Solinky
JuSreilLACi,"3-room apartment","new construction",12.10,"okres Žilina",Žilina,"Staré mesto"
JuZLDF7L6J1,"3-room apartment","fully renovated",11.11,"okres Žilina",Žilina,"Staré mesto"
JuKOidVb0W7,"3-room apartment",unrenovated,6.88,"okres Liptovský Mikuláš","Liptovský Hrádok",Belánska
JuIDpA00OUN,"2-room apartment","new construction",10.23,"okres Martin",Martin,Stred
JuEg-jxdD7t,"3-room apartment","new construction",9.08,"okres Martin",Martin,Stred
JuBSH-C3TAe,"2-room apartment","new construction",NULL,"okres Martin",Vrútky,"Horné Vrútky"
JuDV2pnh02W,"2-room apartment","fully renovated",8.62,"okres Martin",Sučany,Sučany
JuBpZ_BskLa,"2-room apartment","new construction",12.75,"okres Martin",Martin,Priekopa
JuFuOGe_LXE,"3-room apartment","fully renovated",11.65,"okres Žilina",Žilina,Hliny
JuKXwzVXskc,"4-room apartment","fully renovated",11.73,"okres Žilina",Žilina,"Staré mesto"
JuaoWKxAUyW,"3-room apartment","fully renovated",11.54,"okres Žilina",Žilina,Solinky
Juwu97tpKpb,"2-room apartment","fully renovated",8.24,"okres Martin",Martin,Stred
JuNAef2PSXl,"4-room apartment","fully renovated",10.24,"okres Žilina",Žilina,Hliny
JunvsP3a8hf,"holiday apartment","fully renovated",NULL,"okres Liptovský Mikuláš","Liptovský Mikuláš",Demänová
JuuJ1uhMrN8,"2-room apartment","fully renovated",8.59,"okres Námestovo",Námestovo,Stred
JuTbC9RkGly,"4-room apartment","fully renovated",11.73,"okres Žilina",Žilina,"Staré mesto"
JuKzHgnrtuZ,"2-room apartment","new construction",9.08,"okres Kysucké Nové Mesto","Kysucké Nové Mesto",Sídlisko
JupAkSKIIBk,"4-room apartment","partially renovated",6.36,"okres Ružomberok",Ružomberok,"Staré mesto"
JunvOdNMl-j,"2-room apartment","fully renovated",13.00,"okres Martin",Martin,Stred
Ju5MSxaC_U4,"studio apartment","partially renovated",13.46,"okres Čadca",Čadca,Žarec
Ju0sE49cmdc,"3-room apartment","fully renovated",10.00,"okres Liptovský Mikuláš","Liptovský Mikuláš","Staré mesto"
Ju9wHsIIJEO,"4-room apartment","fully renovated",8.00,"okres Žilina",Žilina,Trnové
JupJ5OCoIez,"2-room apartment","partially renovated",12.00,"okres Žilina",Žilina,Hájik
JuqvAhg9dB7,"3-room apartment","fully renovated",10.83,"okres Čadca","Krásno nad Kysucou",Stred
JudvlSKcuB3,"2-room apartment","partially renovated",9.00,"okres Martin",Martin,Košúty
Ju71Or7iIz1,"2-room apartment",unrenovated,8.00,"okres Kysucké Nové Mesto","Kysucké Nové Mesto",Stred
JupbJt5OZmn,"3-room apartment","partially renovated",7.73,"okres Dolný Kubín","Dolný Kubín",Brezovec
Ju-XczSJwZk,"3-room apartment","fully renovated",10.83,"okres Bytča",Bytča,"Veľká Bytča"
JuoQ5zgqUF8,"3-room apartment","fully renovated",8.33,"okres Žilina",Žilina,"Staré mesto"
Ju6NM6rUyuq,"1-room apartment","partially renovated",7.09,"okres Liptovský Mikuláš","Liptovský Mikuláš","Liptovská Ondrašová"
JuYWEki50At,"studio apartment","new construction",25.71,"okres Žilina",Žilina,"Staré mesto"
Julagh5blsT,"2-room apartment","fully renovated",6.47,"okres Martin",Martin,Stred
JuaDMLn46eO,"2-room apartment","fully renovated",9.26,"okres Martin",Martin,Stred
JuzwzT16anT,"4-room apartment","new construction",11.96,"okres Žilina",Žilina,Hliny
JuK1t12r-oH,"2-room apartment","fully renovated",12.73,"okres Žilina",Žilina,Hliny
Ju7WBBedEh6,"3-room apartment","new construction",6.37,"okres Žilina",Žilina,Vlčince
JuFVUTYq75r,"2-room apartment","fully renovated",10.75,"okres Dolný Kubín","Dolný Kubín",Mokraď
JuktUK0BQQK,"2-room apartment","new construction",11.49,"okres Žilina",Žilina,Hliny
JuSqYMaXIJ4,"3-room apartment","partially renovated",10.58,"okres Liptovský Mikuláš","Liptovský Mikuláš",Palúdzka
Juty1iBq1Em,"3-room apartment","fully renovated",9.71,"okres Žilina",Žilina,"Staré mesto"
Ju4n_bUHLJ9,"2-room apartment",unrenovated,7.69,"okres Martin",Martin,Stred
JuDt4JSbLor,"2-room apartment","fully renovated",10.00,"okres Martin",Martin,Podháj
Jui1mJgPtv9,"3-room apartment","fully renovated",8.13,"okres Martin",Vrútky,"Horné Vrútky"
Jud1TyzIUXK,"2-room apartment","new construction",12.31,"okres Liptovský Mikuláš","Liptovský Mikuláš",Palúdzka
JuewVCwJvGy,"holiday apartment","fully renovated",NULL,"okres Žilina",Žilina,Vlčince
JuoZ1J6Es1y,"2-room apartment","fully renovated",13.00,"okres Žilina",Žilina,Hájik
JuWQ2JltmXN,"3-room apartment","new construction",8.72,"okres Kysucké Nové Mesto","Kysucké Nové Mesto",Stred
Ju4MMsyYZ5L,"studio apartment","fully renovated",18.00,"okres Kysucké Nové Mesto","Kysucké Nové Mesto",Sídlisko
JuzbyOpl5Xf,"3-room apartment","fully renovated",12.81,"okres Bytča",Bytča,"Veľká Bytča"
JuFU83JdcqO,"3-room apartment","partially renovated",8.88,"okres Dolný Kubín","Dolný Kubín","Veľký Bysterec"
JucGgWWz-uF,"1-room apartment",unrenovated,10.71,"okres Čadca",Čadca,Centrum
JueR5kVH0gB,"2-room apartment","new construction",9.00,"okres Martin",Martin,"Horné Vrútky"
Jugl5WLVOis,"2-room apartment",unrenovated,12.20,"okres Liptovský Mikuláš","Liptovský Mikuláš","Vrbica - Nábrežie"
JuVx84ohOxh,"1-room apartment","partially renovated",NULL,"okres Martin",Martin,Stráne
Ju65cZ1we6J,"1-room apartment","new construction",17.57,"okres Žilina",Žilina,"Staré mesto"
Ju-XTfWbu4x,"2-room apartment","new construction",NULL,"okres Čadca",Čadca,Centrum
JuqmFIXrbkG,"studio apartment","new construction",18.18,"okres Dolný Kubín","Dolný Kubín",Brezovec
JuNbGbpkzSB,"4-room apartment","new construction",10.00,"okres Žilina",Žilina,Vlčince
JuOHl43if-S,"2-room apartment","fully renovated",13.95,"okres Dolný Kubín","Dolný Kubín",Mokraď
Juv-PlaXTBH,"3-room apartment","fully renovated",9.67,"okres Martin",Martin,Záturčie
JuiXqsf4YYv,"4-room apartment","fully renovated",13.13,"okres Liptovský Mikuláš","Liptovský Mikuláš","Staré mesto"
Juuc5eYfRcY,"2-room apartment","fully renovated",10.61,"okres Martin",Martin,Podháj
JuvU6HPzzl0,"2-room apartment","fully renovated",13.10,"okres Liptovský Mikuláš","Liptovský Mikuláš","Liptovská Ondrašová"
Ju67d-dUTmu,"3-room apartment","fully renovated",9.88,"okres Žilina",Žilina,"Staré mesto"
JutGSTAuW2R,"2-room apartment","fully renovated",10.42,"okres Martin",Martin,Stred
JuZCBswYwaN1,"holiday apartment","new construction",NULL,"okres Liptovský Mikuláš","Liptovský Mikuláš",Demänová
Ju4LJ_g_D6K,"3-room apartment","fully renovated",10.92,"okres Bytča",Bytča,"Veľká Bytča"
JudMJ6hNCSy,"2-room apartment","fully renovated",10.00,"okres Liptovský Mikuláš","Liptovský Mikuláš",Palúdzka
Ju6MmU5y4t_,"4-room apartment","new construction",6.54,"okres Žilina",Žilina,Rosinky
Juq_j6YQYsV,"2-room apartment","fully renovated",8.75,"okres Martin",Martin,Stred
JuoJ3kkyC7Y,"2-room apartment","fully renovated",9.17,"okres Martin",Martin,Stred
JuVvUzJnXTu,"2-room apartment","new construction",12.86,"okres Žilina",Žilina,"Staré mesto"
JuNw9r8KaEc,"studio apartment","fully renovated",11.32,"okres Martin",Martin,Stred
Ju_V7mSpqiT,"1-room apartment","fully renovated",20.00,"okres Žilina",Žilina,Závodie
JuZMRwuUCim,"3-room apartment","fully renovated",11.54,"okres Kysucké Nové Mesto",Nesluša,Nesluša
JuyXVDLxEni,"2-room apartment","new construction",NULL,"okres Liptovský Mikuláš","Liptovský Mikuláš",Palúdzka
Juq7qf85SJ_x,"2-room apartment",unrenovated,9.58,"okres Kysucké Nové Mesto","Kysucké Nové Mesto",Suľkov
JuW48-9PwOZ,"1-room apartment","new construction",10.00,"okres Čadca","Krásno nad Kysucou",Stred
Ju9pwW3rFN2,"1-room apartment","fully renovated",NULL,"okres Čadca",Čadca,Centrum
Ju5kidrwmrO2,"2-room apartment","new construction",9.20,"okres Kysucké Nové Mesto","Kysucké Nové Mesto",Sídlisko
JuokG910TrR,"1-room apartment","fully renovated",14.33,"okres Martin",Martin,Stred
JuJqHGEd9oq,"holiday apartment","fully renovated",14.40,"okres Žilina","Rajecké Teplice","Rajecké Teplice"
Ju9itHE-Ye8,"2-room apartment","fully renovated",11.82,"okres Martin",Martin,Stred
JuE1GXKIL78,"1-room apartment","fully renovated",15.79,"okres Žilina",Žilina,Vlčince
Juhxp3dqjhf,"1-room apartment","fully renovated",15.00,"okres Martin",Martin,Podháj
JufwsWkzi_8,"1-room apartment","fully renovated",14.33,"okres Martin",Martin,Stred
Juq2JDI17SL,"1-room apartment","new construction",17.57,"okres Žilina",Žilina,Vlčince
JufIcrH5ACA,"2-room apartment","fully renovated",11.29,"okres Žilina",Žilina,"Staré mesto"
Ju9Ws1QPS3n,"4-room apartment","fully renovated",8.77,"okres Žilina",Žilina,Vlčince
JuazplczVyT,"1-room apartment","partially renovated",15.20,"okres Liptovský Mikuláš","Liptovský Mikuláš","Staré mesto"
JuuM-q0SgiK,"4-room apartment",unrenovated,8.93,"okres Žilina",Žilina,Vlčince
JuUOO-LXy23,"3-room apartment","fully renovated",11.10,"okres Liptovský Mikuláš","Liptovský Mikuláš","Staré mesto"
JucyrM14fby,"4-room apartment","fully renovated",8.98,"okres Žilina",Žilina,Vlčince
JuxE6cxjVt5,"3-room apartment","fully renovated",11.11,"okres Martin",Martin,Priekopa
JuS9mzdfL46,"2-room apartment","new construction",6.63,"okres Žilina",Žilina,Vlčince
Juopd9f8gHL,"2-room apartment","fully renovated",11.32,"okres Martin",Martin,Priekopa
JuKVuQz4tJM,"2-room apartment","fully renovated",12.56,"okres Dolný Kubín","Dolný Kubín",Mokraď
JuXU3OM1vfY,"3-room apartment","fully renovated",10.77,"okres Žilina",Žilina,"Staré mesto"
Ju7W5q5NyuP,"holiday apartment","new construction",NULL,"okres Tvrdošín",NULL,NULL
Ju-7v4T1AY6H,"2-room apartment","partially renovated",10.00,"okres Martin",Martin,Priekopa
Juqwj6nqGVe,"3-room apartment","new construction",16.44,"okres Kysucké Nové Mesto","Kysucké Nové Mesto",Kamence
JufIYFnXqFe,"3-room apartment","fully renovated",7.86,"okres Martin",Martin,Stred
JuUk6PkKhU1,"2-room apartment","fully renovated",12.31,"okres Žilina",Žilina,"Staré mesto"
JumYoLK7UqZ,"1-room apartment","fully renovated",12.50,"okres Martin",Martin,Stred
JuJZH5W0xc8,"2-room apartment","fully renovated",8.29,"okres Liptovský Mikuláš","Liptovský Mikuláš","Staré mesto"
Juluyhlg8Mb,"studio apartment","partially renovated",17.89,"okres Martin",Martin,Sever
JuE57rFMsYf,"2-room apartment","new construction",11.00,"okres Liptovský Mikuláš","Liptovský Mikuláš","Staré mesto"
Ju6xkslUZo-,"2-room apartment","development project",12.67,"okres Žilina",Žilina,Bôrik
JuwbdEJILXn,"2-room apartment","partially renovated",12.60,"okres Žilina",Žilina,Hájik
JuvOvL67CnW,"4-room apartment","fully renovated",8.53,"okres Dolný Kubín","Dolný Kubín",Stred
Jum6U0_5m9N,"2-room apartment","fully renovated",8.47,"okres Žilina",Žilina,Vlčince
JuoiWz-kUDq,"2-room apartment","new construction",14.00,"okres Liptovský Mikuláš","Liptovský Mikuláš",Palúdzka
JuxN0XX5d2L,"3-room apartment","fully renovated",10.90,"okres Bytča",Bytča,"Veľká Bytča"
JuQfDarw60S,"2-room apartment","fully renovated",9.38,"okres Martin",Martin,Podháj
JuPs0jZ4Upm,"3-room apartment","fully renovated",11.67,"okres Kysucké Nové Mesto","Kysucké Nové Mesto",Nábrežie
JuZ2eoxoyai,"3-room apartment","new construction",5.00,"okres Liptovský Mikuláš","Partizánska Ľupča","Partizánska Ľupča"
Ju6KRY_ibJj,"3-room apartment","fully renovated",6.86,"okres Ružomberok",Ružomberok,Polík
JuuS6FA8WTM,"1-room apartment","fully renovated",11.05,"okres Čadca",Čadca,Žarec
JuwDKSHdYOM,"3-room apartment","fully renovated",8.25,"okres Čadca",Čadca,Centrum
JuKE1haIfBQ,"1-room apartment","new construction",16.67,"okres Žilina",Žilina,"Staré mesto"
JukH94BLOrl,"1-room apartment","partially renovated",10.53,"okres Martin",Turany,Turany
Ju_P4weQ1yi,"3-room apartment","partially renovated",9.72,"okres Liptovský Mikuláš","Liptovský Mikuláš","Staré mesto"
Ju4jUNHrCaa,"2-room apartment","fully renovated",15.95,"okres Žilina",Žilina,Hliny
JueFBhJMkEL,"studio apartment","fully renovated",14.23,"okres Čadca",Čadca,Žarec
JuiowNIBmX1,"3-room apartment","partially renovated",8.38,"okres Čadca",Čadca,Kyčerka
JusujBj0j9H,"3-room apartment","fully renovated",9.50,"okres Žilina",Žilina,Vlčince
Ju1sYuOumZf,"3-room apartment","fully renovated",NULL,"okres Ružomberok",Ružomberok,Klačno
JupXiFdQKs1,"3-room apartment","partially renovated",10.43,"okres Žilina",Žilina,Solinky
Jut7GOvY7Cs,"3-room apartment","new construction",5.76,"okres Námestovo","Oravské Veselé","Oravské Veselé"
JuucDO18CeY,"3-room apartment","fully renovated",NULL,"okres Žilina",Žilina,Bôrik
Ju_N2iy5JWS,"studio apartment","fully renovated",14.44,"okres Martin",Necpaly,Necpaly
JukxcpBCVX8,"1-room apartment","new construction",17.93,"okres Žilina",Žilina,Vlčince
JuyD0Z9BTN-,"2-room apartment","fully renovated",10.34,"okres Bytča",Bytča,"Veľká Bytča"
Ju9LPOOoAn-,"3-room apartment","fully renovated",9.67,"okres Martin",Martin,Stred
Juq3cdm2VSm,"2-room apartment","fully renovated",11.02,"okres Bytča",Bytča,"Veľká Bytča"
Jum7aZZZlIy,"1-room apartment","fully renovated",14.81,"okres Martin",Martin,Košúty
JujQYigyRBf,"2-room apartment","partially renovated",6.90,"okres Martin",Martin,Sever
Ju6nNzmPk_9,"2-room apartment","fully renovated",13.12,"okres Bytča",Bytča,"Veľká Bytča"
Ju6oJmE8oWf,"2-room apartment","new construction",10.68,"okres Čadca",Čadca,Centrum
JuXmK-edCSR,"3-room apartment","fully renovated",10.95,"okres Bytča",Bytča,"Veľká Bytča"
JuURItmx0gz,"2-room apartment","new construction",11.46,"okres Žilina",Terchová,Terchová
JuBNi2HSNwg,"3-room apartment","fully renovated",7.78,"okres Martin",Martin,Ľadoveň
JuJGytVBKhB,"2-room apartment","fully renovated",11.40,"okres Martin",Martin,Podháj
JuaIL0ybcDR,"3-room apartment","fully renovated",8.02,"okres Žilina",Žilina,"Staré mesto"
JubGyQoKm-F,"2-room apartment","partially renovated",9.82,"okres Kysucké Nové Mesto","Kysucké Nové Mesto",Nábrežie
JuMlNRioczT,"3-room apartment","partially renovated",4.48,"okres Liptovský Mikuláš","Liptovský Mikuláš","Staré mesto"
JuKy-dL9Ryo,"2-room apartment","new construction",13.71,"okres Žilina",Žilina,Vlčince
JuR0t0CZHt8,"2-room apartment","partially renovated",9.09,"okres Liptovský Mikuláš","Liptovský Mikuláš","Staré mesto"
JuyBFHxJEo2F,"2-room apartment","partially renovated",12.50,"okres Čadca",Čadca,Centrum
Jus0-bkZHge,"3-room apartment","partially renovated",8.53,"okres Martin",Martin,Ľadoveň
Jubh8FOR_C9,"studio apartment","fully renovated",14.55,"okres Martin",Martin,Sever
JurzQ4OXOH_,"studio apartment","new construction",17.33,"okres Žilina",Žilina,Hliny
Ju88ayVM-YP5,"4-room apartment",unrenovated,4.04,"okres Turčianske Teplice","Turčianske Teplice",Diviaky
Ju27eP_ig4Z,"2-room apartment","new construction",12.75,"okres Žilina",Žilina,Hliny
JuY5BHrBXS_,"4-room apartment","fully renovated",9.30,"okres Martin",Martin,Košúty
JuDGw-se-Mg,"1-room apartment","new construction",10.53,"okres Kysucké Nové Mesto","Kysucké Nové Mesto",Sídlisko
JuQ4Jf_xqij,"2-room apartment","fully renovated",8.86,"okres Kysucké Nové Mesto","Kysucké Nové Mesto",Sídlisko
Ju9csMkjbyN,"3-room apartment","partially renovated",8.73,"okres Martin",Martin,Ľadoveň
JuwMlHIuC26,"2-room apartment","new construction",17.74,"okres Martin","Turčianska Štiavnička","Turčianska Štiavnička"
JuN8mAtD42x,"3-room apartment","fully renovated",9.17,"okres Čadca",Klubina,Klubina
Jun8HaIrjPB,"3-room apartment","fully renovated",9.03,"okres Dolný Kubín","Dolný Kubín","Veľký Bysterec"
JuZ6EDDylkC,"3-room apartment","fully renovated",8.82,"okres Žilina",Žilina,"Staré mesto"
Ju6cRlkmMC_,"1-room apartment","fully renovated",12.50,"okres Dolný Kubín",Istebné,Istebné
JuFBiuRLpoy,"2-room apartment","new construction",11.82,"okres Liptovský Mikuláš","Liptovský Mikuláš","Vrbica - Nábrežie"
JuIgM2fUqeh,"2-room apartment","fully renovated",10.56,"okres Martin",Martin,Podháj
JurbbuyjxWx,"3-room apartment","new construction",9.47,"okres Žilina",Žilina,"Staré mesto"
JuSS030a7te,"1-room apartment","fully renovated",14.56,"okres Žilina",Žilina,Vlčince
Ju93xLSe03c,"1-room apartment","partially renovated",10.67,"okres Martin",Martin,Záturčie
JuRvQ8h5ljK,"3-room apartment","fully renovated",10.42,"okres Žilina",Žilina,Vlčince
JuqL8yAiSJt,"2-room apartment","new construction",12.79,"okres Čadca","Krásno nad Kysucou",Kalinov
JuCHpapFKG8,"2-room apartment","new construction",11.56,"okres Martin",Martin,Záturčie
Ju54zsovXgd,"3-room apartment","partially renovated",11.75,"okres Žilina",Žilina,Hliny
JuUygteSgA9,"2-room apartment","partially renovated",7.80,"okres Žilina",Žilina,"Staré mesto"
JuvxnqGhrvB,"3-room apartment","partially renovated",6.67,"okres Čadca",Čadca,NULL
JudF4Y5NRYO,"2-room apartment","new construction",15.38,"okres Liptovský Mikuláš","Liptovský Mikuláš","Liptovská Mara - Tatralandia"
JuWSXBSHA4W,"studio apartment","fully renovated",12.42,"okres Čadca",Čadca,Žarec
JuSwv58uXFj,"studio apartment","fully renovated",16.96,"okres Dolný Kubín","Dolný Kubín",Brezovec
JuSEGf_jb32,"2-room apartment","new construction",11.21,"okres Námestovo","Oravské Veselé","Oravské Veselé"
JujwaDNeJ1i,"2-room apartment","partially renovated",NULL,"okres Kysucké Nové Mesto","Kysucké Nové Mesto",Sídlisko
Jusrma_M5xf,"3-room apartment","fully renovated",11.11,"okres Žilina",Žilina,Solinky
JuETFY0yocs,"3-room apartment","fully renovated",13.46,"okres Žilina",Žilina,Hliny
Juo8y036wNc,"2-room apartment","fully renovated",13.02,"okres Bytča",Bytča,"Veľká Bytča"
JuPeIRhvo6g,"2-room apartment","new construction",12.50,"okres Martin",Martin,Stred
Juq3ES8kVdO,"2-room apartment","fully renovated",8.11,"okres Martin",Martin,Stred
JupL8ZjnO78,"1-room apartment","fully renovated",16.67,"okres Žilina",Žilina,Vlčince
JuzI-cY3VGB,"2-room apartment","partially renovated",10.00,"okres Žilina",Žilina,"Staré mesto"
Jurvisl8PBq,"2-room apartment","new construction",NULL,"okres Martin",Martin,Stred
JuC3qFxZRHA,"2-room apartment","fully renovated",10.95,"okres Martin",Martin,Stred
JuOtmAhAnN-,"3-room apartment","fully renovated",8.63,"okres Žilina",Žilina,"Staré mesto"
JuuGHfugsJe,"2-room apartment","new construction",14.46,"okres Žilina",Terchová,Terchová
JuK1Ou62x1-,"2-room apartment","fully renovated",NULL,"okres Martin",Martin,Stred
JuxOi4dlZ8Z,"2-room apartment","partially renovated",9.48,"okres Martin",Martin,Košúty
JuxSKEPCvI9,"1-room apartment","new construction",10.50,"okres Čadca",Oščadnica,Oščadnica
JumIry3ptkT,"2-room apartment","new construction",7.12,"okres Námestovo",Mútne,Mútne
JuJkIhlhMxu,"3-room apartment","partially renovated",8.42,"okres Čadca",Čadca,Kyčerka
JunnDIKOU8H,"2-room apartment","new construction",10.16,"okres Kysucké Nové Mesto","Kysucké Nové Mesto",Sídlisko
Ju1CJs1XMWM,"2-room apartment","new construction",14.29,"okres Martin",Martin,Stred
Ju52OxQfZ-e,"3-room apartment","fully renovated",8.84,"okres Dolný Kubín","Dolný Kubín",Brezovec
Juug2Jz1Pse,"1-room apartment","fully renovated",13.93,"okres Liptovský Mikuláš","Liptovský Mikuláš","Staré mesto"
JuR_XmdYxiI,"1-room apartment","new construction",12.79,"okres Martin",Martin,Stred
JuwL1ope4JQ,"2-room apartment","fully renovated",13.57,"okres Žilina",Žilina,Hliny
Jur94HxnWLm,"studio apartment","fully renovated",14.58,"okres Čadca",Čadca,Kyčerka
JugZ1tAn0SZ,"1-room apartment","fully renovated",13.24,"okres Martin",Martin,Jahodníky
Juc_BdIYUe1,"3-room apartment","fully renovated",9.56,"okres Dolný Kubín","Dolný Kubín","Veľký Bysterec"
JuWjsR8x7Sv,"2-room apartment","partially renovated",8.20,"okres Martin",Vrútky,NULL
JulRM1RZW6m,"4-room apartment","new construction",8.82,"okres Žilina",Žilina,"Staré mesto"
JuNnPRzxLFf,"2-room apartment","fully renovated",NULL,"okres Žilina",Žilina,Hliny
Ju4lgcUtMo2,"2-room apartment",unrenovated,8.53,"okres Žilina",Žilina,"Staré mesto"
JuFMzwDkckH,"3-room apartment","fully renovated",8.72,"okres Žilina",Žilina,Vlčince
JuB3Z9PEAiq,"3-room apartment","fully renovated",8.11,"okres Žilina",Žilina,Závodie
JuGX51SpwM8,"3-room apartment",unrenovated,8.13,"okres Dolný Kubín","Dolný Kubín","Veľký Bysterec"
JuEn89TLzyn,"2-room apartment","partially renovated",12.20,"okres Žilina",Žilina,Hliny
JuDVCgxcWoV,"1-room apartment","partially renovated",15.13,"okres Dolný Kubín","Dolný Kubín",Stred
Ju4rzPnW6--,"1-room apartment","new construction",9.55,"okres Žilina",Rajec,Rajec
JuPIcosPUIK,"2-room apartment","fully renovated",12.22,"okres Žilina",Žilina,Hliny
Jua2VQSxknR,"2-room apartment","fully renovated",10.77,"okres Žilina",Žilina,"Staré mesto"
Jute43unDDv,"2-room apartment","fully renovated",10.38,"okres Martin",Martin,Sever
JuNbmfaprZN,"2-room apartment","fully renovated",12.07,"okres Liptovský Mikuláš","Liptovský Mikuláš","Staré mesto"
JuqfZpnefqB,"3-room apartment","fully renovated",NULL,"okres Žilina",Žilina,"Staré mesto"
JuMDbkTFIEs,"studio apartment",unrenovated,13.04,"okres Martin",Martin,Sever
JuKOSky-gaQ,"2-room apartment","fully renovated",10.31,"okres Bytča",Bytča,"Veľká Bytča"
Jug-3hxWFLu,"3-room apartment","fully renovated",13.21,"okres Žilina",Žilina,Hliny
Jumh9UnxAYr,"2-room apartment","fully renovated",11.86,"okres Žilina",Žilina,Vlčince
JujoQo2VGUJ,"1-room apartment","new construction",13.83,"okres Bytča",Bytča,"Veľká Bytča"
Jur10DDDefn,"2-room apartment","fully renovated",14.58,"okres Bytča",Bytča,"Veľká Bytča"
JulljNn3BQ6,"3-room apartment","fully renovated",8.42,"okres Žilina",Žilina,"Staré mesto"
JuRjoCvdqrS,"3-room apartment","fully renovated",9.53,"okres Martin",Martin,Košúty
JuX28I09sjk,"3-room apartment","fully renovated",8.75,"okres Martin",Martin,Podháj
JuC150gf4x0,"3-room apartment","new construction",10.86,"okres Martin",Martin,Stred
JuOHtDh4ssx,"3-room apartment","fully renovated",9.88,"okres Žilina",Žilina,"Staré mesto"
Ju99QRQeIB6,"1-room apartment","fully renovated",13.44,"okres Liptovský Mikuláš","Liptovský Mikuláš",Okoličné
JuY5LGMMCXw,"commercial space","new construction",NULL,"okres Martin",Sučany,Sučany
Juc13_FCZgH,maisonette,unrenovated,6.00,"okres Liptovský Mikuláš","Liptovský Mikuláš","Staré mesto"
JupsSzyT0cr,"2-room apartment","fully renovated",8.91,"okres Martin",Vrútky,"Horné Vrútky"
JuDUhZhbscW,"3-room apartment","new construction",12.12,"okres Martin",Martin,Sever
JudTzF1WzhJ,"2-room apartment","partially renovated",12.59,"okres Žilina",Žilina,"Malá Praha"
JuZZDPtR2IXg,"1-room apartment","new construction",11.54,"okres Bytča",Bytča,"Veľká Bytča"
Ju6CbHXXMaR,"2-room apartment","new construction",12.43,"okres Liptovský Mikuláš","Liptovský Mikuláš","Vrbica - Nábrežie"
JuJyLb9uZkF,"2-room apartment","fully renovated",11.90,"okres Martin",Martin,Stred
JubcX2eX1Ec,"2-room apartment","new construction",14.29,"okres Martin",Martin,Stred
Ju43Fk0eYYh,"3-room apartment","fully renovated",9.31,"okres Čadca",Čadca,Žarec
JuN7uIfPm4u,"3-room apartment","new construction",12.59,"okres Žilina",Žilina,Vlčince
JuAChQKUc2K,"3-room apartment","fully renovated",8.14,"okres Martin",Martin,Stred
JuM34gAq3oh,"3-room apartment","new construction",NULL,"okres Čadca",Čadca,Centrum
JuUPtRtKqg1,"holiday apartment",unrenovated,10.37,"okres Tvrdošín",Nižná,Nižná
JuS-j-NozyD,"3-room apartment","new construction",11.18,"okres Žilina",Žilina,Hliny
Ju6448VMXkm,"2-room apartment","fully renovated",9.19,"okres Martin",Vrútky,NULL
JuR_dv_w6nb,"3-room apartment","fully renovated",9.56,"okres Martin",Martin,Záturčie
Ju65g8tl_o6,"2-room apartment","fully renovated",13.09,"okres Bytča",Bytča,"Veľká Bytča"
Jur9DmBKE6k,"3-room apartment","partially renovated",9.08,"okres Čadca",Turzovka,Stred
Juethr02QAh,"3-room apartment","fully renovated",11.45,"okres Dolný Kubín","Dolný Kubín",Mokraď
JuRPpAPhQaY,"3-room apartment","fully renovated",9.76,"okres Žilina",Žilina,"Staré mesto"
JukVWGCXzBK,"3-room apartment","fully renovated",8.49,"okres Žilina",Žilina,"Staré mesto"
JuVL9EcWc2t,"2-room apartment","fully renovated",10.31,"okres Bytča",Bytča,"Veľká Bytča"
JugAp1u_qk1,"studio apartment","fully renovated",20.91,"okres Žilina",Žilina,Vlčince
JuJPy3KQ41X,"2-room apartment","new construction",11.45,"okres Martin",Martin,Priekopa
Ju_bbWxDvZ7,"1-room apartment","fully renovated",11.84,"okres Liptovský Mikuláš","Liptovský Mikuláš",NULL
JuQBqq7Pwpu,"2-room apartment","fully renovated",9.41,"okres Žilina",Žilina,"Staré mesto"
JulaIQCE-Uz,"2-room apartment","new construction",13.53,"okres Liptovský Mikuláš","Liptovský Mikuláš",Palúdzka
JuXClsCim_Y,"3-room apartment","partially renovated",7.65,"okres Žilina",Žilina,"Staré mesto"
JufDkMDnCvm,"3-room apartment","fully renovated",10.13,"okres Žilina",Žilina,Bytčica
JuXB6L99RjI,"2-room apartment","new construction",10.73,"okres Žilina",Žilina,Vlčince
JuvyqEQLT9W,"4-room apartment",unrenovated,7.00,"okres Martin",Martin,Priekopa
Ju5B5pSVvke,"3-room apartment","fully renovated",12.36,"okres Žilina",Žilina,"Staré mesto"
JuKfypJ44Pi,"2-room apartment","fully renovated",8.80,"okres Čadca",Klubina,Klubina
JuQLJpNFPOX,"1-room apartment","partially renovated",12.46,"okres Dolný Kubín","Dolný Kubín","Veľký Bysterec"
JupfL7Qxmcc,"3-room apartment","new construction",7.83,"okres Žilina",Žilina,Hliny
Juk3yNZ7Eva,"2-room apartment","new construction",12.50,"okres Žilina","Rajecké Teplice","Rajecké Teplice"
JuZzvx283W0,"1-room apartment","fully renovated",13.33,"okres Martin",Martin,Stred
JuP5uFTNe1Q,"3-room apartment","new construction",12.07,"okres Žilina",Žilina,Vlčince
JuALKaJfivV,"3-room apartment",unrenovated,8.43,"okres Žilina",Žilina,Hájik
JuviBInVrFn,"1-room apartment","fully renovated",14.86,"okres Martin",Martin,Stred
JuqUuNNcs6x,"2-room apartment","new construction",14.58,"okres Liptovský Mikuláš","Liptovský Mikuláš",Palúdzka
Ju3G8jSFFI9,"2-room apartment","new construction",10.00,"okres Čadca",Čadca,Centrum
Jus3m-rZi5G,"2-room apartment","fully renovated",9.47,"okres Bytča",Bytča,"Veľká Bytča"
Julv6O2K4io,"2-room apartment","partially renovated",9.48,"okres Martin",Martin,Sever
JuxRPO2xwZZ,"2-room apartment","new construction",8.37,"okres Martin",Martin,Stred
Jugu2Y2-InX,"2-room apartment","partially renovated",8.51,"okres Žilina",Žilina,Bôrik
JuFA8PJP0f8,"2-room apartment","fully renovated",9.32,"okres Martin",Martin,Stred
JuziSU1LhLt,"studio apartment","new construction",12.70,"okres Martin",Martin,Podháj
JucVDDFBRT8,"4-room apartment","fully renovated",12.43,"okres Bytča",Bytča,"Veľká Bytča"
JuANNBb14Ku,"1-room apartment","partially renovated",12.79,"okres Dolný Kubín",Istebné,Istebné
JuIFK1fc6FD,"3-room apartment","partially renovated",7.52,"okres Martin",Martin,Sever
Jueq_fze_5r,"2-room apartment","new construction",NULL,"okres Liptovský Mikuláš","Liptovský Mikuláš",Palúdzka
Ju3RCMQs9vo,"2-room apartment","new construction",10.00,"okres Liptovský Mikuláš","Liptovský Mikuláš","Staré mesto"
JuSCw29I996,"3-room apartment","fully renovated",8.39,"okres Liptovský Mikuláš","Liptovský Hrádok",Prekážka
JuYmnqxfCfU,"2-room apartment","fully renovated",10.97,"okres Bytča",Bytča,"Veľká Bytča"
Ju2RLrI1kcS,"2-room apartment","new construction",8.45,"okres Žilina",Žilina,Vlčince
JuLfK4N9KuJ,"4-room apartment","fully renovated",9.44,"okres Žilina",Žilina,"Staré mesto"
JuXFWi9ToVv,"1-room apartment","fully renovated",10.23,"okres Námestovo",Námestovo,NULL
JuIAvskne5z,"2-room apartment","fully renovated",8.33,"okres Liptovský Mikuláš","Liptovský Mikuláš","Vrbica - Nábrežie"
JumrPKthwP7,"2-room apartment","new construction",NULL,"okres Bytča",Maršová-Rašov,Maršová-Rašov
JuewRpsuNGh,"1-room apartment","fully renovated",NULL,"okres Martin",Martin,Podháj
JuOCwlB4zqX,"2-room apartment","new construction",8.96,"okres Martin",Martin,Podháj
Ju6c9z03WhY,"2-room apartment","fully renovated",10.37,"okres Martin",Martin,Stred
JueYWDVVrdd,"2-room apartment","new construction",6.00,"okres Námestovo",Mútne,Mútne
Ju9hEcnte9-,"3-room apartment","partially renovated",6.30,"okres Námestovo",Námestovo,Brehy
Ju12bwYQ7nT,"3-room apartment","new construction",8.41,"okres Martin",Martin,Záturčie
JutR_NlarhR,"2-room apartment","new construction",10.14,"okres Žilina",Žilina,Bôrik
JuSGqC8nbbl,"3-room apartment","fully renovated",13.17,"okres Žilina",Žilina,Hliny
Ju6fwBTV6P6,"2-room apartment",unrenovated,14.37,"okres Žilina",Žilina,Bôrik
JupFlDUtQOE,"2-room apartment","new construction",14.13,"okres Žilina",Žilina,"Staré mesto"
JuYypAB3WNO,"studio apartment","new construction",18.28,"okres Žilina",Žilina,Vlčince
JuwiNiRwZ-G,"3-room apartment","fully renovated",10.97,"okres Bytča",Bytča,"Veľká Bytča"
JuOFc-qmQAu,"2-room apartment","new construction",10.45,"okres Liptovský Mikuláš","Liptovský Mikuláš",Palúdzka
JuTcLcPMeUX,"2-room apartment","new construction",11.50,"okres Martin",Vrútky,"Horné Vrútky"
Ju3fRh58rlQ,"2-room apartment","partially renovated",11.22,"okres Liptovský Mikuláš","Liptovský Mikuláš","Vrbica - Nábrežie"
Jujum4J4wb2,"2-room apartment","fully renovated",8.33,"okres Martin",Martin,Ľadoveň
JuEI53pWqzW,"3-room apartment","new construction",9.44,"okres Martin",Martin,Stred
JusqNW2Fg5o,"1-room apartment","fully renovated",18.52,"okres Liptovský Mikuláš","Pavčina Lehota","Pavčina Lehota"
JuOxbo4pSSp,"3-room apartment","fully renovated",13.33,"okres Žilina",Žilina,Vlčince
Ju9t-oEiYBZ,"3-room apartment","new construction",8.10,"okres Liptovský Mikuláš","Liptovský Hrádok",NULL
JueYB6GvrEe,"3-room apartment","fully renovated",10.42,"okres Žilina",Žilina,Hliny
JuG0JmIY6PQ,"2-room apartment","fully renovated",8.82,"okres Žilina",Žilina,Vlčince
JuOLK-0T1Mn,"2-room apartment","fully renovated",17.50,"okres Žilina",Žilina,"Staré mesto"
Ju5-9cSZw35,"3-room apartment","new construction",8.82,"okres Martin",Martin,Stred
JuykAcnsUj0,"3-room apartment","new construction",9.76,"okres Žilina",Žilina,"Staré mesto"
JuoaEOkD_KF,"3-room apartment","new construction",9.67,"okres Žilina",Žilina,"Staré mesto"
Ju-CieQQxUN,"2-room apartment","new construction",13.65,"okres Liptovský Mikuláš","Liptovský Mikuláš",Palúdzka
JutjYOCC9EK,"2-room apartment","new construction",13.75,"okres Žilina",Žilina,"Staré mesto"
JuawIhGVyvh,"3-room apartment","fully renovated",6.96,"okres Námestovo",Námestovo,Stred
JuMq5sG1YBG,"2-room apartment","fully renovated",9.64,"okres Martin",Martin,Košúty
JuzW5XpNDH7,"holiday apartment","new construction",NULL,"okres Liptovský Mikuláš","Liptovský Mikuláš",Demänová
Ju0bNiistMRJ,"1-room apartment","new construction",16.67,"okres Bytča",Bytča,"Thurzove sady"
JujO1vhWS9Y,"3-room apartment","new construction",12.46,"okres Martin",Martin,Sever
Ju28v4oyz1R,"1-room apartment","new construction",8.64,"okres Kysucké Nové Mesto",Nesluša,Nesluša
JuH32c8NNad,"2-room apartment","new construction",12.22,"okres Martin",Martin,Priekopa
JuB4nMTbdT2,"3-room apartment",unrenovated,6.02,"okres Námestovo",Vavrečka,Vavrečka
JuktwYpm4CV,"2-room apartment","partially renovated",10.20,"okres Martin",Martin,Záturčie
JujjF4h9vha,"2-room apartment","fully renovated",10.42,"okres Martin",Martin,Stred
JuRdV1LIJPu,"1-room apartment","fully renovated",13.24,"okres Liptovský Mikuláš","Liptovský Mikuláš","Staré mesto"
JuT8T2mhbPp,"2-room apartment","new construction",12.13,"okres Martin",Martin,Stred
Juvh354emFK,"3-room apartment","fully renovated",9.88,"okres Žilina",Žilina,"Staré mesto"
JuwR10kFsHB,"2-room apartment","fully renovated",10.00,"okres Žilina",Žilina,Vlčince
JuarCLPx8dZ,"2-room apartment","fully renovated",13.60,"okres Liptovský Mikuláš","Liptovský Mikuláš","Staré mesto"
JuG8ggFzvSj,"3-room apartment","partially renovated",6.50,"okres Žilina",Žilina,"Staré mesto"
JuxasD7Z9Ys,"2-room apartment","fully renovated",10.91,"okres Martin",Martin,Stred
JuU-rP3IJ1-,"2-room apartment","new construction",12.50,"okres Žilina",Žilina,"Staré mesto"
JuXBGzjsqRS,"3-room apartment","new construction",11.43,"okres Bytča",Bytča,"Thurzove sady"
JuDHzNZw0-F,"3-room apartment","fully renovated",7.51,"okres Martin",Martin,Priekopa
Jugh-H3CM-c,"2-room apartment","new construction",6.86,"okres Námestovo",Mútne,Mútne
Ju3IaCCie7D,"4-room apartment","partially renovated",8.67,"okres Martin",Martin,Ľadoveň
Jula1jRu3yY,house,"partially renovated",8.33,"okres Žilina","Dolný Hričov","Dolný Hričov"
Ju2mmFeZCca,house,"fully renovated",12.94,"okres Žilina",Žilina,Hliny
Ju9aPEa8o9x,house,unrenovated,2.02,"okres Liptovský Mikuláš","Liptovská Sielnica","Liptovská Sielnica"
Ju419iKir6V,house,"new construction",5.00,"okres Liptovský Mikuláš","Liptovský Mikuláš","Liptovská Ondrašová"
JuEW0eTR9MG,house,"partially renovated",5.15,"okres Žilina",Žilina,"Staré mesto"
JuIbHiaSfl0,house,"new construction",10.27,"okres Bytča",Bytča,"Veľká Bytča"
JuuVW7D3CC4,house,"new construction",4.44,"okres Liptovský Mikuláš","Liptovský Mikuláš","Liptovská Ondrašová"
Ju002dUmryq,house,"fully renovated",11.11,"okres Žilina",Žilina,"Staré mesto"
JuIfd2KOAqJ,house,"new construction",6.15,"okres Žilina","Dolný Hričov","Dolný Hričov"
JuiNBbsX-1P,house,"new construction",8.00,"okres Žilina",Žilina,Bytčica
JuQab_JUcgQ,house,"new construction",7.96,"okres Martin",Vrútky,"Karvaša a Bláhovca"
JuRRi65QQer,house,unrenovated,3.13,"okres Čadca",Čierne,Čierne
Ju99F1V9-a5,house,"new construction",12.90,"okres Martin",Vrútky,"Karvaša a Bláhovca"
Ju1ofqUKnGJ,house,"new construction",9.17,"okres Bytča",Bytča,"Veľká Bytča"
Ju6T3Ft89-v,house,"new construction",2.99,"okres Martin",Martin,Záturčie
JuLfF3NK-DH,house,"fully renovated",13.94,"okres Žilina",Žilina,Trnové
JuLNoFvHJ5G,house,"new construction",9.37,"okres Liptovský Mikuláš","Liptovský Mikuláš",NULL
JuH3sZu4pdG,house,"new construction",5.90,"okres Martin",Martin,"Kolónia Hviezda"
Ju3lxuv_5ktW,house,"new construction",10.00,"okres Čadca",Čadca,Podzávoz
JujgHpJn1F3,house,"partially renovated",3.90,"okres Liptovský Mikuláš",Važec,Važec
JuZCH4Z4GtW,house,"fully renovated",0.10,"okres Martin",Vrútky,"Dolné Vrútky"
JuoVr-cpqoy,house,"fully renovated",6.94,"okres Ružomberok",Lúčky,Lúčky
Ju87PUjUkTd,house,"new construction",10.67,"okres Žilina","Nezbudská Lúčka","Nezbudská Lúčka"
Juesp2zf3lY,house,"new construction",8.75,"okres Čadca",Čadca,Podzávoz
JumYwG9N16J,house,"new construction",6.04,"okres Žilina","Dolný Hričov","Dolný Hričov"
JueXjluFXOP,house,"fully renovated",14.24,"okres Žilina",Višňové,Višňové
Ju9bxb0AsZ-,house,"partially renovated",0.03,"okres Žilina",Žilina,Bôrik
JuHIlnFxXM_,house,"new construction",12.50,"okres Žilina",Žilina,Bôrik
JuA5lCAmCxy,house,"fully renovated",10.71,"okres Žilina","Teplička nad Váhom","Teplička nad Váhom"
JuFISMLdmc8,house,"new construction",10.78,"okres Martin",Sučany,Sučany
JudaUInUE_Q,house,"new construction",3.76,"okres Námestovo","Oravská Polhora","Oravská Polhora"
JuSpQ8TslIA,house,"new construction",0.99,"okres Žilina",Lysica,Lysica
Ju7u3ZsxEKq,house,"fully renovated",5.20,"okres Žilina",Žilina,Závodie
JuUZocInHXW,house,"new construction",8.67,"okres Námestovo",Námestovo,Stred
