agency,apt_listings,apt_pricing_idx,apt_top5,house_listings,house_pricing_idx,house_top5,land_listings,land_pricing_idx,land_top5
"1. Reality Rent, s.r.o.",9,-0.00174286,NULL,28,0.05264615,NULL,36,0.05940571,"1. Reality Rent, s.r.o."
"1.BCR REAL ESTATE SLOVAKIA",NULL,NULL,NULL,NULL,NULL,NULL,1,0.48860000,NULL
"4FIN s.r.o.",1,0.00000000,NULL,NULL,NULL,NULL,NULL,NULL,NULL
"A-Byt Consult, s.r.o.",7,-0.02298571,NULL,1,0.00000000,NULL,NULL,NULL,NULL
"ACTIVE - Reality, s. r. o.",3,0.00000000,NULL,NULL,NULL,NULL,NULL,NULL,NULL
"ADH-REAL s.r.o. Hirjaková Adriana",NULL,NULL,NULL,5,-0.03218000,NULL,2,0.08385000,NULL
"ADOMOS REAL s.r.o.",1,-0.10950000,NULL,1,0.00000000,NULL,NULL,NULL,NULL
"agreal.sk, spol. s r.o.",NULL,NULL,NULL,NULL,NULL,NULL,1,0.00000000,NULL
"ALFA SALUTO REAL s.r.o",2,0.00000000,NULL,NULL,NULL,NULL,NULL,NULL,NULL
"All 4 Life, s.r.o.",1,0.04340000,NULL,NULL,NULL,NULL,NULL,NULL,NULL
"Allrisk Slovakia Reality & Financie, s.r.o.",NULL,NULL,NULL,1,-0.13240000,NULL,NULL,NULL,NULL
"ALT REAL, s.r.o.",4,-0.03193333,NULL,23,0.01318182,NULL,11,0.05529091,NULL
"AnoReal, s.r.o.",NULL,NULL,NULL,4,0.03460000,NULL,7,0.09934000,NULL
"AnReal s. r. o.",1,0.00000000,NULL,1,0.00000000,NULL,4,-0.19552500,NULL
"AP REAL, s.r.o.",NULL,NULL,NULL,NULL,NULL,NULL,4,-0.24250000,NULL
"Apollo House",1,NULL,NULL,4,0.03020000,NULL,6,0.05740000,NULL
"ARBIZ real estate & finance s. r. o.",2,0.00000000,NULL,4,0.00000000,NULL,NULL,NULL,NULL
"ARCHEUS Partners a.s.",4,-0.04973333,NULL,NULL,NULL,NULL,NULL,NULL,NULL
"Arvin & Benet",1,NULL,NULL,2,NULL,NULL,NULL,NULL,NULL
"AstonReal s.r.o.",23,-0.00533077,NULL,17,-0.03526875,NULL,10,-0.00908000,NULL
"ATP stavby s.r.o.",1,0.00000000,NULL,1,0.00000000,NULL,2,0.22500000,NULL
AZUR.RE,1,-0.10690000,NULL,NULL,NULL,NULL,NULL,NULL,NULL
"B10 Slovensko, a. s.",33,0.02759524,"B10 Slovensko, a. s.",27,-0.06021429,NULL,15,-0.19988182,NULL
"Babony TRE s.r.o.",NULL,NULL,NULL,2,0.00000000,NULL,NULL,NULL,NULL
"BALAŽI REAL ESTATE s.r.o.",NULL,NULL,NULL,2,0.00000000,NULL,26,-0.02998095,NULL
"BB - REALITY,  s.r.o.",1,-0.00860000,NULL,NULL,NULL,NULL,NULL,NULL,NULL
"BEDES | Realitná kancelária",1,0.00000000,NULL,NULL,NULL,NULL,NULL,NULL,NULL
"BEEVAM, s.r.o.",1,-0.03620000,NULL,NULL,NULL,NULL,NULL,NULL,NULL
"BeMi realitná kancelária",15,-0.02477692,NULL,30,-0.00872174,NULL,41,0.00512895,"BeMi realitná kancelária"
"BENCONT DEVELOPMENT, a.s.",1,0.00000000,NULL,NULL,NULL,NULL,NULL,NULL,NULL
"BEŇO REALITY",1,-0.00760000,NULL,NULL,NULL,NULL,4,0.13210000,NULL
"bezmaklérov, s.r.o.",3,-0.00753333,NULL,3,0.00000000,NULL,8,0.01536250,NULL
"BIZNIS REALITY, s.r.o.",NULL,NULL,NULL,NULL,NULL,NULL,2,0.11120000,NULL
"Bonjour real",1,0.00000000,NULL,NULL,NULL,NULL,NULL,NULL,NULL
"Bosen Group s.r.o.",8,0.05002500,NULL,6,0.00160000,NULL,3,-0.02755000,NULL
"BR ACADEMY, s. r. o.",1,NULL,NULL,5,0.00000000,NULL,1,0.00000000,NULL
"Briliant Reality, s.r.o.",NULL,NULL,NULL,1,NULL,NULL,NULL,NULL,NULL
"Buby reality, s.r.o.",16,0.01326667,NULL,11,-0.03316667,NULL,7,0.00000000,NULL
"BV REAL PD, s.r.o.",NULL,NULL,NULL,3,0.00000000,NULL,1,-0.23530000,NULL
"CANGURU s.r.o.",15,0.00579231,NULL,NULL,NULL,NULL,NULL,NULL,NULL
"Constario REALTY s.r.o.",7,0.02328571,NULL,NULL,NULL,NULL,NULL,NULL,NULL
"Cooper Real s.r.o",1,0.00000000,NULL,NULL,NULL,NULL,NULL,NULL,NULL
"CPM Real Estate",NULL,NULL,NULL,2,0.14125000,NULL,NULL,NULL,NULL
"CreeX Reality s.r.o.",1,0.23190000,NULL,1,-0.07140000,NULL,NULL,NULL,NULL
"Crystin reality, s.r.o.",1,0.05660000,NULL,NULL,NULL,NULL,NULL,NULL,NULL
"Delta Property s.r.o.",NULL,NULL,NULL,NULL,NULL,NULL,1,-0.12600000,NULL
"Direct Real, spol. s r.o.",16,0.01365625,NULL,16,0.03898462,NULL,14,0.02404545,NULL
"DLUGO reality",3,0.06633333,NULL,NULL,NULL,NULL,NULL,NULL,NULL
"DOBRÉ REALITY s.r.o.",NULL,NULL,NULL,2,0.01420000,NULL,2,0.00000000,NULL
"Domovia s. r. o.",1,-0.09610000,NULL,NULL,NULL,NULL,NULL,NULL,NULL
"DOMUM realitná spoločnosť s. r. o.",2,-0.03760000,NULL,NULL,NULL,NULL,NULL,NULL,NULL
donidDevelop,4,0.00717500,NULL,4,-0.12627500,NULL,9,-0.05650000,NULL
"DRAŽOBNÍK, s.r.o.",NULL,NULL,NULL,1,-0.31960000,NULL,NULL,NULL,NULL
"DreamReality s.r.o.",3,-0.09493333,NULL,7,-0.07952000,NULL,7,0.01345714,NULL
"DRR INVEST, s. r. o.",5,-0.01246000,NULL,4,0.03075000,NULL,4,0.10735000,NULL
"DVOŘÁK & PARTNERS s. r. o.",1,0.00000000,NULL,NULL,NULL,NULL,NULL,NULL,NULL
"EASY centrum bývania, s.r.o.",2,0.33215000,NULL,1,0.00000000,NULL,2,-0.20750000,NULL
"Eden Real estate, s.r.o.",NULL,NULL,NULL,NULL,NULL,NULL,2,-0.04355000,NULL
"Effecting s.r.o.",2,0.02415000,NULL,1,-0.01900000,NULL,1,0.00000000,NULL
"Eli real realitná kancelária",1,-0.05240000,NULL,NULL,NULL,NULL,NULL,NULL,NULL
"ELITE reality",NULL,NULL,NULL,NULL,NULL,NULL,1,-0.17250000,NULL
Envire,NULL,NULL,NULL,NULL,NULL,NULL,1,0.30170000,NULL
"Estate Invest",1,0.21880000,NULL,NULL,NULL,NULL,NULL,NULL,NULL
"ETHOS reality, s. r. o.",NULL,NULL,NULL,2,-0.17110000,NULL,4,-0.10072500,NULL
"Euro Bauer s.r.o.",1,NULL,NULL,NULL,NULL,NULL,NULL,NULL,NULL
"EVER SK, s.r.o.",1,0.00000000,NULL,NULL,NULL,NULL,NULL,NULL,NULL
"FatraReal s. r. o.",NULL,NULL,NULL,2,0.00000000,NULL,NULL,NULL,NULL
"Felicita Real s. r. o.",3,0.00053333,NULL,1,0.00000000,NULL,NULL,NULL,NULL
"Financial Hotels Management, s.r.o.",7,0.12972857,NULL,NULL,NULL,NULL,NULL,NULL,NULL
"Financie a reality od A po Z",2,-0.15100000,NULL,2,0.04290000,NULL,NULL,NULL,NULL
"FINREA - ak vám záleží na výsledku",17,0.02337273,NULL,17,0.02498667,NULL,8,-0.08198571,NULL
"FISCHER & PARTNERS, s.r.o.",1,0.00000000,NULL,4,0.00000000,NULL,2,0.00000000,NULL
G-REAL,13,-0.03209091,NULL,NULL,NULL,NULL,1,NULL,NULL
"GAMA Reality, s.r.o.",2,-0.02545000,NULL,1,-0.17430000,NULL,2,0.00000000,NULL
"GARANT REALITY",1,-0.03000000,NULL,NULL,NULL,NULL,NULL,NULL,NULL
"Georgi Conev",1,0.00670000,NULL,3,0.00000000,NULL,3,-0.18943333,NULL
"GERT , s.r.o.",2,-0.01590000,NULL,4,0.10130000,NULL,2,NULL,NULL
"Good Reality s.r.o.",NULL,NULL,NULL,1,0.02270000,NULL,NULL,NULL,NULL
"GRAVITAS a. s.",1,NULL,NULL,1,0.00000000,NULL,1,NULL,NULL
"Gro & Partners",2,-0.00430000,NULL,2,0.00000000,NULL,1,-0.02380000,NULL
"HALO reality, s.r.o.",18,0.00047222,NULL,20,0.00830000,NULL,7,-0.02497143,NULL
"HD reality group s.r.o",8,-0.03722000,NULL,2,-0.03810000,NULL,NULL,NULL,NULL
"HERRYS s.r.o.",NULL,NULL,NULL,1,0.00000000,NULL,NULL,NULL,NULL
"HMS Services, a. s.",4,0.01155000,NULL,NULL,NULL,NULL,NULL,NULL,NULL
"HOLESTIAK.sk reality s.r.o.",2,0.01380000,NULL,21,0.02106190,NULL,9,-0.02490000,NULL
"House Real Žilina",2,0.00000000,NULL,NULL,NULL,NULL,1,-0.53680000,NULL
"Hulka REAL Plus s.r.o.",NULL,NULL,NULL,NULL,NULL,NULL,1,0.00000000,NULL
"IDEÁLNE BÝVANIE, s.r.o.",1,0.00000000,NULL,3,-0.07643333,NULL,1,0.30730000,NULL
"Ing. Gerlinda Bérešová - Esti",2,0.00000000,NULL,2,0.07640000,NULL,4,-0.11247500,NULL
"Ing. Jaroslav Minár JAVAS",NULL,NULL,NULL,2,NULL,NULL,NULL,NULL,NULL
"Ing. Marcela Pišteková",1,NULL,NULL,6,-0.13308333,NULL,1,0.00000000,NULL
"Ing.Tomáš Hudák",NULL,NULL,NULL,NULL,NULL,NULL,1,0.00000000,NULL
"Ing.Zuzana Paverová",1,0.00000000,NULL,4,0.09262500,NULL,2,-0.16400000,NULL
"Istrofinal, s. r. o.",21,-0.00000952,NULL,NULL,NULL,NULL,NULL,NULL,NULL
"IVANING, s. r. o.",NULL,NULL,NULL,3,0.00000000,NULL,NULL,NULL,NULL
"J.M.H. s.r.o.",3,-0.02180000,NULL,NULL,NULL,NULL,NULL,NULL,NULL
jabyvam.sk,2,-0.04450000,NULL,11,0.00089000,NULL,1,-0.07540000,NULL
"Jacek reality s. r. o.",1,-0.11590000,NULL,NULL,NULL,NULL,NULL,NULL,NULL
"JKV REAL",3,-0.06595000,NULL,3,-0.04036667,NULL,NULL,NULL,NULL
"JMB REALITY s.r.o.",NULL,NULL,NULL,1,NULL,NULL,3,NULL,NULL
"Joyel s.r.o.",NULL,NULL,NULL,1,0.00000000,NULL,NULL,NULL,NULL
"JPE. Reality - Jozef Pajer",3,-0.02110000,NULL,7,0.00027143,NULL,4,0.11310000,NULL
"Juraj Hegyi Reality & Development s.r.o.",1,0.32050000,NULL,NULL,NULL,NULL,NULL,NULL,NULL
"K&B Partners, s.r.o.",NULL,NULL,NULL,1,NULL,NULL,NULL,NULL,NULL
"KA Real",4,-0.00847500,NULL,NULL,NULL,NULL,NULL,NULL,NULL
"KARIN & PARTNERS, s.r.o.",1,0.01100000,NULL,2,-0.11400000,NULL,NULL,NULL,NULL
"KES - RV s.r.o.",1,-0.02390000,NULL,NULL,NULL,NULL,NULL,NULL,NULL
"KING REAL s. r. o.",NULL,NULL,NULL,1,0.00470000,NULL,NULL,NULL,NULL
"KORIJKOV & AGENTS",NULL,NULL,NULL,1,NULL,NULL,NULL,NULL,NULL
"KORSO Project, s.r.o.",13,0.00387692,NULL,NULL,NULL,NULL,NULL,NULL,NULL
"KOSIBA reality s.r.o.",NULL,NULL,NULL,1,-0.12700000,NULL,NULL,NULL,NULL
"KRALIKOVA reality",1,0.21640000,NULL,NULL,NULL,NULL,NULL,NULL,NULL
"Kristína Čanády",NULL,NULL,NULL,NULL,NULL,NULL,1,0.13080000,NULL
"KRUPPKY, s.r.o.",2,0.18620000,NULL,3,0.00000000,NULL,2,0.12865000,NULL
"KUBALA REALITY, s.r.o.",1,NULL,NULL,1,0.31990000,NULL,1,-0.19350000,NULL
"LAVENTURA s.r.o.",1,-0.00290000,NULL,1,NULL,NULL,NULL,NULL,NULL
"LAWIS s.r.o.",NULL,NULL,NULL,1,0.00000000,NULL,1,-0.03390000,NULL
"LEGEND realitná spoločnosť  s. r. o.",NULL,NULL,NULL,1,0.00000000,NULL,NULL,NULL,NULL
"LICITOR group, a.s.",1,0.00000000,NULL,4,0.00000000,NULL,NULL,NULL,NULL
"LIF REAL",5,-0.04813333,NULL,5,-0.08270000,NULL,3,-0.00036667,NULL
"Like Reality s.r.o.",12,-0.01404000,NULL,8,0.12713333,NULL,2,0.00000000,NULL
Limaxreal,5,-0.04530000,NULL,2,0.00000000,NULL,4,-0.06736667,NULL
liptoreal,2,0.09940000,NULL,5,-0.01656667,NULL,3,0.01623333,NULL
"Local reality s. r. o.",1,0.09920000,NULL,NULL,NULL,NULL,NULL,NULL,NULL
"LOYAL REALITY s.r.o.",2,NULL,NULL,NULL,NULL,NULL,NULL,NULL,NULL
"LuxReality, s.r.o.",1,0.00000000,NULL,NULL,NULL,NULL,NULL,NULL,NULL
"M&G, s.r.o.",NULL,NULL,NULL,NULL,NULL,NULL,4,NULL,NULL
"Mamud Reality s. r. o.",1,0.14320000,NULL,3,-0.00420000,NULL,6,-0.17336667,NULL
"MartinTham s. r. o.",NULL,NULL,NULL,NULL,NULL,NULL,1,0.10730000,NULL
"MAX PROFI REALITY",1,0.04820000,NULL,1,0.00000000,NULL,5,-0.09432500,NULL
Maxareality,1,0.00000000,NULL,NULL,NULL,NULL,1,NULL,NULL
"MENÍME BÝVANIE",2,0.01505000,NULL,2,0.00000000,NULL,NULL,NULL,NULL
"MENS s. r. o.",3,0.00000000,NULL,NULL,NULL,NULL,NULL,NULL,NULL
"MG real, s.r.o.",1,-0.01140000,NULL,1,0.05840000,NULL,NULL,NULL,NULL
"MGM reality",26,-0.01592353,NULL,26,0.02371176,NULL,25,-0.07310000,NULL
"Mgr. Nina Herčková, RSc.",NULL,NULL,NULL,1,NULL,NULL,1,-0.08490000,NULL
"Mgr. Renáta Kolenčíková",NULL,NULL,NULL,1,-0.23950000,NULL,1,0.00000000,NULL
"Mgr. Silvia Lukáčová - RealPoint",1,NULL,NULL,2,NULL,NULL,NULL,NULL,NULL
"MK-CORP s.r.o.",8,-0.27681250,NULL,1,0.00000000,NULL,NULL,NULL,NULL
"ML realitný& finančny servis s.r.o. , BrokerSoft s.r.o. , Monika Launerová - SZČO",2,-0.13360000,NULL,NULL,NULL,NULL,NULL,NULL,NULL
mojaRK,NULL,NULL,NULL,1,0.00000000,NULL,NULL,NULL,NULL
"MS Alpex, k.s.",NULL,NULL,NULL,NULL,NULL,NULL,1,0.02990000,NULL
"NajBývanie, s.r.o.",15,-0.02670769,NULL,18,0.06635882,NULL,1,0.00000000,NULL
NajlepšíMakléri.sk,NULL,NULL,NULL,2,NULL,NULL,NULL,NULL,NULL
"Nestor Capital s.r.o.",NULL,NULL,NULL,2,0.24680000,NULL,NULL,NULL,NULL
"New Ways Reality&Financie",NULL,NULL,NULL,2,-0.10645000,NULL,1,0.00000000,NULL
"NFA Group, s.r.o.",NULL,NULL,NULL,NULL,NULL,NULL,2,-0.49825000,NULL
"NIKO-REAL, s.r.o.",1,NULL,NULL,NULL,NULL,NULL,NULL,NULL,NULL
"Nové bývanie",3,0.34100000,NULL,9,-0.02134444,NULL,3,-0.11026667,NULL
"Obec Liptovská Lúžna",3,0.00000000,NULL,NULL,NULL,NULL,NULL,NULL,NULL
"Occam New Home",4,-0.17525000,NULL,NULL,NULL,NULL,NULL,NULL,NULL
"ODEKO manažment s.r.o.",26,0.00409615,NULL,NULL,NULL,NULL,NULL,NULL,NULL
OPENREALITY,1,-0.00430000,NULL,NULL,NULL,NULL,NULL,NULL,NULL
"OREA, s.r.o.",18,0.02204118,NULL,12,0.01970000,NULL,14,-0.03980000,NULL
"OVERENÉ REALITY",12,0.01250000,NULL,16,-0.09902727,NULL,8,0.00931429,NULL
"PASS Reality, s.r.o.",1,NULL,NULL,NULL,NULL,NULL,NULL,NULL,NULL
"Pegas real s.r.o.",1,-0.08220000,NULL,2,-0.00385000,NULL,NULL,NULL,NULL
"PhDr. Miloš Kocúr - BKM Consulting",2,0.06785000,NULL,2,-0.35640000,NULL,1,0.00000000,NULL
"Piata Avenue",5,-0.07878000,NULL,15,0.02781111,NULL,5,0.31222000,NULL
"Piešťany Reality",1,0.00000000,NULL,NULL,NULL,NULL,NULL,NULL,NULL
"Porto Real Group",1,0.08220000,NULL,NULL,NULL,NULL,NULL,NULL,NULL
"PRIMA reality s.r.o.",2,0.00000000,NULL,1,0.06390000,NULL,1,0.33470000,NULL
"PRIVAT Reality spol.s.r.o",NULL,NULL,NULL,1,0.17320000,NULL,NULL,NULL,NULL
"Pro Real, s. r. o. realitná kancelária",3,0.00026667,NULL,2,0.04135000,NULL,1,-0.01330000,NULL
"PROFI INVEST družstvo",NULL,NULL,NULL,1,0.00000000,NULL,NULL,NULL,NULL
"Prom Real",NULL,NULL,NULL,1,-0.08500000,NULL,NULL,NULL,NULL
"PROMINENT REAL s.r.o.",1,0.00000000,NULL,NULL,NULL,NULL,NULL,NULL,NULL
"PROXAM reality s.r.o.",NULL,NULL,NULL,NULL,NULL,NULL,1,0.00000000,NULL
"Prvá Realitná Kancelária, s.r.o.",3,0.02563333,NULL,NULL,NULL,NULL,NULL,NULL,NULL
"PSynchro RK32",1,NULL,NULL,NULL,NULL,NULL,NULL,NULL,NULL
"PT-com s. r. o.",NULL,NULL,NULL,3,0.02786667,NULL,NULL,NULL,NULL
"Q REAL s.r.o.",1,0.00000000,NULL,1,0.00000000,NULL,2,0.09800000,NULL
"R2 SK, s.r.o.",5,0.06284000,NULL,9,0.07387500,NULL,4,0.13445000,NULL
"RADO Reality",NULL,NULL,NULL,NULL,NULL,NULL,2,-0.25725000,NULL
"RAI COMPANY s.r.o.",NULL,NULL,NULL,NULL,NULL,NULL,1,0.00000000,NULL
"RAJA, spol. s r.o.",NULL,NULL,NULL,1,NULL,NULL,NULL,NULL,NULL
"RE/MAX Slovakia",21,0.01390000,NULL,25,0.00802609,NULL,25,0.06376087,NULL
"Real Estate Group4U",NULL,NULL,NULL,16,0.00026667,NULL,11,0.75683636,NULL
"Real Global",NULL,NULL,NULL,1,0.00000000,NULL,NULL,NULL,NULL
"Real Reality Development s.r.o.",3,0.00000000,NULL,4,0.04335000,NULL,6,0.00986667,NULL
"REAL21 Invest-consult, s.r.o.",NULL,NULL,NULL,3,-0.00220000,NULL,NULL,NULL,NULL
"Realitka pre každého",2,0.10955000,NULL,NULL,NULL,NULL,7,0.00428000,NULL
"Realitná kancelária",33,-0.02205600,"Realitná kancelária",31,-0.00787500,NULL,16,-0.10146250,NULL
"Realitná kancelária DOM",5,-0.01072000,NULL,5,0.16890000,NULL,NULL,NULL,NULL
"Realitná kancelária DR, s.r.o.",1,0.00000000,NULL,3,-0.05806667,NULL,NULL,NULL,NULL
"Realitná kancelária Kľúč",NULL,NULL,NULL,1,0.07140000,NULL,NULL,NULL,NULL
"Realitná kancelária Peter Hubka",NULL,NULL,NULL,1,0.00000000,NULL,NULL,NULL,NULL
"Realitná kancelária RED, s.r.o.",39,-0.01973421,"Realitná kancelária RED, s.r.o.",37,0.01306897,"Realitná kancelária RED, s.r.o.",NULL,NULL,NULL
"Realitná kancelária SYMPATIA REAL s. r. o.",NULL,NULL,NULL,NULL,NULL,NULL,1,0.00000000,NULL
"Realitná sieť UPgreat",NULL,NULL,NULL,1,0.00000000,NULL,NULL,NULL,NULL
"Realitné kancelárie SR",19,-0.04357895,NULL,52,0.00952766,"Realitné kancelárie SR",46,-0.00391364,"Realitné kancelárie SR"
"Reality AK, spol. s r.o.",11,0.00598333,NULL,12,-0.04826000,NULL,10,-0.03361250,NULL
"Reality Alpia",35,0.01505357,"Reality Alpia",57,-0.03327551,"Reality Alpia",21,-0.12895556,NULL
"Reality ASTORIA, s.r.o.",7,0.04567500,NULL,16,0.14022000,NULL,4,-0.02175000,NULL
"Reality BL, s.r.o.",NULL,NULL,NULL,3,0.00000000,NULL,1,NULL,NULL
"Reality Center, s.r.o.",14,0.01250000,NULL,10,0.02903333,NULL,9,0.00940000,NULL
"Reality D.P.A.",5,-0.01092500,NULL,2,0.01175000,NULL,12,0.02431111,NULL
"Reality ELIÁŠ",1,0.00000000,NULL,NULL,NULL,NULL,NULL,NULL,NULL
"REALITY FAIR",1,-0.23980000,NULL,1,-0.44530000,NULL,NULL,NULL,NULL
"Reality férovo, s. r. o.",NULL,NULL,NULL,1,0.00000000,NULL,NULL,NULL,NULL
"Reality IQ, s.r.o.",7,0.02301429,NULL,9,-0.07860000,NULL,4,-0.16530000,NULL
"Reality Kopanice",NULL,NULL,NULL,1,0.00000000,NULL,NULL,NULL,NULL
"Reality MT s.r.o.",5,0.02180000,NULL,15,0.02323571,NULL,3,0.01906667,NULL
"Reality Now",1,-0.23490000,NULL,NULL,NULL,NULL,2,-0.41760000,NULL
"Reality Simply",1,-0.07490000,NULL,4,-0.01015000,NULL,NULL,NULL,NULL
"REALITY SPOLU",5,0.01040000,NULL,14,-0.03366667,NULL,5,-0.07043333,NULL
"REALITY TATRY",3,0.00000000,NULL,1,0.31960000,NULL,NULL,NULL,NULL
"Reality Turiec s.r o.",1,NULL,NULL,2,0.00000000,NULL,3,-0.06770000,NULL
Reality+,2,NULL,NULL,1,NULL,NULL,NULL,NULL,NULL
RealityOne,NULL,NULL,NULL,1,-0.49830000,NULL,NULL,NULL,NULL
"RECLOUD Reality a.s.",6,0.00000000,NULL,9,0.00000000,NULL,9,-0.07892500,NULL
"RECOM, s.r.o.",NULL,NULL,NULL,NULL,NULL,NULL,2,NULL,NULL
"Reinoo a.s.",17,0.00712941,NULL,NULL,NULL,NULL,NULL,NULL,NULL
"REINVEST s.r.o.",1,0.00000000,NULL,NULL,NULL,NULL,NULL,NULL,NULL
"RENOME REAL",4,-0.03020000,NULL,2,0.00000000,NULL,NULL,NULL,NULL
"Renovo Reality",5,0.06927500,NULL,NULL,NULL,NULL,2,0.12790000,NULL
"RES GROUP, s.r.o.",1,0.00000000,NULL,19,-0.03246250,NULL,10,0.02143333,NULL
"RESIDENCE realitná kancelária",36,0.05227273,"RESIDENCE realitná kancelária",11,0.00000000,NULL,10,0.00592000,NULL
"RexDeco s.r.o.",1,0.15010000,NULL,NULL,NULL,NULL,NULL,NULL,NULL
"RIEŠIME BÝVANIE",24,-0.00908696,NULL,31,-0.01012000,NULL,13,-0.06525385,NULL
"RIGHT POWER DEVELOPMENT, s.r.o.",1,0.00000000,NULL,NULL,NULL,NULL,NULL,NULL,NULL
"RK 38- Miroslav Antoška",1,0.00000000,NULL,NULL,NULL,NULL,NULL,NULL,NULL
"RK ANNA, s.r.o.",NULL,NULL,NULL,1,0.00000000,NULL,NULL,NULL,NULL
"RK Dalmia s. r. o.",8,-0.01852500,NULL,10,0.03982500,NULL,15,0.01220667,NULL
"RK Finanz Real, s.r.o.",NULL,NULL,NULL,1,0.00000000,NULL,NULL,NULL,NULL
"RK SPIRIT s.r.o.",32,-0.00927273,NULL,11,0.00000000,NULL,5,0.00000000,NULL
"RK VILLEA, s. r. o.",NULL,NULL,NULL,1,0.00000000,NULL,3,0.34245000,NULL
"RK4 REALITY",4,-0.01016667,NULL,NULL,NULL,NULL,2,0.04420000,NULL
"Romantické Chalupy, s.r.o.",1,0.08230000,NULL,37,0.03306486,"Romantické Chalupy, s.r.o.",4,-0.02067500,NULL
"ROMDOM, s. r. o",4,-0.03950000,NULL,7,-0.02472857,NULL,4,0.20536667,NULL
"ROSA reality",2,0.00000000,NULL,1,0.00000000,NULL,2,0.19560000,NULL
"RS Mansory s.r.o.",3,-0.00336667,NULL,13,-0.00194167,NULL,30,-0.04235926,"RS Mansory s.r.o."
"Safe reality s. r. o.",13,-0.01630833,NULL,7,-0.00003333,NULL,11,-0.09892000,NULL
"SCHNEIDER Real",NULL,NULL,NULL,NULL,NULL,NULL,1,0.00000000,NULL
"SIERA realitná kancelária s.r.o.",NULL,NULL,NULL,1,0.00000000,NULL,NULL,NULL,NULL
"ŠIRINY, s.r.o.",1,0.00000000,NULL,NULL,NULL,NULL,NULL,NULL,NULL
"SLNOVRAT, s.r.o.",14,0.00000000,NULL,15,-0.00852727,NULL,29,-0.10060000,"SLNOVRAT, s.r.o."
"Slovak Estate s.r.o.",NULL,NULL,NULL,NULL,NULL,NULL,1,0.00000000,NULL
"Stanislav Motyčík - MK",NULL,NULL,NULL,1,-0.03330000,NULL,1,-0.01230000,NULL
"Stanislav Slovák",NULL,NULL,NULL,1,-0.02050000,NULL,NULL,NULL,NULL
"STAREA, s. r. o.",3,-0.11453333,NULL,NULL,NULL,NULL,NULL,NULL,NULL
"StorkReal s. r. o.",2,0.07255000,NULL,5,-0.01636000,NULL,7,0.01931667,NULL
"STRATEGIC REALITY",2,0.00000000,NULL,NULL,NULL,NULL,NULL,NULL,NULL
"sunnyreal s.r.o.",1,0.00580000,NULL,NULL,NULL,NULL,NULL,NULL,NULL
"Svoboda&Williams Slovakia s.r.o.",2,0.19800000,NULL,NULL,NULL,NULL,1,0.00000000,NULL
"T.S.reality, s.r.o.",NULL,NULL,NULL,NULL,NULL,NULL,1,0.00000000,NULL
"TARGETreal s. r. o.",19,-0.03128235,NULL,32,0.01210357,"TARGETreal s. r. o.",25,0.03542400,NULL
"TATRA CITY RESIDENCE s. r. o.",9,0.02054444,NULL,NULL,NULL,NULL,NULL,NULL,NULL
"Tatra Invest",4,-0.02975000,NULL,NULL,NULL,NULL,NULL,NULL,NULL
"Tatry mountain resorts, a.s.",5,0.00002000,NULL,NULL,NULL,NULL,NULL,NULL,NULL
"TB Real, spol. s r.o.",NULL,NULL,NULL,1,0.00000000,NULL,NULL,NULL,NULL
"TeEq Reality",NULL,NULL,NULL,NULL,NULL,NULL,1,-0.03390000,NULL
"Teraz, a.s.",3,0.11823333,NULL,NULL,NULL,NULL,NULL,NULL,NULL
Time4dreams,1,0.00000000,NULL,NULL,NULL,NULL,NULL,NULL,NULL
"TL Agentura s.r.o",NULL,NULL,NULL,NULL,NULL,NULL,1,0.00000000,NULL
"TOCA, s.r.o. Realitná činnosť",1,0.00000000,NULL,22,-0.12384615,NULL,10,-0.01490000,NULL
"TOP Living s.r.o.",NULL,NULL,NULL,1,0.00000000,NULL,NULL,NULL,NULL
"Top Real Košice s.r.o.",1,-0.03460000,NULL,NULL,NULL,NULL,NULL,NULL,NULL
"TRI LIPY, s. r. o.",1,0.01140000,NULL,2,0.08045000,NULL,9,0.12011111,NULL
"Tribeca Group s. r. o",NULL,NULL,NULL,1,0.00000000,NULL,NULL,NULL,NULL
"Trioreality, s.r.o.",3,0.00000000,NULL,3,-0.21125000,NULL,1,0.28780000,NULL
"TUreality s.r.o.",64,-0.00061702,"TUreality s.r.o.",60,0.01611875,"TUreality s.r.o.",17,0.02251818,NULL
"U9, a.s.",NULL,NULL,NULL,4,0.00000000,NULL,NULL,NULL,NULL
"United Professionals s.r.o.",1,0.06470000,NULL,NULL,NULL,NULL,NULL,NULL,NULL
Urbanista,NULL,NULL,NULL,NULL,NULL,NULL,1,0.00000000,NULL
"VAŠA REALITKA s.r.o.",NULL,NULL,NULL,3,-0.15193333,NULL,NULL,NULL,NULL
"VAŠE REALITY s.r.o.",NULL,NULL,NULL,2,0.09090000,NULL,NULL,NULL,NULL
"Vianema s.r.o.",6,-0.02035000,NULL,9,0.00000000,NULL,4,-0.04372500,NULL
"VICTORY REALITY Residence s. r. o.",NULL,NULL,NULL,2,0.00000000,NULL,NULL,NULL,NULL
"Vivid House s. r. o.",NULL,NULL,NULL,NULL,NULL,NULL,1,0.00000000,NULL
"Wealth Group, s.r.o.",1,-0.02640000,NULL,10,-0.16954286,NULL,1,NULL,NULL
"WFG reality, s.r.o.",21,-0.00629524,NULL,13,0.03468462,NULL,19,-0.06241579,NULL
"Winners Reality Slovakia, s.r.o.",NULL,NULL,NULL,1,0.00000000,NULL,NULL,NULL,NULL
"X-REAL, s. r. o.",NULL,NULL,NULL,1,0.23600000,NULL,3,-0.16225000,NULL
"XEMAR realitná spoločnosť s.r.o.",6,-0.01330000,NULL,2,0.00000000,NULL,2,0.01035000,NULL
"YFE, s.r.o.",1,-0.23310000,NULL,1,0.00000000,NULL,2,0.00000000,NULL
"YNI reality",2,0.00000000,NULL,3,NULL,NULL,1,NULL,NULL
"ZAJO Reality, s.r.o.",NULL,NULL,NULL,NULL,NULL,NULL,1,0.06060000,NULL
ZEIRA,1,0.19990000,NULL,NULL,NULL,NULL,NULL,NULL,NULL
"ŽILINAREAL, s.r.o.",9,-0.10567778,NULL,14,0.03592727,NULL,9,0.00993750,NULL
"ZRUBY RAJEC, s.r.o.",NULL,NULL,NULL,NULL,NULL,NULL,1,NULL,NULL
