offer_id,property_type,area,terrain,price_m2,location_district,location_city,location_area,agency,office_city
Jur2iE4GKyv,land,1134,"gently sloped",120.00,"okres Martin",Sklabiňa,Sklabiňa,"ALT REAL, s.r.o.",Martin
Ju5Ehcheq2v,land,1550,terraced,89.68,"okres Žilina",Višňové,Višňové,"RIEŠIME BÝVANIE",Bratislava
JuhyQTsj1LU,land,1122,NULL,218.36,"okres Žilina",Hôrky,Hôrky,"TARGETreal s. r. o.",Žilina
JuPp6sukGjm,land,NULL,NULL,NULL,"okres Žilina",Žilina,Bôrik,"MGM reality",Žilina
JuAINHKEpb9,land,600,flat,241.67,"okres Žilina",Žilina,Trnové,"Ing. Gerlinda Bérešová - Esti",Žilina
JubBzZv3CZ4,land,628,flat,125.00,"okres Žilina","Lietavská Svinná-Babkov","Lietavská Svinná-Babkov","Realitné kancelárie SR",Bratislava
Jubyz8KHpaA,land,500,flat,NULL,"okres Liptovský Mikuláš",Lazisko,Lazisko,donidDevelop,"Dolný Kubín"
JuWu8X5e0jn,land,609,NULL,145.60,"okres Liptovský Mikuláš","Liptovský Mikuláš",Stošice,"Direct Real, spol. s r.o.",Bratislava
Ju5paSEB6Nv,land,701,NULL,160.00,"okres Žilina",Terchová,Terchová,"RS Mansory s.r.o.",Bratislava
JuaCQD06zTh,land,690,"gently sloped",65.22,"okres Kysucké Nové Mesto","Horný Vadičov","Horný Vadičov","ROSA reality","Kysucké Nové Mesto"
JuKYxcrrEwh,land,995,NULL,98.69,"okres Námestovo",Zákamenné,Zákamenné,NULL,NULL
JuJYKVSAq2k,land,900,NULL,133.22,"okres Bytča",Súľov-Hradná,Súľov-Hradná,NULL,NULL
JusCOC7JYu5,land,558,flat,125.45,"okres Ružomberok",Štiavnička,Štiavnička,"NajBývanie, s.r.o.",Ružomberok
Juv5TkPsj9T,land,2142,"gently sloped",40.00,"okres Turčianske Teplice","Turčianske Teplice","Turčiansky Michal","Reality Center, s.r.o.",Martin
JuRufzqYfTo,land,810,"gently sloped",558.64,"okres Žilina",Žilina,Budatín,"Real Estate Group4U","Považská Bystrica"
JuB6HhfZSPN,land,922,"gently sloped",189.80,"okres Žilina",Žilina,Budatín,"WFG reality, s.r.o.",Žilina
JuNR7iOAWOb,land,375,flat,101.33,"okres Liptovský Mikuláš","Liptovské Kľačany","Liptovské Kľačany","AstonReal s.r.o.","Banská Bystrica"
JuNztztwtJj,land,696,NULL,440.00,"okres Žilina",Žilina,Bôrik,"ROMDOM, s. r. o",Žilina
JudgSom7ejT,land,389,flat,87.40,"okres Čadca",Staškov,Staškov,"Safe reality s. r. o.",Žilina
Ju98hXHMfyH,land,398,flat,29.50,"okres Čadca",Olešná,Olešná,"JPE. Reality - Jozef Pajer",Čadca
JuEJOqphXdZ,land,1362,"mostly flat",65.00,"okres Čadca",Raková,Raková,"ETHOS reality, s. r. o.","Krásno nad Kysucou"
Jul095-F2H-,land,567,flat,120.00,"okres Martin",Sklabiňa,Sklabiňa,"ALT REAL, s.r.o.",Martin
JuPGYcuAlfl,land,858,NULL,99.00,"okres Liptovský Mikuláš","Liptovská Anna","Liptovská Anna",NULL,NULL
JuLNhT-3oNA,land,454,flat,129.96,"okres Bytča",Maršová-Rašov,Maršová-Rašov,"ADH-REAL s.r.o. Hirjaková Adriana",Ovčiarsko
Jus3WMnENIj,land,583,"gently sloped",65.00,"okres Žilina",Zbyňov,Zbyňov,"WFG reality, s.r.o.",Žilina
JuWnFD5OAUU,land,1852,"gently sloped",64.79,"okres Námestovo","Oravská Jasenica","Oravská Jasenica","RE/MAX Slovakia",Bratislava
Ju-0W9ug2Ol,land,880,flat,38.41,"okres Čadca",Turzovka,Predmier,"SLNOVRAT, s.r.o.",Olešná
JuizzObcJTE,land,1330,NULL,100.00,"okres Ružomberok","Liptovské Sliače","Liptovské Sliače","Apollo House",Bratislava
JugrI7ZBfpT,land,865,flat,173.40,"okres Žilina",Krasňany,Krasňany,"1. Reality Rent, s.r.o.",Žilina
JuiwS-gpQB1,land,2722,"gently sloped",68.00,"okres Martin",Laskár,Laskár,"B10 Slovensko, a. s.",Žilina
JujdYIr-c-p,land,1283,NULL,70.00,"okres Liptovský Mikuláš","Liptovské Beharovce","Liptovské Beharovce",NULL,NULL
JusoxTNDyJI,land,407,NULL,319.41,"okres Námestovo",Námestovo,Brehy,NULL,NULL
Ju7_LrB_NNB,land,1193,NULL,73.76,"okres Žilina",Žilina,Trnové,"BeMi realitná kancelária",Nitra
JufLDox5EGX,land,1007,"gently sloped",73.00,"okres Bytča",Hvozdnica,Hvozdnica,"GAMA Reality, s.r.o.",Bytča
Jux6EDO87ml,land,1895,"gently sloped",98.00,"okres Kysucké Nové Mesto","Kysucké Nové Mesto",Suľkov,"HOLESTIAK.sk reality s.r.o.",Čadca
Judk1z1b1Nd,land,656,other,105.18,"okres Martin",Blatnica,Blatnica,"RECLOUD Reality a.s.",Bratislava
JuUiQvR03zd,land,1800,"gently sloped",200.00,"okres Žilina",Hôrky,Hôrky,"Stanislav Motyčík - MK",Žilina
JuYxVfR__Nx,land,523,"gently sloped",55.45,"okres Čadca",Oščadnica,Oščadnica,"HOLESTIAK.sk reality s.r.o.",Čadca
JuxusjEdK8z,land,966,"mostly flat",123.19,"okres Martin",Sučany,Sučany,"LAWIS s.r.o.",Žilina
Juisb1V01uC,land,733,NULL,107.09,"okres Žilina",Ovčiarsko,Ovčiarsko,"RS Mansory s.r.o.",Bratislava
Jur-h57QXWc,land,830,terraced,178.30,"okres Žilina",Žilina,Budatín,"Georgi Conev",Žilina
Ju9rSU4gBpn,land,471,flat,151.36,"okres Žilina",Ovčiarsko,Ovčiarsko,"DRR INVEST, s. r. o.","Horný Hričov"
JuGKRtmsaxJ,land,2618,"gently sloped",22.15,"okres Čadca",Oščadnica,Oščadnica,"1. Reality Rent, s.r.o.",Žilina
Jurn7Tjk47J,land,1100,"gently sloped",289.09,"okres Žilina",Bitarová,Bitarová,"Real Estate Group4U","Považská Bystrica"
JuFdP62I-_O,land,1872,NULL,18.70,"okres Liptovský Mikuláš",Prosiek,Prosiek,NULL,NULL
JugjLuDjRtG,land,808,"gently sloped",149.75,"okres Žilina",Varín,Varín,"R2 SK, s.r.o.",Žilina
Ju9yYyvLM4S,land,720,flat,NULL,"okres Liptovský Mikuláš","Pavčina Lehota","Pavčina Lehota","AstonReal s.r.o.","Banská Bystrica"
JuEOlFJy7eI,land,2714,flat,44.22,"okres Liptovský Mikuláš","Svätý Kríž","Svätý Kríž","Realitná kancelária",Bratislava
Ju_3Vu8GkBj,land,922,"gently sloped",NULL,"okres Žilina",Žilina,Brodno,"YNI reality",Žilina
JuCdo9RybP_,land,1783,NULL,53.37,"okres Čadca",Svrčinovec,Svrčinovec,"BeMi realitná kancelária",Nitra
JuQqb1Uylo_,land,1003,NULL,26.92,"okres Turčianske Teplice","Horná Štubňa","Horná Štubňa","BALAŽI REAL ESTATE s.r.o.",Topoľčany
Juo4-ERrO5Y,land,898,NULL,NULL,"okres Martin",Turany,Turany,"BALAŽI REAL ESTATE s.r.o.",Topoľčany
JuqKis-FMaT,land,580,NULL,153.45,"okres Žilina",Svederník,Svederník,NULL,NULL
Ju11TbSO8Lx,land,NULL,NULL,NULL,"okres Martin",Valča,Valča,"MGM reality",Žilina
Jumx1pcB1EA,land,850,sloped,103.29,"okres Žilina","Dolná Tižina","Dolná Tižina","Realitka pre každého",Žilina
Ju_om9GbVZa,land,509,NULL,NULL,"okres Martin",Martin,Priekopa,"ROMDOM, s. r. o",Žilina
JuDFkgbrvLz,land,883,flat,152.89,"okres Dolný Kubín",Veličná,Veličná,"RK Dalmia s. r. o.","Dolný Kubín"
JuWNBUmtL8H,land,819,"gently sloped",96.46,"okres Čadca",Čadca,Podzávoz,"Realitka pre každého",Žilina
JuI3WIo1gnr,land,744,flat,100.00,"okres Kysucké Nové Mesto",Povina,Povina,Envire,Bratislava
JuHPdbSyfw3,land,4700,NULL,19.00,"okres Turčianske Teplice",Turček,Turček,"XEMAR realitná spoločnosť s.r.o.","Banská Bystrica"
JummK5hE8Lr,land,522,"gently sloped",124.33,"okres Žilina",Žilina,"Žilinská Lehota","DRR INVEST, s. r. o.","Horný Hričov"
Jue_IKSyNYA,land,551,"mostly flat",30.00,"okres Čadca",Raková,Raková,"JPE. Reality - Jozef Pajer",Čadca
Jufp6SmYJxs,land,913,flat,131.43,"okres Martin",Vrútky,"Karvaša a Bláhovca","LIF REAL",Martin
JuKcCOH5Bgu,land,2160,NULL,68.98,"okres Žilina",Ovčiarsko,Ovčiarsko,"Realitné kancelárie SR",Bratislava
JuQXoAMiC5M,land,3948,NULL,60.00,"okres Žilina",Kunerad,Kunerad,NULL,NULL
JujYYo9Qtpi,land,3099,"gently sloped",NULL,"okres Bytča","Hlboké nad Váhom","Hlboké nad Váhom","TOCA, s.r.o. Realitná činnosť",Bytča
JuY_o0Hq1ua,land,758,"gently sloped",39.45,"okres Kysucké Nové Mesto",Snežnica,Snežnica,"Reality IQ, s.r.o.",Žilina
Ju9DTwAgiHG,land,879,flat,139.00,"okres Liptovský Mikuláš",Beňadiková,Beňadiková,"RE/MAX Slovakia",Bratislava
JuARnh9cPNq,land,930,flat,108.00,"okres Liptovský Mikuláš",Jamník,Jamník,"Realitné kancelárie SR",Bratislava
Ju_Khlvp1_L,land,507,NULL,123.00,"okres Liptovský Mikuláš",Podtureň,Podtureň,"NFA Group, s.r.o.","Žiar nad Hronom"
JuwYiWFslPL,land,1090,flat,NULL,"okres Martin",Trnovo,Trnovo,"JMB REALITY s.r.o.",Ľubietová
Ju6_q9iLcH2,land,2955,"gently sloped",59.22,"okres Kysucké Nové Mesto",Povina,Povina,"DreamReality s.r.o.",Žilina
JuVeKcRGSvF,land,793,NULL,73.14,"okres Martin",Turany,Turany,"BALAŽI REAL ESTATE s.r.o.",Topoľčany
JuUUj1AEgQf,land,1121,"gently sloped",74.93,"okres Dolný Kubín",Malatiná,Malatiná,"RK Dalmia s. r. o.","Dolný Kubín"
JuAewW0gIjM,land,640,NULL,102.34,"okres Žilina",Ovčiarsko,Ovčiarsko,"RS Mansory s.r.o.",Bratislava
JutgQ5gFNVe,land,3598,"gently sloped",79.00,"okres Kysucké Nové Mesto","Kysucké Nové Mesto",Suľkov,"1. Reality Rent, s.r.o.",Žilina
Ju2DkJ0tL0r,land,3500,flat,65.00,"okres Liptovský Mikuláš",Kvačany,Kvačany,"RK SPIRIT s.r.o.","Liptovský Mikuláš"
JusNOhzmA1cV,land,500,NULL,86.00,"okres Žilina","Dlhé Pole","Dlhé Pole","BeMi realitná kancelária",Nitra
Julm5UqUwbF,land,297,"gently sloped",157.91,"okres Martin",Vrícko,Vrícko,"RADO Reality",Trenčín
JuoWIuSbW9f,land,898,NULL,NULL,"okres Martin",Turany,Turany,"BALAŽI REAL ESTATE s.r.o.",Topoľčany
Ju3DHGm3SX3,land,650,"gently sloped",385.38,"okres Žilina",Žilina,"Žilinská Lehota","Real Estate Group4U","Považská Bystrica"
JujU-NvkZd5,land,731,NULL,135.43,"okres Žilina","Lietavská Svinná-Babkov","Lietavská Svinná-Babkov","BALAŽI REAL ESTATE s.r.o.",Topoľčany
JuuLvwvMnqi,land,1072,"gently sloped",120.00,"okres Dolný Kubín",Veličná,Veličná,"RK Dalmia s. r. o.","Dolný Kubín"
Ju7-tv2yvGe,land,697,flat,88.95,"okres Bytča",Štiavnik,Štiavnik,"Romantické Chalupy, s.r.o.",Bratislava
Ju2XjdxAKiA,land,3225,"gently sloped",NULL,"okres Dolný Kubín","Dlhá nad Oravou","Dlhá nad Oravou","RE/MAX Slovakia",Bratislava
JuMA67ZT6Dj,land,1205,flat,97.93,"okres Žilina",Svederník,Svederník,"Realitné kancelárie SR",Bratislava
Ju5G02PfLPf,land,1095,"gently sloped",105.00,"okres Martin","Turčiansky Jaseno","Turčiansky Jaseno","ALT REAL, s.r.o.",Martin
Jurrvwf7__Y,land,9735,"gently sloped",NULL,"okres Martin","Turčianske Kľačany","Turčianske Kľačany","Reality AK, spol. s r.o.",Martin
JuxqyTwKPA7,land,NULL,NULL,NULL,"okres Čadca",Oščadnica,Oščadnica,"MGM reality",Žilina
Ju3pFJiSu2s,land,4234,"gently sloped",35.43,"okres Dolný Kubín",Zázrivá,Zázrivá,"RK Dalmia s. r. o.","Dolný Kubín"
JupsaGq4wbB,land,1537,"gently sloped",46.84,"okres Martin",Turany,Turany,"MartinTham s. r. o.",Bratislava
JusMGCS4uqf,land,692,flat,91.04,"okres Žilina",Stránske,Stránske,"Ing. Gerlinda Bérešová - Esti",Žilina
JuCWsWXxn1N,land,645,NULL,91.32,"okres Liptovský Mikuláš",Jamník,Jamník,"Delta Property s.r.o.",Poprad
Jus70LjxyN8,land,679,NULL,79.00,"okres Čadca",Skalité,Skalité,"BeMi realitná kancelária",Nitra
JuWllUMOah9,land,567,"gently sloped",264.53,"okres Žilina",Žilina,Budatín,"DRR INVEST, s. r. o.","Horný Hričov"
JuZjAAYPCXKg,land,1415,"gently sloped",38.00,"okres Dolný Kubín","Horná Lehota","Horná Lehota","OREA, s.r.o.","Dolný Kubín"
JulXTVjCmG0,land,25000,flat,NULL,"okres Turčianske Teplice",Jazernica,Jazernica,"Reality AK, spol. s r.o.",Martin
JuRVHpRHSGQ,land,636,"gently sloped",114.78,"okres Martin","Dolný Kalník","Dolný Kalník","Like Reality s.r.o.","Považská Bystrica"
JumCABBKmrv,land,1095,sloped,NULL,"okres Žilina",Žilina,Hájik,"Buby reality, s.r.o.",Žilina
JuyrQlq623r,land,836,flat,270.00,"okres Žilina",Rosina,Rosina,"Realitné kancelárie SR",Bratislava
JuHPJ-p52W2,land,1665,"mostly flat",70.00,"okres Ružomberok","Liptovský Michal","Liptovský Michal","OVERENÉ REALITY","Banská Bystrica"
Ju7mSPUl1TY3,land,1045,other,113.00,"okres Námestovo","Oravská Jasenica","Oravská Jasenica","RE/MAX Slovakia",Bratislava
Juarq9_UTUn,land,746,NULL,89.81,"okres Námestovo",Ťapešovo,Ťapešovo,"TUreality s.r.o.",Žilina
Jud1n40d-dn,land,381,flat,123.36,"okres Žilina",Krasňany,Krasňany,"B10 Slovensko, a. s.",Žilina
Ju2_HPkQ8s2,land,762,other,164.04,"okres Dolný Kubín",Párnica,Párnica,"RE/MAX Slovakia",Bratislava
JuXDdV7DuGH,land,883,"gently sloped",151.52,"okres Dolný Kubín",Veličná,Veličná,"bezmaklérov, s.r.o.",Žilina
JuXGG7E_fDg,land,1176,flat,84.18,"okres Ružomberok","Liptovská Štiavnica","Liptovská Štiavnica","AstonReal s.r.o.","Banská Bystrica"
Ju9QSsEf9gw,land,800,sloped,NULL,"okres Dolný Kubín",Párnica,Párnica,"GRAVITAS a. s.",Bratislava
JuWNTIbPUJS,land,27773,flat,20.40,"okres Liptovský Mikuláš","Liptovský Mikuláš","Staré mesto","Reality Alpia",Martin
Jue_9ALQet2b,land,900,"gently sloped",0.00,"okres Martin","Turčianske Kľačany","Turčianske Kľačany","B10 Slovensko, a. s.",Žilina
Jut36Rci3LJ,land,NULL,NULL,NULL,"okres Žilina",Žilina,Strážov,"MGM reality",Žilina
JumDim2HAtJ,land,922,NULL,189.80,"okres Žilina",Žilina,Budatín,"X-REAL, s. r. o.",Žilina
JuhJeiPLlID,land,1468,"gently sloped",185.00,"okres Žilina",Žilina,Trnové,"WFG reality, s.r.o.",Žilina
JuWSeZfgL-Y,land,4525,flat,4.40,"okres Liptovský Mikuláš",Vavrišovo,Vavrišovo,"SCHNEIDER Real",Bratislava
Jub-7EwQ_Rho,land,947,flat,NULL,"okres Ružomberok",Ružomberok,Černová,"AstonReal s.r.o.","Banská Bystrica"
Ju5nXGRiNlM,land,5260,NULL,NULL,"okres Martin",Ratkovo,Ratkovo,"BALAŽI REAL ESTATE s.r.o.",Topoľčany
Ju_bN-ewyhS,land,1114,flat,125.67,"okres Žilina",Kunerad,Kunerad,"AnReal s. r. o.",Mojš
JujRK5xYV79,land,933,flat,118.00,"okres Dolný Kubín","Vyšný Kubín","Vyšný Kubín","RK Dalmia s. r. o.","Dolný Kubín"
JueuBN1Nu8x,land,946,NULL,116.28,"okres Ružomberok","Liptovská Osada","Liptovská Osada","XEMAR realitná spoločnosť s.r.o.","Banská Bystrica"
JudQL3RTdOS,land,2836,NULL,90.00,"okres Žilina",Turie,Turie,"Realitné kancelárie SR",Bratislava
JuhckkiisBJp,land,1502,NULL,91.88,"okres Čadca",Čierne,Čierne,"BeMi realitná kancelária",Nitra
Ju9e7LtrfAt,land,1607,NULL,59.12,"okres Žilina",Lysica,Lysica,"DOBRÉ REALITY s.r.o.",Prievidza
Ju0yTvWbSXD,land,1903,NULL,53.60,"okres Žilina",Žilina,Bytčica,"BALAŽI REAL ESTATE s.r.o.",Topoľčany
JuhEf6udQZD,land,NULL,NULL,NULL,"okres Dolný Kubín","Vyšný Kubín","Vyšný Kubín","RES GROUP, s.r.o.",Žilina
JuaHyO1MbDH,land,871,NULL,67.51,"okres Čadca",Svrčinovec,Svrčinovec,"BeMi realitná kancelária",Nitra
Ju6g_Z5mX7e,land,1020,flat,220.00,"okres Martin",Martin,Stráne,"RE/MAX Slovakia",Bratislava
JuLljn1aubH,land,600,NULL,85.00,"okres Martin",Slovany,Slovany,"Buby reality, s.r.o.",Žilina
JuU1wLvylPv,land,400,NULL,129.75,"okres Kysucké Nové Mesto",Snežnica,Snežnica,"Realitné kancelárie SR",Bratislava
JunDvn09Q9U,land,685,flat,54.00,"okres Čadca",Čierne,Čierne,"AnReal s. r. o.",Mojš
JuDeXKjjRHY,land,522,NULL,124.52,"okres Bytča",Bytča,"Bytča - sever","Realitné kancelárie SR",Bratislava
JuDIbuwkSMQ,land,1250,NULL,79.11,"okres Ružomberok",Ružomberok,Hrabovo,"Hulka REAL Plus s.r.o.",Bratislava
JuuPfKXcC_S,land,1336,"gently sloped",75.00,"okres Čadca",Čadca,Horelica,"SLNOVRAT, s.r.o.",Olešná
JulD1JVCqAd,land,966,other,113.86,"okres Martin",Sučany,Sučany,"RECLOUD Reality a.s.",Bratislava
JuQ2QYedCFa,land,621,sloped,80.00,"okres Žilina",Ovčiarsko,Ovčiarsko,"Reality Now",Bratislava
JuMiM4qhAck,land,600,flat,160.00,"okres Žilina",Turie,Turie,"RES GROUP, s.r.o.",Žilina
JuJrQI4ug9X,land,497,sloped,90.54,"okres Dolný Kubín","Dolný Kubín","Malý Bysterec","RK Dalmia s. r. o.","Dolný Kubín"
JuriEZGWaqe,land,3762,sloped,41.00,"okres Dolný Kubín",Malatiná,Malatiná,"OVERENÉ REALITY","Banská Bystrica"
JudrqxfcGTR,land,863,NULL,75.32,"okres Liptovský Mikuláš",Vlachy,Vlachy,"Nové bývanie",Nitra
JuJ6HTdPmEs,land,NULL,NULL,NULL,"okres Liptovský Mikuláš",Ižipovce,Ižipovce,"TUreality s.r.o.",Žilina
Ju_QlVk-YXH,land,599,NULL,228.71,"okres Žilina",Mojš,Mojš,"RS Mansory s.r.o.",Bratislava
JuVff9I-9I0,land,1014,"gently sloped",75.00,"okres Martin",Valča,Valča,"Reality D.P.A.",Martin
JuLjH4Ztr0P,land,1657,NULL,82.38,"okres Tvrdošín",Liesek,Liesek,"BeMi realitná kancelária",Nitra
JuBnZj34L44,land,2873,flat,33.00,"okres Bytča","Hlboké nad Váhom","Hlboké nad Váhom","DRR INVEST, s. r. o.","Horný Hričov"
JuYMxTrMThn,land,655,NULL,79.00,"okres Čadca",Skalité,Skalité,"BeMi realitná kancelária",Nitra
Juo26F3NF2G,land,587,"gently sloped",141.40,"okres Ružomberok",Likavka,Likavka,"Reality Alpia",Martin
Juc0JQaKZWu,land,863,NULL,75.32,"okres Liptovský Mikuláš",Vlachy,Vlachy,"BeMi realitná kancelária",Nitra
JuH2DC2P8Ud,land,5473,NULL,49.00,"okres Dolný Kubín",Párnica,Párnica,"OREA, s.r.o.","Dolný Kubín"
JuVQ4EF1fqG,land,560,NULL,110.00,"okres Liptovský Mikuláš","Liptovský Mikuláš","Liptovská Ondrašová",NULL,NULL
Ju3Lr4SqXpm,land,4377,"gently sloped",250.00,"okres Martin",Martin,Stráne,"Reality AK, spol. s r.o.",Martin
JumOEZa9NyW,land,819,NULL,19.52,"okres Liptovský Mikuláš",Prosiek,Prosiek,"Direct Real, spol. s r.o.",Bratislava
JuoKzORdNaI,land,1006,NULL,97.00,"okres Liptovský Mikuláš",Jamník,Jamník,NULL,NULL
JuaXdatuUjs,land,701,NULL,NULL,"okres Kysucké Nové Mesto","Dolný Vadičov","Dolný Vadičov",NULL,NULL
JudOJ7xWOxA,land,1201,flat,65.00,"okres Turčianske Teplice","Turčianske Teplice","Turčiansky Michal","Reality Alpia",Martin
Ju2UzK1gp3R,land,1817,"gently sloped",27.00,"okres Čadca",Oščadnica,Oščadnica,"1. Reality Rent, s.r.o.",Žilina
JunD1SrFXPT,land,583,NULL,79.00,"okres Čadca",Skalité,Skalité,"BeMi realitná kancelária",Nitra
JuJTvvQyvPv,land,1937,"gently sloped",50.00,"okres Čadca",Makov,Makov,"TRI LIPY, s. r. o.",Čadca
JuUi2C1CE8-,land,939,flat,38.87,"okres Čadca",Turzovka,Predmier,"SLNOVRAT, s.r.o.",Olešná
Jua5wAoApR5,land,1487,"gently sloped",73.97,"okres Kysucké Nové Mesto",Rudina,Rudina,"DreamReality s.r.o.",Žilina
Ju1rBpBDljg,land,2270,NULL,56.17,"okres Martin",Žabokreky,Žabokreky,"MAX PROFI REALITY",Martin
JuTZg0TY8JC,land,2070,flat,85.00,"okres Martin",Belá-Dulice,Belá-Dulice,"OVERENÉ REALITY","Banská Bystrica"
JuzydWNY1w-,land,1785,flat,49.00,"okres Čadca",Olešná,Olešná,"1. Reality Rent, s.r.o.",Žilina
Jup4_5dTntt,land,829,flat,68.76,"okres Martin",Daňová,Daňová,"Reality AK, spol. s r.o.",Martin
JucXhJ-7RIW,land,2220,other,89.00,"okres Liptovský Mikuláš",Bobrovník,Bobrovník,"RE/MAX Slovakia",Bratislava
JuPITfSI3H0,land,2306,NULL,18.21,"okres Čadca",Staškov,Staškov,"SLNOVRAT, s.r.o.",Olešná
JuKVQligYhM,land,418,NULL,179.43,"okres Žilina",Bitarová,Bitarová,"RS Mansory s.r.o.",Bratislava
Ju_nFFJjAlC,land,471,flat,182.59,"okres Žilina",Ovčiarsko,Ovčiarsko,"R2 SK, s.r.o.",Žilina
Juz77F3qzjt,land,1487,"gently sloped",73.97,"okres Kysucké Nové Mesto",Rudina,Rudina,"DreamReality s.r.o.",Žilina
JuGN-E0XFUo,land,880,flat,169.32,"okres Martin",Martin,Priekopa,"RE/MAX Slovakia",Bratislava
JuNKPbY78gy,land,1089,flat,NULL,"okres Žilina",Terchová,Terchová,"AnoReal, s.r.o.",Stráňavy
Ju8tqbpzEho,land,850,flat,134.12,"okres Bytča",Štiavnik,Štiavnik,"TUreality s.r.o.",Žilina
JuWy3Av11B2,land,2086,NULL,40.70,"okres Liptovský Mikuláš",Vlachy,Vlachy,"BeMi realitná kancelária",Nitra
JuWpZopSoYC,land,471,flat,185.00,"okres Žilina",Ovčiarsko,Ovčiarsko,"TARGETreal s. r. o.",Žilina
JuI9ai4mRCA,land,13790,flat,NULL,"okres Martin",Martin,Tomčany,"MAX PROFI REALITY",Martin
JuG7n8qbXvU,land,550,flat,281.82,"okres Žilina",Žilina,Trnové,"WFG reality, s.r.o.",Žilina
JulK1E26g9e,land,1573,"mostly flat",21.11,"okres Čadca",Klokočov,Klokočov,"HOLESTIAK.sk reality s.r.o.",Čadca
JunWOzEcRHK,land,881,flat,62.43,"okres Čadca",Makov,Makov,"1. Reality Rent, s.r.o.",Žilina
Ju9bTv_8--p,land,1061,"mostly flat",59.46,"okres Námestovo","Oravská Lesná","Oravská Lesná","ZAJO Reality, s.r.o.",Trenčín
JuEl39vdmi7,land,642,"gently sloped",93.44,"okres Žilina","Kotrčiná Lúčka","Kotrčiná Lúčka","Gro & Partners",Žilina
Ju9T9motLi6,land,652,"mostly flat",130.37,"okres Žilina",Divina,Divina,"Mamud Reality s. r. o.",Žilina
Ju9IFe2gRus,land,612,NULL,44.93,"okres Turčianske Teplice",Sklené,Sklené,"BeMi realitná kancelária",Nitra
JulC2goTuDK,land,416,flat,480.77,"okres Žilina",Žilina,Vlčince,"WFG reality, s.r.o.",Žilina
JufmowlUURT,land,560,flat,78.00,"okres Čadca",Skalité,Skalité,"HOLESTIAK.sk reality s.r.o.",Čadca
JujO5TgvXtG,land,12000,NULL,NULL,"okres Dolný Kubín",Párnica,Párnica,NULL,NULL
Juidgw39ied,land,NULL,NULL,123.00,"okres Liptovský Mikuláš",Podtureň,Podtureň,"TUreality s.r.o.",Žilina
JueE0RaoId9,land,350,flat,0.26,"okres Liptovský Mikuláš","Liptovská Sielnica","Liptovská Sielnica","NFA Group, s.r.o.","Žiar nad Hronom"
JuOd8JFAh_B,land,754,flat,230.00,"okres Žilina",Žilina,Trnové,"Piata Avenue",Žilina
Ju8z5R1jfB3,land,NULL,NULL,NULL,"okres Liptovský Mikuláš","Svätý Kríž","Svätý Kríž","TUreality s.r.o.",Žilina
Juu2KYnLJH8,land,866,flat,108.46,"okres Bytča",Bytča,"Hliník nad Váhom","TOCA, s.r.o. Realitná činnosť",Bytča
Jug6QXb2mr0,land,5120,"gently sloped",13.00,"okres Ružomberok","Liptovská Štiavnica","Liptovská Štiavnica","bezmaklérov, s.r.o.",Žilina
JuUooEhgJl4,land,1234,flat,68.88,"okres Čadca",Raková,Raková,"TRI LIPY, s. r. o.",Čadca
Ju4d7oCmzgt,land,1350,flat,60.00,"okres Čadca",Raková,Raková,"SLNOVRAT, s.r.o.",Olešná
JuHSEHdVoIU,land,500,flat,100.00,"okres Turčianske Teplice","Turčianske Teplice",Diviaky,"Reality MT s.r.o.",Martin
JurXAjyEx4Y,land,2838,flat,102.00,"okres Martin",Necpaly,Necpaly,"Reality Center, s.r.o.",Martin
Jubn_BmVZq4,land,679,NULL,61.86,"okres Ružomberok","Liptovské Sliače","Liptovské Sliače","TUreality s.r.o.",Žilina
JuAYbMU687z,land,1753,flat,70.00,"okres Liptovský Mikuláš","Liptovský Ján","Liptovský Ján","bezmaklérov, s.r.o.",Žilina
Ju5AeA4FaTa,land,736,"gently sloped",99.00,"okres Žilina",Bitarová,Bitarová,"Mamud Reality s. r. o.",Žilina
Ju6BOs5U974,land,1226,"gently sloped",81.48,"okres Žilina","Kotrčiná Lúčka","Kotrčiná Lúčka","WFG reality, s.r.o.",Žilina
JuLOTbilQnB,land,925,"mostly flat",86.38,"okres Martin",Rakovo,Rakovo,"B10 Slovensko, a. s.",Žilina
JuQixUnoW4u,land,3750,NULL,95.00,"okres Žilina",Višňové,Višňové,"Realitné kancelárie SR",Bratislava
JuIlHogl4wQ,land,1900,"gently sloped",38.00,"okres Čadca",Turzovka,Predmier,"SLNOVRAT, s.r.o.",Olešná
Ju2i2SZUYUh,land,448,flat,105.00,"okres Martin",Trebostovo,Trebostovo,"Reality D.P.A.",Martin
JuuE0IH089Q,land,5260,NULL,NULL,"okres Martin",Ratkovo,Ratkovo,"BALAŽI REAL ESTATE s.r.o.",Topoľčany
JuP4Qge949G,land,2891,sloped,26.00,"okres Čadca",Makov,Makov,"AP REAL, s.r.o.",Bratislava
JuCxQUnpNN5,land,18139,NULL,25.00,"okres Turčianske Teplice","Turčianske Teplice",Diviaky,NULL,NULL
JuOoDP05xJ-,land,969,flat,87.72,"okres Liptovský Mikuláš","Liptovské Matiašovce","Liptovské Matiašovce","RE/MAX Slovakia",Bratislava
JujWzeAd4Mq,land,600,flat,80.00,"okres Martin",Karlová,Karlová,"Piata Avenue",Žilina
JuhYAT13Gs1,land,3653,NULL,85.00,"okres Martin",Martin,Záturčie,"BALAŽI REAL ESTATE s.r.o.",Topoľčany
JuHoLMOAPyD,land,634,NULL,276.03,"okres Žilina",Višňové,Višňové,NULL,NULL
JuvDIHl7nu4,land,1039,NULL,47.93,"okres Čadca",Dunajov,Dunajov,"RES GROUP, s.r.o.",Žilina
JuW5XYXfIA2,land,542,NULL,79.00,"okres Čadca",Skalité,Skalité,"BeMi realitná kancelária",Nitra
JufKEzTwdq8,land,2367,"mostly flat",17.32,"okres Čadca",Čadca,Milošová,"TRI LIPY, s. r. o.",Čadca
JuZ7zgc43wy,land,586,"gently sloped",NULL,"okres Martin",Martin,Podháj,"Reality Center, s.r.o.",Martin
JuG8w7lDdu46,land,898,NULL,NULL,"okres Martin",Turany,Turany,"BALAŽI REAL ESTATE s.r.o.",Topoľčany
JunGp6hRXR2,land,963,flat,NULL,"okres Žilina",Divina,Divina,"Reality IQ, s.r.o.",Žilina
JumKl3xs_Yl,land,821,flat,NULL,"okres Martin",Vrútky,"Karvaša a Bláhovca","Reality Center, s.r.o.",Martin
JuHRetqPaNB,land,809,NULL,139.00,"okres Dolný Kubín",Jasenová,Jasenová,"OREA, s.r.o.","Dolný Kubín"
Judf0zzhq5f,land,28826,NULL,NULL,"okres Bytča",Bytča,"Veľká Bytča","Realitné kancelárie SR",Bratislava
JuFovldbtlH,land,1161,"gently sloped",100.00,"okres Žilina",Nededza,Nededza,"bezmaklérov, s.r.o.",Žilina
JueyWGcCtCo,land,857,"mostly flat",90.00,"okres Martin",Necpaly,Necpaly,"R2 SK, s.r.o.",Žilina
Ju16HqVho2l,land,894,"mostly flat",90.00,"okres Dolný Kubín","Dolný Kubín",Mokraď,"RK Dalmia s. r. o.","Dolný Kubín"
Juxlwl0cqfI,land,508,flat,123.00,"okres Liptovský Mikuláš",Podtureň,Podtureň,"BEŇO REALITY","Liptovský Mikuláš"
JuvwILxsaLE,land,1666,NULL,35.95,"okres Kysucké Nové Mesto","Dolný Vadičov","Dolný Vadičov","Realitné kancelárie SR",Bratislava
JuoEkan0OM3,land,685,NULL,120.00,"okres Dolný Kubín",Veličná,Veličná,"OREA, s.r.o.","Dolný Kubín"
JuEX_l_3Eqg,land,450,flat,100.00,"okres Liptovský Mikuláš","Liptovská Sielnica","Liptovská Sielnica","BEŇO REALITY","Liptovský Mikuláš"
JuCmj-PgWTq,land,1119,NULL,26.81,"okres Čadca",Dunajov,Dunajov,"WFG reality, s.r.o.",Žilina
JuASY12odtk,land,3049,flat,100.00,"okres Liptovský Mikuláš","Liptovská Anna","Liptovská Anna","Reality AK, spol. s r.o.",Martin
Ju-_lgQgjvC,land,497,NULL,120.02,"okres Liptovský Mikuláš",Ižipovce,Ižipovce,"Direct Real, spol. s r.o.",Bratislava
JueMz2TcIL-I,land,1330,NULL,100.00,"okres Ružomberok","Liptovské Sliače","Liptovské Sliače","Apollo House",Bratislava
JuIw5kl0QB9,land,5514,NULL,15.42,"okres Ružomberok",Ružomberok,Podsuchá,"REALITY SPOLU",Bratislava
Ju0UqyDriGS,land,1218,NULL,67.32,"okres Žilina",Lietava,Lietava,NULL,NULL
Jul7ugPXcvQ,land,1498,"gently sloped",100.00,"okres Martin",Martin,Záturčie,"ALT REAL, s.r.o.",Martin
Ju4lACVtBvB,land,1179,"gently sloped",79.30,"okres Čadca",Oščadnica,Oščadnica,"TRI LIPY, s. r. o.",Čadca
JufBIzJWZ0T,land,1027,"gently sloped",24.34,"okres Čadca",Korňa,Korňa,"RIEŠIME BÝVANIE",Bratislava
JuJ0YMlVen2,land,931,flat,75.00,"okres Dolný Kubín","Dlhá nad Oravou","Dlhá nad Oravou","OREA, s.r.o.","Dolný Kubín"
JuxIvOImC9j,land,1394,"gently sloped",71.74,"okres Bytča",Bytča,Pšurnovice,"TOCA, s.r.o. Realitná činnosť",Bytča
JufCqQz59Ij,land,815,NULL,114.11,"okres Žilina",Kunerad,Kunerad,"ŽILINAREAL, s.r.o.",Žilina
JuJGNURQ8kY,land,850,NULL,37.53,"okres Kysucké Nové Mesto",Snežnica,Snežnica,"Realitné kancelárie SR",Bratislava
JuS3utLekJS,land,1046,NULL,79.35,"okres Martin",Karlová,Karlová,"ATP stavby s.r.o.","Teplička nad Váhom"
JushtsOsA5D,land,1101,NULL,81.74,"okres Martin","Košťany nad Turcom","Košťany nad Turcom","Reality MT s.r.o.",Martin
JuPmsU7zgrG,land,1039,"gently sloped",NULL,"okres Ružomberok",Ludrová,Ludrová,"AstonReal s.r.o.","Banská Bystrica"
JumG3BQ732C,land,542,NULL,90.41,"okres Žilina",Ovčiarsko,Ovčiarsko,"RIEŠIME BÝVANIE",Bratislava
JuY5ba5W_4i,land,1600,flat,NULL,"okres Martin",Blatnica,Blatnica,"JMB REALITY s.r.o.",Ľubietová
JuzolLKcQyU,land,667,flat,80.21,"okres Námestovo",Krušetnica,Krušetnica,donidDevelop,"Dolný Kubín"
JuLfvRq95qS,land,NULL,NULL,NULL,"okres Liptovský Mikuláš","Liptovská Anna","Liptovská Anna","M&G, s.r.o.",Bratislava
JuBfaxcwUwF,land,2091,flat,64.00,"okres Martin",Karlová,Karlová,"MAX PROFI REALITY",Martin
JuVv2XDLd9H,land,866,"gently sloped",173.19,"okres Žilina",Varín,Varín,"TUreality s.r.o.",Žilina
Ju3oEfAZYzP,land,3062,NULL,13.06,"okres Liptovský Mikuláš",Východná,Východná,NULL,NULL
JuMAMHXJq7S,land,3759,NULL,25.00,"okres Liptovský Mikuláš",Beňadiková,Beňadiková,"RESIDENCE realitná kancelária","Liptovský Mikuláš"
JuNaGXxLOzZ,land,7699,"gently sloped",9.00,"okres Kysucké Nové Mesto",Snežnica,Snežnica,"WFG reality, s.r.o.",Žilina
JuCjQgzupuY,land,28826,NULL,NULL,"okres Bytča",Bytča,"Veľká Bytča",NULL,NULL
JuhCsanvxln,land,1783,flat,62.70,"okres Čadca",Svrčinovec,Svrčinovec,"SLNOVRAT, s.r.o.",Olešná
JuqxH07lW-i,land,2031,NULL,44.26,"okres Žilina",Ovčiarsko,Ovčiarsko,"RS Mansory s.r.o.",Bratislava
JuH12tFyQw2,land,917,NULL,200.00,"okres Žilina",Višňové,Višňové,"AnoReal, s.r.o.",Stráňavy
JuEjJSCiW8Ze,land,600,NULL,79.00,"okres Čadca",Skalité,Skalité,"JPE. Reality - Jozef Pajer",Čadca
JupXbR8DGJn,land,629,NULL,238.00,"okres Dolný Kubín","Dolný Kubín",Banisko,"OREA, s.r.o.","Dolný Kubín"
JuMvZKQOSvd,land,391,NULL,575.45,"okres Bytča","Veľké Rovné","Veľké Rovné","SLNOVRAT, s.r.o.",Olešná
Ju1CjLHLW69,land,7631,flat,NULL,"okres Dolný Kubín","Dlhá nad Oravou","Dlhá nad Oravou","Bosen Group s.r.o.",Bratislava
Ju22ZGBmO93,land,2580,NULL,90.00,"okres Liptovský Mikuláš","Liptovská Anna","Liptovská Anna",NULL,NULL
JuwTH_LMEMX,land,473,flat,NULL,"okres Liptovský Mikuláš","Liptovské Kľačany","Liptovské Kľačany","GERT , s.r.o.","Liptovský Mikuláš"
JufJ-j5ky3T,land,500,flat,149.80,"okres Žilina","Dolná Tižina","Dolná Tižina","Safe reality s. r. o.",Žilina
JuPGBZu28Sz,land,1401,"mostly flat",53.53,"okres Čadca",Oščadnica,Oščadnica,"RE/MAX Slovakia",Bratislava
JuXRWhaK2fl,land,25681,flat,30.00,"okres Turčianske Teplice",Mošovce,Mošovce,"Realitná kancelária",Bratislava
Jutyprw4Nso,land,1394,"gently sloped",71.74,"okres Bytča",Bytča,Pšurnovice,"TOCA, s.r.o. Realitná činnosť",Bytča
JutjPZbTZEK,land,2000,flat,NULL,"okres Martin",Sučany,Sučany,donidDevelop,"Dolný Kubín"
Juzs-YHkwHj,land,1500,sloped,82.00,"okres Martin","Turčianske Jaseno","Turčianske Jaseno","LIF REAL",Martin
JupRRfszbzs,land,1800,"mostly flat",41.50,"okres Turčianske Teplice",Sklené,Sklené,"Reality D.P.A.",Martin
JuiFvyOCpZO,land,4637,flat,105.00,"okres Žilina",Višňové,Višňové,"Realitné kancelárie SR",Bratislava
JuqfHhV7H4_,land,558,"gently sloped",95.65,"okres Žilina",Lietava,Lietava,"Georgi Conev",Žilina
JuhB5IsnAP3,land,6047,NULL,10.09,"okres Martin",Šútovo,Šútovo,"BALAŽI REAL ESTATE s.r.o.",Topoľčany
Ju4HZvYxEQL,land,5473,NULL,69.00,"okres Dolný Kubín",Párnica,Párnica,NULL,NULL
JuR1Vqvk3FA,land,807,flat,185.87,"okres Martin",Martin,Záturčie,"TARGETreal s. r. o.",Žilina
JuD-E2E_yvf,land,846,NULL,40.00,"okres Námestovo",Novoť,Novoť,"RIEŠIME BÝVANIE",Bratislava
JujqHk5Nsu-,land,1011,flat,110.00,"okres Čadca",Čadca,"U Sneheľníka","ETHOS reality, s. r. o.","Krásno nad Kysucou"
JumHegVgatu,land,1108,"gently sloped",47.65,"okres Martin",Podhradie,Podhradie,"Real Reality Development s.r.o.",Martin
JuYSlKjn22V2,land,16054,NULL,62.28,"okres Turčianske Teplice","Slovenské Pravno","Slovenské Pravno",Urbanista,Bratislava
JuTN7hEMhfs,land,961,flat,38.40,"okres Čadca",Turzovka,Predmier,"SLNOVRAT, s.r.o.",Olešná
Juo_LCQm7Zx,land,1140,"gently sloped",127.19,"okres Žilina",Svederník,Svederník,"YFE, s.r.o.",Žilina
JucfeqPEDUI,land,1327,flat,59.00,"okres Turčianske Teplice",Jazernica,Jazernica,"TARGETreal s. r. o.",Žilina
JuyewzTZPFk,land,917,"gently sloped",130.32,"okres Žilina",Lysica,Lysica,"Renovo Reality",Žilina
Jug8evCrAgI,land,561,NULL,79.00,"okres Čadca",Skalité,Skalité,"BeMi realitná kancelária",Nitra
JubfWlbtgdy,land,1889,"gently sloped",NULL,"okres Čadca",Olešná,Olešná,"RK4 REALITY",Bratislava
JuY9N1R47k4,land,643,NULL,776.05,"okres Žilina",Žilina,Bôrik,NULL,NULL
JuGtn_qttBC,land,803,NULL,130.00,"okres Liptovský Mikuláš","Liptovský Trnovec","Liptovský Trnovec","Direct Real, spol. s r.o.",Bratislava
Ju26ASiELkU,land,499,"gently sloped",162.32,"okres Žilina","Dolná Tižina","Dolná Tižina","Mamud Reality s. r. o.",Žilina
JuoYPByad-u,land,1401,flat,35.00,"okres Dolný Kubín",Malatiná,Malatiná,"RAI COMPANY s.r.o.","Banská Bystrica"
JueDQ4t8F1t,land,NULL,NULL,NULL,"okres Kysucké Nové Mesto",Povina,Povina,"MGM reality",Žilina
JuJBjXorHPL,land,NULL,NULL,NULL,"okres Ružomberok",Turík,Turík,"TUreality s.r.o.",Žilina
JugbHbksCr-,land,3767,flat,95.00,"okres Žilina",Višňové,Višňové,"TeEq Reality",Bratislava
JuRn13yIVnF,land,895,NULL,39.11,"okres Čadca",Dunajov,Dunajov,"ŽILINAREAL, s.r.o.",Žilina
Ju67f0ZUF6a,land,1339,flat,53.00,"okres Žilina","Dlhé Pole","Dlhé Pole","Realitné kancelárie SR",Bratislava
Jus7PkExcYQ,land,1734,flat,NULL,"okres Žilina",Rajec,Rajec,"AnoReal, s.r.o.",Stráňavy
JuuNE4PQz6D,land,860,"gently sloped",231.40,"okres Žilina",Žilina,Budatín,"RIEŠIME BÝVANIE",Bratislava
Ju1YLWtdCP4,land,569,"mostly flat",130.00,"okres Liptovský Mikuláš",Lazisko,Lazisko,"RESIDENCE realitná kancelária","Liptovský Mikuláš"
Jul88RI0614,land,947,NULL,167.00,"okres Liptovský Mikuláš",Beňadiková,Beňadiková,"Direct Real, spol. s r.o.",Bratislava
Ju192g79OHm,land,1984,"gently sloped",62.00,"okres Martin",Belá-Dulice,Belá-Dulice,"Reality Center, s.r.o.",Martin
JusbhL9UXOL,land,1193,"gently sloped",35.21,"okres Čadca",Staškov,Staškov,"SLNOVRAT, s.r.o.",Olešná
JuWIabvMs8m,land,250,"gently sloped",39.00,"okres Čadca",Čadca,Rieka,"1. Reality Rent, s.r.o.",Žilina
JukIKAnSuKC,land,580,"gently sloped",150.00,"okres Martin","Dolný Kalník","Dolný Kalník","Reality Alpia",Martin
JubUi5eOFbH,land,660,"mostly flat",89.39,"okres Ružomberok","Liptovská Štiavnica","Liptovská Štiavnica","RE/MAX Slovakia",Bratislava
JupQ7ehcKIt,land,810,"gently sloped",392.59,"okres Žilina",Žilina,Budatín,"Real Estate Group4U","Považská Bystrica"
JuUn4gk-elR,land,1097,"gently sloped",91.16,"okres Žilina","Kotrčiná Lúčka","Kotrčiná Lúčka","R2 SK, s.r.o.",Žilina
Ju7lj_P0z5e,land,NULL,NULL,NULL,"okres Žilina","Dolný Hričov","Dolný Hričov","MGM reality",Žilina
JufEhhRezN-,land,1462,flat,NULL,"okres Dolný Kubín","Dolný Kubín",Stred,"RK VILLEA, s. r. o.","Dolný Kubín"
JuqQ2VY6uD-,land,607,NULL,130.15,"okres Kysucké Nové Mesto",Snežnica,Snežnica,"RS Mansory s.r.o.",Bratislava
Ju97QEdz5sX,land,1311,NULL,62.93,"okres Čadca",Raková,Raková,"RS Mansory s.r.o.",Bratislava
JubAI3EWquo,land,2150,"gently sloped",NULL,"okres Liptovský Mikuláš","Liptovská Anna","Liptovská Anna","M&G, s.r.o.",Bratislava
JutVFvRJpYd,land,2364,"gently sloped",169.20,"okres Žilina",Višňové,Višňové,"Realitné kancelárie SR",Bratislava
JutuKcNv2OP,land,284,NULL,404.93,"okres Martin",Martin,Stred,"Realitná kancelária",Bratislava
JuErvfknoQB,land,898,"gently sloped",228.29,"okres Dolný Kubín","Vyšný Kubín","Vyšný Kubín","RK VILLEA, s. r. o.","Dolný Kubín"
JurzykGoa8Y,land,507,NULL,79.00,"okres Čadca",Skalité,Skalité,"BeMi realitná kancelária",Nitra
JuTu2EKoaZM,land,721,"gently sloped",125.00,"okres Dolný Kubín",Veličná,Veličná,donidDevelop,"Dolný Kubín"
JuB1sJQkopm,land,1005,NULL,53.63,"okres Kysucké Nové Mesto",Povina,Povina,"RS Mansory s.r.o.",Bratislava
JusK3lTtUjZ,land,5861,NULL,55.00,"okres Bytča","Veľké Rovné","Veľké Rovné","Realitné kancelárie SR",Bratislava
Ju6FhwnbvkK,land,4181,flat,60.00,"okres Martin",Martin,Tomčany,"ŽILINAREAL, s.r.o.",Žilina
JuMHyeDGK2f,land,481,NULL,93.56,"okres Martin",Necpaly,Necpaly,"Realitné kancelárie SR",Bratislava
JubNHDCg93x,land,1663,"gently sloped",119.06,"okres Námestovo","Oravská Jasenica","Oravská Jasenica","RE/MAX Slovakia",Bratislava
JubzyQhnL5j,land,10426,"gently sloped",19.09,"okres Turčianske Teplice",Sklené,Sklené,"RIEŠIME BÝVANIE",Bratislava
JuMFxRcxLzj,land,542,"gently sloped",90.41,"okres Žilina",Ovčiarsko,Ovčiarsko,"RIEŠIME BÝVANIE",Bratislava
JuMg-KktE1Q,land,5893,"gently sloped",18.00,"okres Dolný Kubín",Zázrivá,Zázrivá,"RE/MAX Slovakia",Bratislava
Jukt7sZSrva,land,775,"gently sloped",158.71,"okres Žilina",Ovčiarsko,Ovčiarsko,"TARGETreal s. r. o.",Žilina
JuLGf5aS3L1,land,807,"gently sloped",120.82,"okres Kysucké Nové Mesto","Kysucké Nové Mesto",Suľkov,"1. Reality Rent, s.r.o.",Žilina
JuTUUGHEQpu,land,11129,NULL,65.00,"okres Martin",Martin,NULL,"BALAŽI REAL ESTATE s.r.o.",Topoľčany
JubI61zDvAA,land,NULL,NULL,NULL,"okres Žilina",Svederník,Svederník,"MGM reality",Žilina
JupXyVwksGj,land,1500,"gently sloped",NULL,"okres Martin","Horný Kalník","Horný Kalník","Reality BL, s.r.o.","Kysucké Nové Mesto"
JuzsaTgRy0A,land,1193,"gently sloped",32.69,"okres Čadca",Staškov,Staškov,"1. Reality Rent, s.r.o.",Žilina
JuqT9jZ4Nn0,land,NULL,NULL,90.00,"okres Liptovský Mikuláš","Liptovská Sielnica","Liptovská Sielnica","Direct Real, spol. s r.o.",Bratislava
JuzowjqYdqV,land,3590,"gently sloped",17.00,"okres Čadca",Staškov,Staškov,"SLNOVRAT, s.r.o.",Olešná
Juw-BV-BqJp,land,1222,sloped,130.00,"okres Žilina",Lietava,Lietava,"Realitné kancelárie SR",Bratislava
Ju2_2a_gc9I,land,600,flat,96.00,"okres Liptovský Mikuláš","Liptovská Sielnica","Liptovská Sielnica",Limaxreal,"Liptovský Mikuláš"
Jus9HjYi9K6,land,867,NULL,74.86,"okres Liptovský Mikuláš",Vlachy,Vlachy,"Nové bývanie",Nitra
Ju-Vs-ZZEsP,land,1906,NULL,52.36,"okres Čadca",Turzovka,NULL,"SLNOVRAT, s.r.o.",Olešná
JuypdHR9V5h,land,1236,NULL,120.00,"okres Žilina","Lietavská Svinná-Babkov","Lietavská Svinná-Babkov","RS Mansory s.r.o.",Bratislava
JuC5HWpBoue,land,1670,flat,26.50,"okres Čadca",Staškov,Staškov,"SLNOVRAT, s.r.o.",Olešná
JuTMeTjk733,land,NULL,NULL,NULL,"okres Žilina",Rajec,Rajec,"MGM reality",Žilina
JuvBlvKpVOg,land,828,flat,96.61,"okres Liptovský Mikuláš",Jamník,Jamník,jabyvam.sk,"Liptovský Mikuláš"
JuLSvBwv_I5,land,759,NULL,250.00,"okres Žilina",Krasňany,Krasňany,"RS Mansory s.r.o.",Bratislava
Ju0KCQtbTTW,land,6881,NULL,66.02,"okres Čadca",Čadca,Podzávoz,"BeMi realitná kancelária",Nitra
JuaPQ_8Etfd,land,807,NULL,55.76,"okres Martin",Trnovo,Trnovo,"Realitné kancelárie SR",Bratislava
Ju9G8aO6wQl,land,4117,"gently sloped",120.00,"okres Liptovský Mikuláš","Pavčina Lehota","Pavčina Lehota","RE/MAX Slovakia",Bratislava
JuY9JBEYXXO,land,675,flat,65.19,"okres Čadca",Staškov,Staškov,"1. Reality Rent, s.r.o.",Žilina
JuEr-eDWZ62,land,334,flat,NULL,"okres Martin",Turany,Turany,"Reality Center, s.r.o.",Martin
JuuQurqTomT,land,429,"gently sloped",186.46,"okres Liptovský Mikuláš","Liptovský Mikuláš",Podbreziny,"AstonReal s.r.o.","Banská Bystrica"
JuXLA7wyDLl,land,544,flat,143.38,"okres Žilina",Čičmany,Čičmany,"Vianema s.r.o.",Bratislava
Ju1OJ87gVSa,land,NULL,NULL,NULL,"okres Žilina",Bitarová,Bitarová,"X-REAL, s. r. o.",Žilina
JuaF9UiM3uR1,land,501,NULL,97.80,"okres Žilina","Rajecké Teplice","Rajecké Teplice","BeMi realitná kancelária",Nitra
Jui0b4gHHzV,land,26420,"gently sloped",NULL,"okres Čadca",Oščadnica,Oščadnica,"1. Reality Rent, s.r.o.",Žilina
Jua_BRtxi_0,land,850,sloped,120.00,"okres Kysucké Nové Mesto",Snežnica,Snežnica,"Realitné kancelárie SR",Bratislava
Jud4Z0QIxb1B,land,922,NULL,NULL,"okres Martin",Blatnica,Blatnica,NULL,NULL
JumHCt0Er1_,land,434,NULL,184.33,"okres Liptovský Mikuláš","Liptovský Mikuláš",NULL,NULL,NULL
Ju6XcncfywZ,land,1372,NULL,43.64,"okres Žilina",Ovčiarsko,Ovčiarsko,"RS Mansory s.r.o.",Bratislava
Ju6R4Oxuhvk,land,1410,"gently sloped",41.77,"okres Bytča","Veľké Rovné","Veľké Rovné","1. Reality Rent, s.r.o.",Žilina
JuiJEU2gvVS,land,1229,"gently sloped",48.00,"okres Čadca",Oščadnica,Oščadnica,"1. Reality Rent, s.r.o.",Žilina
JuJIq68G1za,land,11672,NULL,65.00,"okres Martin",Martin,Záturčie,"BALAŽI REAL ESTATE s.r.o.",Topoľčany
Ju5OGHyG1_Y,land,617,"mostly flat",61.59,"okres Čadca",Raková,Raková,"HOLESTIAK.sk reality s.r.o.",Čadca
JupQvlRFk0k,land,553,"mostly flat",49.00,"okres Žilina",Kunerad,Kunerad,"StorkReal s. r. o.","Rajecká Lesná"
Ju2hmMFZQ4X,land,447,NULL,279.42,"okres Žilina",Višňové,Višňové,NULL,NULL
Ju1-_Cu9mID,land,NULL,NULL,NULL,"okres Martin","Turčiansky Peter","Turčiansky Peter","Reality Alpia",Martin
JuX4tTXYKir,land,994,NULL,35.21,"okres Kysucké Nové Mesto","Horný Vadičov","Horný Vadičov","SLNOVRAT, s.r.o.",Olešná
JuI4QwFHXkB,land,2645,NULL,120.00,"okres Liptovský Mikuláš","Liptovský Mikuláš","Liptovská Ondrašová","RESIDENCE realitná kancelária","Liptovský Mikuláš"
Juw3LRApeaS,land,812,flat,160.10,"okres Žilina","Horný Hričov","Horný Hričov","RES GROUP, s.r.o.",Žilina
JueC24ZQ1o3,land,8000,other,15.25,"okres Žilina",Varín,Varín,"MGM reality",Žilina
Juh_NFZPlxN,land,500,NULL,179.00,"okres Žilina",Ovčiarsko,Ovčiarsko,"PRIMA reality s.r.o.",Žilina
Ju_KMqj7vmd,land,832,NULL,99.00,"okres Martin",Rakovo,Rakovo,"Reality Center, s.r.o.",Martin
JujjYxzg2zO,land,495,"gently sloped",86.06,"okres Kysucké Nové Mesto",Nesluša,Nesluša,"Realitka pre každého",Žilina
JudcG-iBr32,land,744,sloped,139.11,"okres Žilina",Divinka,Divinka,"Safe reality s. r. o.",Žilina
Jug0yKTQ2pn,land,1350,flat,55.00,"okres Čadca",Raková,Raková,"SLNOVRAT, s.r.o.",Olešná
JuveNCiurSC,land,1173,flat,75.02,"okres Dolný Kubín",Žaškov,Žaškov,"RK VILLEA, s. r. o.","Dolný Kubín"
JuMmLaRBnk-,land,520,flat,238.46,"okres Martin",Martin,Stráne,"Real Reality Development s.r.o.",Martin
JuAEEafI2yh,land,682,flat,110.00,"okres Žilina",Kľače,Kľače,"AnoReal, s.r.o.",Stráňavy
JuGEa5Szg2S,land,904,"gently sloped",94.03,"okres Bytča",Súľov-Hradná,Súľov-Hradná,"ELITE reality","Považská Bystrica"
JuldPobEyqZ,land,664,sloped,42.17,"okres Bytča","Veľké Rovné","Veľké Rovné","TARGETreal s. r. o.",Žilina
JuxUrTWen36,land,NULL,NULL,NULL,"okres Žilina",Ďurčiná,Ďurčiná,"MGM reality",Žilina
JutHLS-i8Kk,land,2955,"gently sloped",59.22,"okres Kysucké Nové Mesto",Povina,Povina,"DreamReality s.r.o.",Žilina
JuFMSKsdInV,land,1123,NULL,155.83,"okres Žilina",Bitarová,Bitarová,"Realitná kancelária",Bratislava
Ju266Dr49Ba,land,1666,NULL,52.00,"okres Kysucké Nové Mesto","Dolný Vadičov","Dolný Vadičov","BeMi realitná kancelária",Nitra
JubyLcoXkeA,land,905,flat,287.29,"okres Žilina",Gbeľany,Gbeľany,"bezmaklérov, s.r.o.",Žilina
JuDgMZQaDeJ,land,1292,"gently sloped",48.50,"okres Čadca",Oščadnica,Oščadnica,"1. Reality Rent, s.r.o.",Žilina
Juv8WDTsSPy,land,707,sloped,111.74,"okres Žilina",Konská,Konská,"1. Reality Rent, s.r.o.",Žilina
Ju9noiJ3M5h,land,1036,NULL,50.19,"okres Martin",Vrícko,Vrícko,"BALAŽI REAL ESTATE s.r.o.",Topoľčany
JuPmyuLY0AU,land,508,flat,123.00,"okres Liptovský Mikuláš",Podtureň,Podtureň,"Q REAL s.r.o.",Bratislava
JunJu6IyBiX,land,2965,"gently sloped",37.50,"okres Turčianske Teplice",Sklené,Sklené,"TARGETreal s. r. o.",Žilina
JuhDFgB8Eya,land,2061,"gently sloped",90.00,"okres Kysucké Nové Mesto",Povina,Povina,"1. Reality Rent, s.r.o.",Žilina
Jukxm6yZ0hf6,land,586,NULL,79.00,"okres Čadca",Skalité,Skalité,"BeMi realitná kancelária",Nitra
JuQnOzH4Mve,land,NULL,NULL,NULL,"okres Žilina",Svederník,Svederník,"MGM reality",Žilina
JuO__97iq4d,land,618,NULL,122.98,"okres Žilina","Lietavská Svinná-Babkov","Lietavská Svinná-Babkov","RS Mansory s.r.o.",Bratislava
JukIX3v-4aJ,land,859,NULL,50.00,"okres Žilina",Kľače,Kľače,NULL,NULL
Ju5L-boRlBV,land,3800,flat,50.00,"okres Čadca",Podvysoká,Podvysoká,"HALO reality, s.r.o.",Prievidza
JuxLDdGxofv,land,3500,flat,65.00,"okres Liptovský Mikuláš",Kvačany,Kvačany,NULL,NULL
Jur27j-ejmc,land,2850,NULL,65.00,"okres Martin",Martin,Záturčie,"BALAŽI REAL ESTATE s.r.o.",Topoľčany
Juxv4BCWFjN,land,574,NULL,109.76,"okres Liptovský Mikuláš",Hybe,Hybe,"Realitné kancelárie SR",Bratislava
JuH2wdrPPMN,land,903,NULL,253.60,"okres Žilina",Hôrky,Hôrky,NULL,NULL
JuoLQW0Li8l,land,1023,flat,NULL,"okres Žilina",Bitarová,Bitarová,"Realitka pre každého",Žilina
JuI-7Aiqe6M,land,575,flat,55.48,"okres Čadca","Vysoká nad Kysucou","Vysoká nad Kysucou","Ing. Marcela Pišteková",Turzovka
Ju1V4Qfns7o,land,2862,flat,50.00,"okres Liptovský Mikuláš","Liptovské Beharovce","Liptovské Beharovce","OVERENÉ REALITY","Banská Bystrica"
JuApbqYiTwl,land,1500,sloped,82.00,"okres Martin","Dolný Kalník","Dolný Kalník","Realitná kancelária",Bratislava
JuXs9XHVo90,land,913,NULL,131.43,"okres Martin",Vrútky,"Karvaša a Bláhovca","Realitná kancelária",Bratislava
JuSvmhJEqG1,land,1000,NULL,60.00,"okres Martin",Vrútky,"Karvaša a Bláhovca","FINREA - ak vám záleží na výsledku","Dolný Kubín"
JuYB0zOc7gD,land,NULL,NULL,40.00,"okres Ružomberok","Liptovské Sliače","Liptovské Sliače",NULL,NULL
JuXWDVHuKu7,land,1375,flat,32.73,"okres Bytča",Petrovice,Petrovice,"B10 Slovensko, a. s.",Žilina
Jui1yUD8ZRT,land,600,"gently sloped",91.67,"okres Čadca",Turzovka,Predmier,"SLNOVRAT, s.r.o.",Olešná
Ju8HOtKyMF8,land,733,flat,NULL,"okres Žilina",Višňové,Višňové,"Safe reality s. r. o.",Žilina
JuOZEwkJjt3,land,538,"mostly flat",120.82,"okres Dolný Kubín","Dolný Kubín",Mokraď,"RK Dalmia s. r. o.","Dolný Kubín"
JukvtXQXqqN,land,451,sloped,188.47,"okres Žilina",Višňové,Višňové,"Mgr. Nina Herčková, RSc.",Žilina
JuIyQ6FpRLK,land,1156,"gently sloped",55.00,"okres Námestovo",Vasiľov,Vasiľov,"RK Dalmia s. r. o.","Dolný Kubín"
Ju1cmZVZL9p,land,11129,NULL,65.00,"okres Martin",Martin,NULL,"BALAŽI REAL ESTATE s.r.o.",Topoľčany
JuFjy1TVvsF,land,2777,flat,NULL,"okres Bytča",NULL,NULL,"B10 Slovensko, a. s.",Žilina
Ju_utm8DAV9,land,1700,flat,99.00,"okres Čadca",Čadca,Rieka,NULL,NULL
JuaoRgRgfTM,land,2140,sloped,0.00,"okres Kysucké Nové Mesto",Nesluša,Nesluša,"B10 Slovensko, a. s.",Žilina
JuVIY0GAADR,land,NULL,NULL,99.00,"okres Ružomberok","Liptovské Sliače","Liptovské Sliače",NULL,NULL
JuC0KIbI5oB,land,1801,"gently sloped",75.00,"okres Čadca",Raková,Raková,"1. Reality Rent, s.r.o.",Žilina
JuSc9mnlTNp,land,350,flat,90.00,"okres Liptovský Mikuláš","Liptovská Sielnica","Liptovská Sielnica","Q REAL s.r.o.",Bratislava
JuE8ApW_7eF,land,960,"mostly flat",67.50,"okres Čadca",Raková,Raková,"TRI LIPY, s. r. o.",Čadca
JuM_aepmWiE,land,37067,flat,96.35,"okres Martin",Sučany,Sučany,"Svoboda&Williams Slovakia s.r.o.",Bratislava
JubvMgx0Xlu,land,1122,NULL,118.00,"okres Dolný Kubín","Vyšný Kubín","Vyšný Kubín","OREA, s.r.o.","Dolný Kubín"
JuCafss2FQP,land,1729,flat,220.00,"okres Liptovský Mikuláš","Liptovský Mikuláš",Vitálišovce,"BIZNIS REALITY, s.r.o.",Bratislava
Ju3KUswXUz_,land,2857,sloped,12.22,"okres Bytča","Hlboké nad Váhom","Hlboké nad Váhom","RADO Reality",Trenčín
Jup8u-k4Epi,land,2504,sloped,35.17,"okres Bytča",Predmier,Predmier,"bezmaklérov, s.r.o.",Žilina
JuMCxXCgucb,land,11823,"mostly flat",200.00,"okres Liptovský Mikuláš","Liptovský Mikuláš","Liptovská Mara - Tatralandia","RK SPIRIT s.r.o.","Liptovský Mikuláš"
Ju6EZukLTos,land,6881,NULL,66.00,"okres Čadca",Čadca,Podzávoz,"SLNOVRAT, s.r.o.",Olešná
JufB0mJ4fBT,land,723,NULL,NULL,"okres Liptovský Mikuláš",Gôtovany,Gôtovany,"REALITY SPOLU",Bratislava
Ju0PCzCiNgB,land,3860,flat,NULL,"okres Martin",Žabokreky,Žabokreky,"Buby reality, s.r.o.",Žilina
JuuPBY6Ot9Q,land,710,flat,69.01,"okres Turčianske Teplice","Turčianske Teplice","Turčiansky Michal","Reality Center, s.r.o.",Martin
Jut0tUa88wB,land,727,NULL,247.59,"okres Žilina",Rosina,Rosina,"BeMi realitná kancelária",Nitra
JuXoUVcEWR0,land,1235,NULL,170.04,"okres Žilina",Ovčiarsko,Ovčiarsko,"BeMi realitná kancelária",Nitra
Juz3m4uVQID,land,1540,NULL,109.09,"okres Dolný Kubín","Oravská Poruba","Oravská Poruba","FINREA - ak vám záleží na výsledku","Dolný Kubín"
JuD0_PFG0ni,land,1186,NULL,27.82,"okres Turčianske Teplice",Sklené,Sklené,"BV REAL PD, s.r.o.",Prievidza
JuNxdVDCwxP,land,800,NULL,60.00,"okres Námestovo",Novoť,Novoť,"RIEŠIME BÝVANIE",Bratislava
JuMd2LfAtcs,land,2676,flat,42.00,"okres Čadca","Dlhá nad Kysucou","Dlhá nad Kysucou","1. Reality Rent, s.r.o.",Žilina
JurUF8OlH6u,land,7000,"gently sloped",25.00,"okres Čadca",Turzovka,Hlinené,"SLNOVRAT, s.r.o.",Olešná
JuKqcvokzbp,land,1565,"gently sloped",50.99,"okres Martin",Socovce,Socovce,"Buby reality, s.r.o.",Žilina
Jufivg-_9rM,land,888,"gently sloped",NULL,"okres Dolný Kubín","Dolný Kubín","Malý Bysterec","OREA, s.r.o.","Dolný Kubín"
JuT8srAbvDd,land,NULL,NULL,NULL,"okres Žilina","Kamenná Poruba","Kamenná Poruba","MGM reality",Žilina
JuiaMHS2a8S,land,385,flat,67.53,"okres Čadca",Oščadnica,Oščadnica,"SLNOVRAT, s.r.o.",Olešná
Juuliwtz_LA,land,680,NULL,58.82,"okres Martin",Necpaly,Necpaly,"Realitné kancelárie SR",Bratislava
Ju7kkzPHIc1,land,1524,"gently sloped",62.00,"okres Žilina",Krasňany,Krasňany,"Reality Alpia",Martin
Ju78oHKGop9R,land,1437,NULL,61.93,"okres Žilina","Kotrčiná Lúčka","Kotrčiná Lúčka","RS Mansory s.r.o.",Bratislava
JuFPPvDcbTI,land,3062,NULL,13.06,"okres Liptovský Mikuláš",Východná,Východná,liptoreal,"Liptovský Mikuláš"
Juhz-iIvfOR,land,480,NULL,187.50,"okres Dolný Kubín",Zázrivá,Zázrivá,NULL,NULL
Jul34-9Uznd,land,694,NULL,106.63,"okres Žilina",Stránske,Stránske,"Realitné kancelárie SR",Bratislava
Juz8n3k63O_,land,13033,NULL,30.00,"okres Liptovský Mikuláš",Beňadiková,Beňadiková,"Direct Real, spol. s r.o.",Bratislava
JuBCn0k3F8q,land,1180,sloped,56.78,"okres Ružomberok",Ružomberok,"Nová Hrboltová","RK SPIRIT s.r.o.","Liptovský Mikuláš"
JuPab66wdox,land,1084,"mostly flat",100.00,"okres Dolný Kubín","Dolný Kubín",Mokraď,"RK Dalmia s. r. o.","Dolný Kubín"
JulxtEGlU-r,land,800,flat,55.00,"okres Turčianske Teplice",Budiš,Budiš,"Reality AK, spol. s r.o.",Martin
JuGjdMCF3ve,land,1443,flat,180.18,"okres Žilina",Žilina,Bytčica,"DreamReality s.r.o.",Žilina
JuywSKYexoR,land,1559,NULL,80.00,"okres Tvrdošín",Zábiedovo,Zábiedovo,NULL,NULL
Jujfy0BeWOa,land,802,"gently sloped",58.00,"okres Ružomberok",Bešeňová,Bešeňová,"Reality Alpia",Martin
JumyeY6xnwq,land,440,flat,111.36,"okres Martin",Turany,Turany,"MS Alpex, k.s.",Bratislava
JulrIqN4RR6,land,996,"gently sloped",86.35,"okres Liptovský Mikuláš",Hybe,Hybe,"RESIDENCE realitná kancelária","Liptovský Mikuláš"
JuLNEujfvDD,land,649,flat,147.92,"okres Žilina",Strečno,Strečno,"TARGETreal s. r. o.",Žilina
JuIvQC1jBvw,land,546,"gently sloped",53.11,"okres Turčianske Teplice",Turček,Turček,"Ing.Tomáš Hudák",Šamorín
JuuH6wyOTi6,land,451,flat,99.78,"okres Bytča",Bytča,"Hliník nad Váhom","TOCA, s.r.o. Realitná činnosť",Bytča
JuR03LYWket,land,2353,NULL,106.25,"okres Žilina",Stráňavy,Stráňavy,NULL,NULL
JujNQV7OCek,land,500,"gently sloped",45.00,"okres Žilina",Lysica,Lysica,"YFE, s.r.o.",Žilina
Jup9VNie0hE,land,2518,NULL,43.29,"okres Čadca",Dunajov,Dunajov,"ŽILINAREAL, s.r.o.",Žilina
Juv0pBqllQb,land,350,flat,100.00,"okres Námestovo","Oravské Veselé","Oravské Veselé","TL Agentura s.r.o",Senec
JuUpsFDNSQ5,land,550,"gently sloped",60.00,"okres Žilina",Ovčiarsko,Ovčiarsko,"Reality Now",Bratislava
Ju_1RuhBfmB,land,800,flat,55.00,"okres Turčianske Teplice",Budiš,Budiš,"Reality AK, spol. s r.o.",Martin
JuPvBOIDHAu,land,25145,flat,15.00,"okres Turčianske Teplice",Háj,Háj,"OVERENÉ REALITY","Banská Bystrica"
JuI63s8eiN7,land,660,NULL,157.58,"okres Bytča",Jablonové,Jablonové,"RS Mansory s.r.o.",Bratislava
JuO_8tOz9vO,land,630,flat,182.54,"okres Bytča",Bytča,"Bytča - sever","ADH-REAL s.r.o. Hirjaková Adriana",Ovčiarsko
Ju_rYNBo_cl,land,NULL,NULL,NULL,"okres Bytča","Hlboké nad Váhom","Hlboké nad Váhom","Reality Alpia",Martin
JuCzxidULuR,land,1118,flat,21.02,"okres Kysucké Nové Mesto",Snežnica,Snežnica,"Safe reality s. r. o.",Žilina
JuCAQgOYAnl,land,1000,NULL,81.50,"okres Bytča",Predmier,Predmier,"BeMi realitná kancelária",Nitra
JumgYXab6nd,land,1000,NULL,41.00,"okres Čadca",Klokočov,Klokočov,"SLNOVRAT, s.r.o.",Olešná
Ju4qZolzI7i,land,602,flat,NULL,"okres Martin",Diaková,Diaková,"Reality D.P.A.",Martin
JuMcJmeaUcO,land,881,sloped,75.00,"okres Dolný Kubín",Leštiny,Leštiny,"OREA, s.r.o.","Dolný Kubín"
JuNitLYneeA,land,669,flat,73.99,"okres Čadca",Čierne,Čierne,"TRI LIPY, s. r. o.",Čadca
JuVw0hmTAno,land,4906,flat,49.00,"okres Liptovský Mikuláš",Gôtovany,Gôtovany,"HALO reality, s.r.o.",Prievidza
JuFVNjbiRLu,land,1599,"gently sloped",64.42,"okres Martin","Turčianske Kľačany","Turčianske Kľačany","Reality Alpia",Martin
JuSTrxbH01x,land,878,"gently sloped",153.76,"okres Žilina",Terchová,Terchová,"B10 Slovensko, a. s.",Žilina
JuGnc9OXHGX,land,888,terraced,202.70,"okres Dolný Kubín","Dolný Kubín","Malý Bysterec","RES GROUP, s.r.o.",Žilina
Jus89N19pVi,land,806,"gently sloped",NULL,"okres Dolný Kubín",Zázrivá,Zázrivá,donidDevelop,"Dolný Kubín"
JuUCvHHqEXR,land,1021,NULL,160.00,"okres Žilina",Krasňany,Krasňany,"ŽILINAREAL, s.r.o.",Žilina
JutSxfNRIvL,land,1193,flat,66.97,"okres Čadca",Oščadnica,Oščadnica,"TARGETreal s. r. o.",Žilina
Jugj8_j4hFt,land,NULL,NULL,NULL,"okres Čadca",Oščadnica,Oščadnica,"MGM reality",Žilina
JuVy8PAIz5F,land,4100,NULL,75.00,"okres Liptovský Mikuláš","Liptovský Trnovec","Liptovský Trnovec","Realitné kancelárie SR",Bratislava
Juy-u_8MLhRu,land,657,flat,105.00,"okres Martin",Trebostovo,Trebostovo,"Reality D.P.A.",Martin
Ju-hAf6SLZe,land,856,other,70.00,"okres Námestovo","Oravská Jasenica","Oravská Jasenica","RECLOUD Reality a.s.",Bratislava
Ju0xrW-pJiv,land,1409,"gently sloped",127.75,"okres Žilina",Bitarová,Bitarová,"Safe reality s. r. o.",Žilina
JuHEexV-ME8,land,865,flat,172.25,"okres Žilina",Višňové,Višňové,"Georgi Conev",Žilina
JuvqrgrxLUT,land,1500,"gently sloped",26.00,"okres Kysucké Nové Mesto",Snežnica,Snežnica,"WFG reality, s.r.o.",Žilina
JuvU5Bk6XNz,land,500,NULL,250.00,"okres Žilina",Žilina,Trnové,NULL,NULL
JuawfvC1dso,land,1940,sloped,29.00,"okres Čadca",Makov,Makov,"AP REAL, s.r.o.",Bratislava
JuujbPaHD-l,land,1144,NULL,52.44,"okres Žilina","Veľká Čierna","Veľká Čierna",NULL,NULL
Ju2DjUagLIB,land,2058,flat,106.41,"okres Liptovský Mikuláš","Pavčina Lehota","Pavčina Lehota","RK SPIRIT s.r.o.","Liptovský Mikuláš"
Jud80emJ1h-,land,1651,NULL,NULL,"okres Žilina",Stráňavy,Stráňavy,Maxareality,Prievidza
JuscYJe7Tsp,land,625,NULL,134.40,"okres Žilina",Bitarová,Bitarová,"Realitné kancelárie SR",Bratislava
JuRN7oIh-bh,land,12,NULL,NULL,"okres Bytča",Maršová-Rašov,Maršová-Rašov,"RS Mansory s.r.o.",Bratislava
JuYlSKGJKl6,land,1500,"gently sloped",79.67,"okres Martin","Horný Kalník","Horný Kalník",donidDevelop,"Dolný Kubín"
JuueVyS2YYG,land,2492,flat,102.00,"okres Turčianske Teplice","Turčianske Teplice",NULL,"Realitné kancelárie SR",Bratislava
JuPNAYZ0O8w,land,622,"gently sloped",250.00,"okres Žilina",Žilina,Trnové,"RIEŠIME BÝVANIE",Bratislava
Ju051T1JZ-l,land,799,NULL,79.97,"okres Žilina",Žilina,Trnové,"Realitné kancelárie SR",Bratislava
JufVWTW_WTc,land,3310,NULL,65.00,"okres Martin",Martin,Záturčie,"BALAŽI REAL ESTATE s.r.o.",Topoľčany
JubU6tCkKGs,land,674,"gently sloped",126.11,"okres Žilina",Ovčiarsko,Ovčiarsko,"Kristína Čanády",Bratislava
JusGZR37Rrf,land,493,flat,170.00,"okres Žilina",Terchová,Terchová,"AnoReal, s.r.o.",Stráňavy
JuZCt8qZhH9,land,1153,flat,72.00,"okres Čadca","Krásno nad Kysucou",NULL,"1. Reality Rent, s.r.o.",Žilina
JumXY6voBY_,land,431,sloped,170.53,"okres Liptovský Mikuláš","Liptovský Mikuláš",Podbreziny,"Eden Real estate, s.r.o.",Hlohovec
JuaTUWSOToW,land,726,NULL,79.00,"okres Čadca",Skalité,Skalité,"BeMi realitná kancelária",Nitra
JuhsDIhlQ5j,land,1268,NULL,NULL,"okres Žilina",Bitarová,Bitarová,"ŽILINAREAL, s.r.o.",Žilina
JumBIzQEPOK,land,1095,"gently sloped",99.00,"okres Liptovský Mikuláš","Liptovský Trnovec","Liptovský Trnovec","Reality Turiec s.r o.",Martin
JuJ6A83KPJ2,land,640,"gently sloped",132.81,"okres Žilina",Stránske,Stránske,"Renovo Reality",Žilina
Ju0Wth3fmJb,land,481,"gently sloped",109.15,"okres Liptovský Mikuláš",Kvačany,Kvačany,liptoreal,"Liptovský Mikuláš"
Ju-yASPSDbI,land,1283,"gently sloped",220.00,"okres Liptovský Mikuláš","Liptovský Mikuláš",Vitálišovce,"BIZNIS REALITY, s.r.o.",Bratislava
Ju7bdNS7Wbu,land,1014,other,NULL,"okres Martin",Valča,Valča,"RECLOUD Reality a.s.",Bratislava
JuFbQAoDlAy,land,NULL,NULL,NULL,"okres Tvrdošín",Habovka,Habovka,"Realitné kancelárie SR",Bratislava
JutmSdgoB8o,land,800,flat,206.25,"okres Martin",Martin,Tomčany,"TARGETreal s. r. o.",Žilina
Ju-TgYUkwq0,land,7699,"gently sloped",9.00,"okres Kysucké Nové Mesto",Snežnica,Snežnica,NULL,NULL
JuzpdzmMNmY,land,500,flat,148.00,"okres Martin",Valča,Valča,"Piata Avenue",Žilina
JuR5ionId5V,land,1015,flat,117.24,"okres Martin",Blatnica,Blatnica,"ALT REAL, s.r.o.",Martin
JuSojlAQh6I,land,518,NULL,79.00,"okres Čadca",Skalité,Skalité,"BeMi realitná kancelária",Nitra
JuJs7LAy2Ca,land,1043,"gently sloped",38.35,"okres Čadca",Klokočov,Klokočov,"TRI LIPY, s. r. o.",Čadca
JunsxT9D57Y,land,871,flat,67.39,"okres Čadca",Svrčinovec,Svrčinovec,"SLNOVRAT, s.r.o.",Olešná
JuyhzX_H2M6,land,1383,NULL,57.85,"okres Čadca",Skalité,Skalité,"Realitná kancelária",Bratislava
JuFDWrhfI93,land,NULL,NULL,NULL,"okres Bytča","Veľké Rovné","Veľké Rovné","Reality Alpia",Martin
JuRGpe_vleW,land,686,NULL,100.00,"okres Ružomberok",Bešeňová,Bešeňová,"Apollo House",Bratislava
JuOtIHsfVL7r,land,5263,flat,NULL,"okres Martin",Ratkovo,Ratkovo,"Buby reality, s.r.o.",Žilina
JuIk-JMXLCM,land,NULL,NULL,NULL,"okres Žilina",Višňové,Višňové,"Reality Alpia",Martin
JutkRgdiYBy,land,1518,flat,NULL,"okres Ružomberok","Liptovská Štiavnica","Liptovská Štiavnica","OVERENÉ REALITY","Banská Bystrica"
Ju2owwvd0Ks,land,1130,NULL,52.65,"okres Námestovo","Oravská Lesná","Oravská Lesná",NULL,NULL
JuCvtDrSDpm,land,554,"gently sloped",148.01,"okres Žilina",Brezany,Brezany,"Effecting s.r.o.",Bratislava
Ju120_vTrodT,land,518,NULL,254.83,"okres Žilina",Hôrky,Hôrky,"TARGETreal s. r. o.",Žilina
Juf2tcjNcp8,land,723,flat,98.00,"okres Liptovský Mikuláš",Gôtovany,Gôtovany,"OVERENÉ REALITY","Banská Bystrica"
Juvljk31CAz,land,2017,"gently sloped",86.76,"okres Dolný Kubín",Žaškov,Žaškov,"RK Dalmia s. r. o.","Dolný Kubín"
JuzXf_udfUb,land,344,NULL,77.00,"okres Bytča",Bytča,Pšurnovice,NULL,NULL
JuTnhisKw2A,land,2163,sloped,26.00,"okres Čadca",Makov,Makov,"AP REAL, s.r.o.",Bratislava
JuOs44Ibx4E,land,856,flat,102.79,"okres Martin","Kláštor pod Znievom","Kláštor pod Znievom","RE/MAX Slovakia",Bratislava
JuArm-RO0qx,land,1648,NULL,100.00,"okres Liptovský Mikuláš","Liptovský Mikuláš","Liptovská Ondrašová","RESIDENCE realitná kancelária","Liptovský Mikuláš"
JuNwfzXAT-U,land,1190,flat,88.24,"okres Martin",Príbovce,Príbovce,"LIF REAL",Martin
JuI1xGqBjgz,land,572,NULL,104.90,"okres Martin",Turany,Turany,"FINREA - ak vám záleží na výsledku","Dolný Kubín"
Jue9eL-lcIx,land,703,NULL,116.64,"okres Čadca",Raková,Raková,"SLNOVRAT, s.r.o.",Olešná
JuaLB21Fxl_,land,1608,NULL,NULL,"okres Liptovský Mikuláš","Liptovský Mikuláš","Vrbica - Nábrežie","RK SPIRIT s.r.o.","Liptovský Mikuláš"
Ju2-GQn0P3G,land,849,flat,76.56,"okres Martin",Martin,Priekopa,"MAX PROFI REALITY",Martin
JuIBgVzzEhH,land,406,flat,51.72,"okres Čadca",Raková,Raková,"1. Reality Rent, s.r.o.",Žilina
JuCe3m72ocp,land,636,flat,89.00,"okres Martin","Turčianska Štiavnička","Turčianska Štiavnička","ALT REAL, s.r.o.",Martin
Julifs4IZ1R,land,550,"gently sloped",250.00,"okres Martin",Martin,Stráne,"Reality AK, spol. s r.o.",Martin
JuIesZUseBj,land,779,NULL,100.00,"okres Žilina",Zbyňov,Zbyňov,"Realitné kancelárie SR",Bratislava
JuPr2yDWLko,land,676,NULL,363.76,"okres Žilina","Teplička nad Váhom","Teplička nad Váhom","Realitné kancelárie SR",Bratislava
JuX4O4UZ7BH_,land,2725,flat,NULL,"okres Ružomberok",Ivachnová,Ivachnová,"TUreality s.r.o.",Žilina
JutBiDVPJVF,land,437,"mostly flat",159.95,"okres Žilina",Višňové,Višňové,"StorkReal s. r. o.","Rajecká Lesná"
Juo5DPi-NX1,land,1330,NULL,100.00,"okres Ružomberok","Liptovské Sliače","Liptovské Sliače","Apollo House",Bratislava
Juvu6M7-uvD,land,1654,"gently sloped",140.00,"okres Žilina",Žilina,Budatín,"WFG reality, s.r.o.",Žilina
JuePvBO4qUqh,land,332,other,55.01,"okres Žilina",Žilina,Brodno,"MGM reality",Žilina
JuPJNYaejL9,land,695,"gently sloped",120.00,"okres Čadca",Čadca,"U Hluška","WFG reality, s.r.o.",Žilina
JusxvqCVQpI,land,2873,sloped,23.67,"okres Bytča","Hlboké nad Váhom","Hlboké nad Váhom","TOCA, s.r.o. Realitná činnosť",Bytča
JuvLnr4RMW3,land,723,NULL,140.00,"okres Martin",Sučany,Sučany,NULL,NULL
JuoQejBMBhm,land,525,NULL,NULL,"okres Martin",Martin,Priekopa,"FINREA - ak vám záleží na výsledku","Dolný Kubín"
JuOx6alhDY_,land,1489,"gently sloped",44.93,"okres Bytča",Štiavnik,Štiavnik,"TUreality s.r.o.",Žilina
JuIwevgorag,land,642,flat,120.00,"okres Martin",Sučany,Sučany,"Reality D.P.A.",Martin
JuTkoqi-k1y,land,686,NULL,100.00,"okres Ružomberok","Liptovské Sliače","Liptovské Sliače","Apollo House",Bratislava
JuJ_jH0Ka-F,land,1183,flat,41.42,"okres Turčianske Teplice",Dubové,Dubové,"RES GROUP, s.r.o.",Žilina
JuiAYjSrynL,land,706,NULL,160.00,"okres Žilina",Terchová,Terchová,"RS Mansory s.r.o.",Bratislava
JuQX408bw8H,land,655,flat,67.18,"okres Dolný Kubín",Žaškov,Žaškov,"Bosen Group s.r.o.",Bratislava
Ju3teAVBtOxF,land,20000,NULL,NULL,"okres Liptovský Mikuláš",Beňadiková,Beňadiková,"GERT , s.r.o.","Liptovský Mikuláš"
JurgCKxDYu4,land,NULL,NULL,NULL,"okres Žilina",Svederník,Svederník,"MGM reality",Žilina
JufImX742Ut,land,434,"gently sloped",184.31,"okres Liptovský Mikuláš","Liptovský Mikuláš",Podbreziny,"AstonReal s.r.o.","Banská Bystrica"
JuLYYDsAsCoc,land,1181,other,70.00,"okres Námestovo","Oravská Jasenica","Oravská Jasenica","RECLOUD Reality a.s.",Bratislava
JuCdelRdGA1,land,629,"gently sloped",148.00,"okres Martin",Vrútky,"Karvaša a Bláhovca","Reality D.P.A.",Martin
Ju6jOmyHOzk,land,NULL,NULL,165.00,"okres Žilina",Krasňany,Krasňany,"ŽILINAREAL, s.r.o.",Žilina
JuLQGD34QeZ,land,NULL,NULL,NULL,"okres Žilina",Ovčiarsko,Ovčiarsko,"Reality Alpia",Martin
JuJ9RlquSBH,land,637,"mostly flat",100.00,"okres Dolný Kubín","Dolný Kubín",Mokraď,"RK Dalmia s. r. o.","Dolný Kubín"
JuiHO4ziDsX,land,491,NULL,222.00,"okres Liptovský Mikuláš","Liptovský Mikuláš",Podbreziny,"RESIDENCE realitná kancelária","Liptovský Mikuláš"
JuWsp-GzHhf,land,993,NULL,80.56,"okres Liptovský Mikuláš",Vlachy,Vlachy,"RESIDENCE realitná kancelária","Liptovský Mikuláš"
JunNzT26gJt,land,760,flat,135.53,"okres Žilina",Kunerad,Kunerad,"Realitka pre každého",Žilina
JuqRYP4Ii_m,land,840,"gently sloped",95.24,"okres Martin",Necpaly,Necpaly,"ALT REAL, s.r.o.",Martin
JureB0xysPE,land,454,flat,NULL,"okres Martin",Necpaly,Necpaly,"B10 Slovensko, a. s.",Žilina
JueabChri5n,land,804,NULL,100.00,"okres Žilina","Kotrčiná Lúčka","Kotrčiná Lúčka","TARGETreal s. r. o.",Žilina
JuO_g9A6a9wi,land,700,"gently sloped",NULL,"okres Martin",Záborie,Záborie,NULL,NULL
Ju4ExXlTo3S,land,2400,"mostly flat",50.00,"okres Martin",Necpaly,Necpaly,"Ing.Zuzana Paverová","Turčianske Teplice"
Ju5eolzpNXf,land,2873,NULL,33.00,"okres Bytča","Hlboké nad Váhom","Hlboké nad Váhom","ŽILINAREAL, s.r.o.",Žilina
Juovk415JFh,land,1389,"gently sloped",NULL,"okres Žilina",Žilina,Rosinky,"Reality Alpia",Martin
Ju6amfxFDHs,land,2870,sloped,25.44,"okres Bytča","Hlboké nad Váhom","Hlboké nad Váhom","TUreality s.r.o.",Žilina
JuPvieB5wD8,land,520,flat,105.00,"okres Žilina",Mojš,Mojš,"AnReal s. r. o.",Mojš
JuE953fYUaJ,land,1500,NULL,0.07,"okres Martin",Lipovec,Lipovec,"Realitná kancelária",Bratislava
JuUwHBfeaJH,land,1556,flat,65.00,"okres Kysucké Nové Mesto","Horný Vadičov","Horný Vadičov","ROSA reality","Kysucké Nové Mesto"
JulnuV6b4dq,land,1795,flat,103.00,"okres Martin",Dražkovce,Dražkovce,"Real Reality Development s.r.o.",Martin
Julb8CQS_U3,land,409,flat,60.88,"okres Turčianske Teplice",Sklené,Sklené,"Realitná kancelária",Bratislava
JuSuQFG8xu1,land,1138,flat,21.97,"okres Čadca",Makov,Makov,"1. Reality Rent, s.r.o.",Žilina
JuwNYa-6iOH,land,2536,NULL,NULL,"okres Žilina",Bitarová,Bitarová,"BeMi realitná kancelária",Nitra
JuUlwzFbYFD,land,NULL,NULL,35.00,"okres Dolný Kubín",Kraľovany,Kraľovany,NULL,NULL
JuJOjhQbYoo,land,686,flat,71.00,"okres Turčianske Teplice","Turčianske Teplice","Turčiansky Michal","Ing.Zuzana Paverová","Turčianske Teplice"
JuRzGNU0BD2,land,19,NULL,NULL,"okres Turčianske Teplice","Turčianske Teplice",Stred,"Direct Real, spol. s r.o.",Bratislava
Juk20aBZ0Ls,land,859,flat,55.00,"okres Čadca",Raková,Raková,"SLNOVRAT, s.r.o.",Olešná
Ju00kypR_p_,land,851,flat,61.10,"okres Žilina",Rajec,Rajec,"AnoReal, s.r.o.",Stráňavy
JuEWO1OepoK,land,850,flat,85.00,"okres Martin","Kláštor pod Znievom","Kláštor pod Znievom","Reality AK, spol. s r.o.",Martin
JutWL9k4SH-,land,898,flat,149.11,"okres Dolný Kubín","Dolný Kubín","Malý Bysterec","RK Dalmia s. r. o.","Dolný Kubín"
JuwL0eI__3n8,land,1037,"gently sloped",115.62,"okres Kysucké Nové Mesto",Rudina,Rudina,"WFG reality, s.r.o.",Žilina
Ju7PRPwxRRPQ,land,519,NULL,125.24,"okres Žilina",Podhorie,Podhorie,"BeMi realitná kancelária",Nitra
Ju7VNOVgGEX,land,642,flat,120.00,"okres Martin",Sučany,Sučany,NULL,NULL
JuzcT2nMl5E,land,1195,"gently sloped",38.08,"okres Kysucké Nové Mesto","Horný Vadičov","Horný Vadičov","Mamud Reality s. r. o.",Žilina
JutEPw1J-xD,land,1586,NULL,83.00,"okres Žilina",Žilina,Zádubnie,"BeMi realitná kancelária",Nitra
JubLSsddj46,land,9257,flat,59.41,"okres Liptovský Mikuláš","Liptovský Mikuláš","Staré mesto","1.BCR REAL ESTATE SLOVAKIA",Bratislava
JuMUzvKUv9i,land,11672,NULL,65.00,"okres Martin",Martin,Záturčie,"BALAŽI REAL ESTATE s.r.o.",Topoľčany
Ju2dDwgittj,land,670,flat,92.54,"okres Žilina",Stránske,Stránske,"Ing. Gerlinda Bérešová - Esti",Žilina
JuYCEnwkjLX,land,1392,sloped,NULL,"okres Bytča",Súľov-Hradná,Súľov-Hradná,"TOCA, s.r.o. Realitná činnosť",Bytča
JulcGjr0HkD,land,1700,flat,100.00,"okres Martin",Lipovec,Lipovec,"Piata Avenue",Žilina
JuVP0HZPxQP,land,467,NULL,85.63,"okres Čadca",Oščadnica,Oščadnica,"SLNOVRAT, s.r.o.",Olešná
JuDxiaz2nPZ,land,900,"gently sloped",NULL,"okres Liptovský Mikuláš","Liptovská Anna","Liptovská Anna","M&G, s.r.o.",Bratislava
JuV3Yr0Tkt7,land,1000,sloped,179.00,"okres Žilina",Terchová,Terchová,"Realitné kancelárie SR",Bratislava
Ju3lYLQgij-,land,850,flat,104.00,"okres Čadca",Čadca,Rieka,"HOLESTIAK.sk reality s.r.o.",Čadca
Ju7o2vN-Kj5,land,949,"gently sloped",104.32,"okres Žilina",Žilina,Trnové,"RES GROUP, s.r.o.",Žilina
JuYtpUq3Ljt,land,710,"gently sloped",92.82,"okres Martin",Necpaly,Necpaly,"ALT REAL, s.r.o.",Martin
JuLF3n8V0u0,land,1077,flat,66.95,"okres Turčianske Teplice","Slovenské Pravno","Slovenské Pravno","DOBRÉ REALITY s.r.o.",Prievidza
Jua-87P0brZ,land,5547,"gently sloped",NULL,"okres Liptovský Mikuláš","Liptovská Anna","Liptovská Anna","M&G, s.r.o.",Bratislava
Judikv0pXVX,land,600,"gently sloped",133.33,"okres Kysucké Nové Mesto",Snežnica,Snežnica,"RK4 REALITY",Bratislava
JuQE6iaf57k,land,859,NULL,94.88,"okres Žilina",Ovčiarsko,Ovčiarsko,"RS Mansory s.r.o.",Bratislava
JuZenYjsJ5j,land,951,"gently sloped",82.01,"okres Žilina","Lietavská Svinná-Babkov","Lietavská Svinná-Babkov","Safe reality s. r. o.",Žilina
JunoJZqtPKv,land,1027,"gently sloped",63.29,"okres Bytča",Kotešová,Kotešová,"RIEŠIME BÝVANIE",Bratislava
JuFDHnuYFxT,land,622,flat,NULL,"okres Martin",Martin,Sever,"RECOM, s.r.o.",Martin
JuCZD2XgLKU,land,2414,flat,49.00,"okres Čadca","Krásno nad Kysucou",Kalinov,NULL,NULL
JuB4oTBd8tj,land,NULL,NULL,NULL,"okres Žilina","Dolný Hričov","Dolný Hričov","MGM reality",Žilina
Ju6v5X2xr8N,land,1139,flat,85.00,"okres Žilina",Turie,Turie,"Ing. Gerlinda Bérešová - Esti",Žilina
JumpjkKxSdz,land,3566,sloped,NULL,"okres Dolný Kubín",Zázrivá,Zázrivá,donidDevelop,"Dolný Kubín"
JuQ7vhVLfEg,land,969,"gently sloped",85.00,"okres Námestovo",Námestovo,NULL,"RK Dalmia s. r. o.","Dolný Kubín"
JuvOhFg_IIq,land,617,flat,105.00,"okres Martin","Turčiansky Peter","Turčiansky Peter","Reality D.P.A.",Martin
JubkW3740OB,land,1306,flat,112.33,"okres Bytča",Kotešová,Kotešová,"RIEŠIME BÝVANIE",Bratislava
Ju8TvPJCfAu,land,729,"mostly flat",135.80,"okres Žilina",Terchová,Terchová,"HOLESTIAK.sk reality s.r.o.",Čadca
Jue0k_6k3BC,land,1000,"gently sloped",NULL,"okres Martin",Podhradie,Podhradie,"Reality Turiec s.r o.",Martin
Juy9B79A4J4,land,851,NULL,73.41,"okres Turčianske Teplice",Jazernica,Jazernica,"Realitné kancelárie SR",Bratislava
Jufbp419kLn,land,838,NULL,220.64,"okres Liptovský Mikuláš","Uhorská Ves","Uhorská Ves",NULL,NULL
JuoM1a2vfjr,land,961,flat,82.00,"okres Čadca",Čadca,Kyčerka,"1. Reality Rent, s.r.o.",Žilina
JuCX6DjrhAx,land,486,"mostly flat",99.00,"okres Liptovský Mikuláš",Kvačany,Kvačany,"Realitná kancelária",Bratislava
Ju3m-dUNJYI,land,12891,"gently sloped",15.17,"okres Liptovský Mikuláš","Liptovské Beharovce","Liptovské Beharovce","bezmaklérov, s.r.o.",Žilina
JuaWAXYq8CN,land,7321,sloped,30.00,"okres Kysucké Nové Mesto","Dolný Vadičov","Dolný Vadičov","B10 Slovensko, a. s.",Žilina
JuAOp73hEtJ,land,5691,NULL,15.81,"okres Turčianske Teplice",Bodorová,Bodorová,"TARGETreal s. r. o.",Žilina
Juml9ZbpWBM,land,886,other,169.07,"okres Žilina",Rosina,Rosina,"MGM reality",Žilina
JuoqzBB_9Ic,land,708,"gently sloped",98.87,"okres Dolný Kubín",Párnica,Párnica,donidDevelop,"Dolný Kubín"
JuLeQIMuEoJ,land,1460,NULL,61.99,"okres Turčianske Teplice",Mošovce,Mošovce,"Vianema s.r.o.",Bratislava
JuvLJIIUOfY,land,596,NULL,100.67,"okres Liptovský Mikuláš",Lazisko,Lazisko,"Direct Real, spol. s r.o.",Bratislava
Ju3PLVbW63-,land,1501,NULL,85.00,"okres Dolný Kubín",Veličná,Veličná,"FINREA - ak vám záleží na výsledku","Dolný Kubín"
Jup1kPgQpEa,land,825,NULL,NULL,"okres Žilina",Lietava,Lietava,"BeMi realitná kancelária",Nitra
JuVYqJ0JX1k,land,NULL,NULL,NULL,"okres Žilina",Žilina,Budatín,"Reality Alpia",Martin
JuOOdwBZpnq,land,1132,sloped,48.00,"okres Dolný Kubín",Pribiš,Pribiš,"OREA, s.r.o.","Dolný Kubín"
JuFHiiWQjoz,land,803,"gently sloped",NULL,"okres Žilina","Veľká Čierna","Veľká Čierna","StorkReal s. r. o.","Rajecká Lesná"
JuxCQhpzaPp,land,823,flat,NULL,"okres Martin",Trnovo,Trnovo,"JMB REALITY s.r.o.",Ľubietová
Ju2vqxn_y5h,land,3256,"gently sloped",49.90,"okres Čadca",Skalité,Skalité,"1. Reality Rent, s.r.o.",Žilina
JuVQc2LdTTG,land,1625,NULL,95.02,"okres Martin",Sučany,Sučany,"FINREA - ak vám záleží na výsledku","Dolný Kubín"
JuUUpLR6AWM,land,761,NULL,116.95,"okres Žilina","Dolná Tižina","Dolná Tižina",NULL,NULL
Juod5b-P5x2,land,810,"gently sloped",558.64,"okres Žilina",Žilina,Budatín,"Real Estate Group4U","Považská Bystrica"
Julqx-OsWd4,land,2873,sloped,23.67,"okres Bytča","Hlboké nad Váhom","Hlboké nad Váhom","TOCA, s.r.o. Realitná činnosť",Bytča
JuNDmq9QqWV,land,628,flat,173.41,"okres Liptovský Mikuláš",Východná,Východná,"HALO reality, s.r.o.",Prievidza
JuAW0SJGZe9,land,968,NULL,NULL,"okres Žilina","Kotrčiná Lúčka","Kotrčiná Lúčka","RS Mansory s.r.o.",Bratislava
JuL1tbUXhpj,land,889,"gently sloped",28.12,"okres Kysucké Nové Mesto",Lodno,Lodno,"WFG reality, s.r.o.",Žilina
Ju55_tGfxfr,land,1022,"gently sloped",150.00,"okres Liptovský Mikuláš","Liptovský Mikuláš",Stošice,"KRUPPKY, s.r.o.","Liptovský Mikuláš"
Juv_OE5QhUq,land,609,sloped,196.72,"okres Žilina",Terchová,Terchová,"EASY centrum bývania, s.r.o.",Žilina
Ju68Dykgvdc,land,3095,"gently sloped",0.03,"okres Žilina","Dolná Tižina","Dolná Tižina","TUreality s.r.o.",Žilina
Ju8oY2HaCv1,land,NULL,NULL,NULL,"okres Martin",Martin,Jahodníky,"Reality Alpia",Martin
JuRanZisa5Z,land,NULL,NULL,NULL,"okres Žilina",Marčk,Marčk,"MGM reality",Žilina
Juz-5oPyoQW,land,NULL,NULL,NULL,"okres Žilina",Rosina,Rosina,"MGM reality",Žilina
Ju0UmYe9Px-,land,3590,NULL,18.00,"okres Čadca",Staškov,Staškov,"BeMi realitná kancelária",Nitra
JuDwRiMatNB,land,2269,flat,120.00,"okres Martin",Sklabiňa,Sklabiňa,"ALT REAL, s.r.o.",Martin
JugG3vyzxv0,land,2285,"gently sloped",24.03,"okres Martin","Turčianska Štiavnička","Turčianska Štiavnička","Reality Center, s.r.o.",Martin
Ju5LTX3e1H6,land,403,NULL,126.55,"okres Čadca",Oščadnica,Oščadnica,"BeMi realitná kancelária",Nitra
JuMxwj9KkkZ,land,11368,other,87.09,"okres Námestovo","Oravská Jasenica","Oravská Jasenica","RE/MAX Slovakia",Bratislava
JuicyD7lpub,land,823,sloped,108.75,"okres Žilina",Žilina,Budatín,"EASY centrum bývania, s.r.o.",Žilina
JubcbkupV-K,land,614,flat,146.56,"okres Bytča",Bytča,"Bytča - sever","Reality IQ, s.r.o.",Žilina
Ju4Q_gSlKhh,land,NULL,NULL,85.00,"okres Žilina",Kľače,Kľače,"Realitné kancelárie SR",Bratislava
JuQ9QuExnST,land,2884,NULL,65.00,"okres Martin",Martin,Záturčie,"BALAŽI REAL ESTATE s.r.o.",Topoľčany
JuSwT_XLgPV,land,20000,flat,11.00,"okres Ružomberok",Ružomberok,"Revúcka dolina","PhDr. Miloš Kocúr - BKM Consulting",Skalité
JuD1-Yw-h6R,land,550,NULL,163.45,"okres Žilina","Dolná Tižina","Dolná Tižina",NULL,NULL
JuDFS7ZcUKC,land,781,sloped,29.00,"okres Čadca",Makov,Makov,"AP REAL, s.r.o.",Bratislava
JugiMieeEs_,land,724,other,103.59,"okres Martin",Vrútky,"Dolné Vrútky","RECLOUD Reality a.s.",Bratislava
JunYVarhNpk,land,NULL,NULL,50.00,"okres Žilina","Dolný Hričov","Dolný Hričov","Mgr. Renáta Kolenčíková",Nitra
JuOBPA2nCGL,land,2268,flat,45.00,"okres Žilina","Teplička nad Váhom","Teplička nad Váhom","Realitná kancelária SYMPATIA REAL s. r. o.",Žilina
JuwNxJhCDfg,land,1795,flat,134.82,"okres Bytča",Bytča,"Hliník nad Váhom","TOCA, s.r.o. Realitná činnosť",Bytča
JuvQg4wxWiM,land,1023,"gently sloped",NULL,"okres Žilina",Bitarová,Bitarová,"Realitka pre každého",Žilina
JuVBbGfUDf1,land,1364,flat,98.97,"okres Ružomberok",Ivachnová,Ivachnová,"New Ways Reality&Financie",Poprad
JuOwj2nckB1,land,490,NULL,183.67,"okres Žilina",Rosina,Rosina,"X-REAL, s. r. o.",Žilina
JulYy4ldFQa1,land,500,"gently sloped",130.00,"okres Žilina",Bitarová,Bitarová,"Safe reality s. r. o.",Žilina
JuflONHQOiV,land,800,sloped,NULL,"okres Dolný Kubín","Vyšný Kubín","Vyšný Kubín","ZRUBY RAJEC, s.r.o.",Rajec
JuvkGcZpCKL,land,NULL,NULL,NULL,"okres Námestovo","Oravská Lesná","Oravská Lesná","BeMi realitná kancelária",Nitra
JutxQo51THJ,land,828,"gently sloped",60.00,"okres Čadca",Raková,Raková,"KUBALA REALITY, s.r.o.",Čadca
JuY_kixqoQW,land,1595,flat,90.00,"okres Liptovský Mikuláš",Kvačany,Kvačany,"agreal.sk, spol. s r.o.",Bratislava
JuafO7D1C5y,land,700,flat,119.00,"okres Liptovský Mikuláš",Jamník,Jamník,"BEŇO REALITY","Liptovský Mikuláš"
JuojulIxoMm,land,1,NULL,NULL,"okres Liptovský Mikuláš",Pribylina,Pribylina,"Direct Real, spol. s r.o.",Bratislava
Juk7ESYVk3r,land,1208,flat,37.25,"okres Námestovo",Vasiľov,Vasiľov,"RK Dalmia s. r. o.","Dolný Kubín"
JuDPVSkdjbb,land,1192,flat,123.07,"okres Bytča",Kotešová,Kotešová,"Safe reality s. r. o.",Žilina
JuSMDjKsDMw,land,1056,"gently sloped",37.87,"okres Bytča","Veľké Rovné","Veľké Rovné","TARGETreal s. r. o.",Žilina
JuK4j_sbxpH,land,821,"gently sloped",70.04,"okres Žilina",Kľače,Kľače,"StorkReal s. r. o.","Rajecká Lesná"
JuDu2MlXcTn,land,NULL,NULL,NULL,"okres Martin",Ratkovo,Ratkovo,"Direct Real, spol. s r.o.",Bratislava
JuvZDfX9h0j,land,920,flat,82.00,"okres Čadca",Staškov,Staškov,"HOLESTIAK.sk reality s.r.o.",Čadca
JufxtZp_N5P,land,771,sloped,112.71,"okres Liptovský Mikuláš","Závažná Poruba","Závažná Poruba","HALO reality, s.r.o.",Prievidza
JuB8mFJnVT3,land,516,flat,120.16,"okres Martin",Príbovce,Príbovce,"Reality ASTORIA, s.r.o.",Martin
JuNyZWoxw0A,land,941,flat,106.27,"okres Martin","Turčiansky Peter","Turčiansky Peter","TARGETreal s. r. o.",Žilina
Juu-qpDOYIv,land,884,flat,135.00,"okres Žilina",Mojš,Mojš,"Mamud Reality s. r. o.",Žilina
JuOPdmvhEwO,land,507,"gently sloped",108.48,"okres Martin",Necpaly,Necpaly,"B10 Slovensko, a. s.",Žilina
JuJ2_wybbaK,land,1000,"gently sloped",100.00,"okres Žilina",Žilina,"Žilinská Lehota","ETHOS reality, s. r. o.","Krásno nad Kysucou"
JueBhRnur92,land,353,"gently sloped",49.86,"okres Čadca",Čadca,Podzávoz,"1. Reality Rent, s.r.o.",Žilina
JuvVzNYO2xk,land,376,flat,NULL,"okres Liptovský Mikuláš","Liptovské Kľačany","Liptovské Kľačany","AstonReal s.r.o.","Banská Bystrica"
Ju_fVXnqYH3,land,917,flat,38.17,"okres Čadca","Dlhá nad Kysucou","Dlhá nad Kysucou","WFG reality, s.r.o.",Žilina
Ju-SZF8QBN4,land,533,"gently sloped",56.10,"okres Čadca",Oščadnica,Oščadnica,"SLNOVRAT, s.r.o.",Olešná
JufBtLiGIPk,land,2807,flat,65.00,"okres Kysucké Nové Mesto",Rudinská,Rudinská,"BR ACADEMY, s. r. o.","Kysucké Nové Mesto"
JudMigoHhfK,land,350,flat,90.00,"okres Liptovský Mikuláš","Liptovská Sielnica","Liptovská Sielnica","TUreality s.r.o.",Žilina
JuWPMQs-4VM,land,638,"gently sloped",163.01,"okres Martin",Lipovec,Lipovec,"Real Reality Development s.r.o.",Martin
JuR6b65HC4k,land,507,flat,79.00,"okres Čadca",Skalité,Skalité,"1. Reality Rent, s.r.o.",Žilina
JuzOGUk6m--,land,6047,NULL,10.09,"okres Martin",Šútovo,Šútovo,"BALAŽI REAL ESTATE s.r.o.",Topoľčany
JuGRHQWEm6t,land,963,"gently sloped",259.56,"okres Žilina",Divina,Divina,"Real Estate Group4U","Považská Bystrica"
JuxeTnNf4SA,land,NULL,NULL,50.00,"okres Žilina",Žilina,Strážov,"MGM reality",Žilina
JuvbiaDUOpH,land,738,NULL,NULL,"okres Žilina",Žilina,Budatín,"RS Mansory s.r.o.",Bratislava
JusTHrdS9S-,land,913,"mostly flat",33.08,"okres Čadca",Korňa,Korňa,"TRI LIPY, s. r. o.",Čadca
JuZHBvu_y5k,land,1326,flat,120.00,"okres Žilina","Lietavská Lúčka","Lietavská Lúčka","T.S.reality, s.r.o.",Brno
JuFCukJYH3o,land,8469,NULL,47.00,"okres Dolný Kubín","Dolný Kubín",Záskalie,"OREA, s.r.o.","Dolný Kubín"
JufaT9ciPca,land,590,flat,NULL,"okres Liptovský Mikuláš",Ľubeľa,Ľubeľa,G-REAL,"Liptovský Mikuláš"
JupbvvbWZFWc,land,674,flat,NULL,"okres Martin",Martin,Sever,"RECOM, s.r.o.",Martin
JugYDWGaYrW,land,834,NULL,94.72,"okres Žilina","Dolný Hričov","Dolný Hričov","RS Mansory s.r.o.",Bratislava
JuTbm-HYgXk,land,143,flat,125.87,"okres Čadca",Čadca,NULL,"SLNOVRAT, s.r.o.",Olešná
JujaAjDinmCV,land,425,"gently sloped",NULL,"okres Liptovský Mikuláš",Ižipovce,Ižipovce,Limaxreal,"Liptovský Mikuláš"
JuwpErO1oQo,land,695,NULL,187.05,"okres Martin",Vrútky,"Karvaša a Bláhovca","TARGETreal s. r. o.",Žilina
JuXyzVvMfD0,land,13624,NULL,47.00,"okres Dolný Kubín","Dolný Kubín","Veľký Bysterec","OREA, s.r.o.","Dolný Kubín"
Jur2dnOd-h4,land,2308,NULL,25.00,"okres Čadca",Čadca,Rieka,"SLNOVRAT, s.r.o.",Olešná
JuL88g5odPF,land,1700,flat,99.00,"okres Čadca",Čadca,Rieka,"1. Reality Rent, s.r.o.",Žilina
Ju9K2ce3tAr,land,1562,NULL,108.83,"okres Dolný Kubín",Osádka,Osádka,"FINREA - ak vám záleží na výsledku","Dolný Kubín"
Ju-NDMj5LtQ,land,959,NULL,NULL,"okres Ružomberok",Štiavnička,Štiavnička,NULL,NULL
JuUM9axhhyU,land,1998,NULL,77.58,"okres Žilina","Lietavská Svinná-Babkov","Lietavská Svinná-Babkov","Realitné kancelárie SR",Bratislava
JuAZ6fgfjuZ,land,2778,"mostly flat",54.00,"okres Čadca",Čierne,Čierne,"AnReal s. r. o.",Mojš
JucTCCPlXaR,land,5469,flat,60.00,"okres Martin",Martin,NULL,"ŽILINAREAL, s.r.o.",Žilina
JuhoPxrS652,land,26664,NULL,0.00,"okres Ružomberok",Hubová,Hubová,"REALITY SPOLU",Bratislava
Juvwo3yus2z,land,693,NULL,125.54,"okres Žilina",Bitarová,Bitarová,"RS Mansory s.r.o.",Bratislava
Ju-MIVcElKG,land,600,NULL,270.00,"okres Žilina",Žilina,Budatín,NULL,NULL
Ju_1W8VjrZV,land,693,NULL,125.54,"okres Žilina",Bitarová,Bitarová,"BeMi realitná kancelária",Nitra
Ju4W-q9O29Z,land,1199,"gently sloped",75.00,"okres Bytča",Predmier,Predmier,"Vianema s.r.o.",Bratislava
Juw8Xkyweh9,land,NULL,NULL,NULL,"okres Žilina",Rosina,Rosina,"MGM reality",Žilina
JuQ6qmIjohw,land,937,NULL,154.75,"okres Námestovo",Námestovo,Čerchle,"BeMi realitná kancelária",Nitra
JuN4Ko5MTcJ,land,439,NULL,159.43,"okres Liptovský Mikuláš","Liptovský Mikuláš",Podbreziny,"Direct Real, spol. s r.o.",Bratislava
JusslN-MwRD,land,864,flat,48.03,"okres Čadca",Makov,Makov,"1. Reality Rent, s.r.o.",Žilina
JupMjKkwPeV,land,1000,NULL,69.00,"okres Liptovský Mikuláš",Kvačany,Kvačany,"Realitná kancelária",Bratislava
JutcLxhDE3o,land,1301,flat,61.41,"okres Žilina",Kunerad,Kunerad,"StorkReal s. r. o.","Rajecká Lesná"
JukIBS7GOVs,land,7400,flat,66.00,"okres Martin",Martin,Priekopa,"Buby reality, s.r.o.",Žilina
JuAgx4tBYzv,land,1784,flat,27.00,"okres Čadca",Staškov,Staškov,"1. Reality Rent, s.r.o.",Žilina
JuDHH4NlCyqo,land,568,flat,112.68,"okres Liptovský Mikuláš","Svätý Kríž","Svätý Kríž","AstonReal s.r.o.","Banská Bystrica"
Jujch7drC6q,land,510,sloped,125.00,"okres Liptovský Mikuláš","Liptovský Ján","Liptovský Ján","RE/MAX Slovakia",Bratislava
JusCy__yyRZ,land,940,"gently sloped",83.00,"okres Turčianske Teplice",Mošovce,Mošovce,"Reality D.P.A.",Martin
JuW8aAxjxNx,land,1872,NULL,18.70,"okres Liptovský Mikuláš",Prosiek,Prosiek,liptoreal,"Liptovský Mikuláš"
JutdkjPNxRS,land,690,flat,253.62,"okres Žilina",Rosina,Rosina,"TARGETreal s. r. o.",Žilina
JuW_12z2Y4f,land,933,NULL,60.02,"okres Martin",Belá-Dulice,Belá-Dulice,"Reality Turiec s.r o.",Martin
Ju4g9YHwdlx,land,1008,"gently sloped",80.00,"okres Žilina",Zbyňov,Zbyňov,"StorkReal s. r. o.","Rajecká Lesná"
Ju4ms2VGYuHG,land,3635,NULL,65.00,"okres Žilina",Terchová,Terchová,"RS Mansory s.r.o.",Bratislava
JuEpEk6fWjH,land,573,NULL,87.09,"okres Žilina","Dolný Hričov","Dolný Hričov","RS Mansory s.r.o.",Bratislava
JuxTRMglx-W,land,2800,NULL,26.00,"okres Čadca",Raková,Raková,"BeMi realitná kancelária",Nitra
JuvJszhFBaP,land,1881,flat,45.19,"okres Turčianske Teplice",Mošovce,Mošovce,"Real Reality Development s.r.o.",Martin
JuixgWiuI-g,land,5183,flat,28.00,"okres Martin",Príbovce,Príbovce,"RE/MAX Slovakia",Bratislava
Judc1EdBcup,land,NULL,NULL,NULL,"okres Turčianske Teplice",Kaľamenová,Kaľamenová,"Reality Alpia",Martin
JudYr0kY49Z,land,1015,flat,117.24,"okres Martin",Blatnica,Blatnica,"ALT REAL, s.r.o.",Martin
JuPbTvxxFti,land,968,NULL,164.15,"okres Žilina",Krasňany,Krasňany,NULL,NULL
JutjlsqdjlN,land,1005,flat,0.00,"okres Martin",Diaková,Diaková,"B10 Slovensko, a. s.",Žilina
Ju3PrO2eSPN,land,3515,"gently sloped",40.00,"okres Čadca",Korňa,Korňa,"ETHOS reality, s. r. o.","Krásno nad Kysucou"
Ju2NQev2SId,land,22889,NULL,8.00,"okres Liptovský Mikuláš",Jakubovany,Jakubovany,NULL,NULL
JuxYYBPBmey,land,1036,NULL,50.19,"okres Martin",Vrícko,Vrícko,"BALAŽI REAL ESTATE s.r.o.",Topoľčany
JutnFvbh17V,land,1681,flat,160.00,"okres Liptovský Mikuláš","Liptovský Peter","Liptovský Peter","RE/MAX Slovakia",Bratislava
JutbpFV_5ly,land,800,flat,100.00,"okres Martin",Lipovec,Lipovec,"Reality AK, spol. s r.o.",Martin
JuscZOsY1gt,land,648,"gently sloped",55.56,"okres Čadca",Staškov,Staškov,"Safe reality s. r. o.",Žilina
JuDU5D47va2,land,4014,NULL,28.77,"okres Ružomberok",Komjatná,Komjatná,"FINREA - ak vám záleží na výsledku","Dolný Kubín"
JuXhVixLVGG,land,988,"gently sloped",241.80,"okres Žilina","Lietavská Svinná-Babkov","Lietavská Svinná-Babkov","Real Estate Group4U","Považská Bystrica"
JuLRr4cyAPf,land,2091,flat,54.95,"okres Námestovo","Oravská Lesná","Oravská Lesná","Reality IQ, s.r.o.",Žilina
Ju9cyC56Bl4,land,3598,"gently sloped",79.00,"okres Kysucké Nové Mesto","Kysucké Nové Mesto",Suľkov,"1. Reality Rent, s.r.o.",Žilina
Ju7pU7Ouw32,land,1193,other,25.06,"okres Čadca",Korňa,Korňa,"RECLOUD Reality a.s.",Bratislava
Ju9SYtrH9Xk,land,510,flat,49.02,"okres Turčianske Teplice","Horná Štubňa","Horná Štubňa","Realitná kancelária",Bratislava
Ju9A78TekYt,land,628,"gently sloped",61.82,"okres Bytča","Veľké Rovné","Veľké Rovné","IDEÁLNE BÝVANIE, s.r.o.",Žilina
JuMK_ZB-5jG,land,793,"gently sloped",100.00,"okres Martin",Valča,Valča,"Reality MT s.r.o.",Martin
Jutfm6VQ_-o,land,NULL,NULL,NULL,"okres Žilina",Rosina,Rosina,"MGM reality",Žilina
JuZeBBGEyyq,land,721,"gently sloped",NULL,"okres Martin",Vrútky,"Karvaša a Bláhovca","Reality D.P.A.",Martin
JuYoMQAxiBt,land,405,flat,516.05,"okres Žilina","Kamenná Poruba","Kamenná Poruba","Real Estate Group4U","Považská Bystrica"
JuzTBHETb5G,land,375,"gently sloped",42.67,"okres Bytča",Kolárovice,Kolárovice,"Romantické Chalupy, s.r.o.",Bratislava
Ju_Srz9D_6-,land,412,"gently sloped",70.39,"okres Turčianske Teplice",Čremošné,Čremošné,"Romantické Chalupy, s.r.o.",Bratislava
Ju7lkcp0j1X,land,750,NULL,123.00,"okres Ružomberok","Liptovské Sliače","Liptovské Sliače",NULL,NULL
JuxrV_XvqkB,land,2326,"gently sloped",60.19,"okres Žilina",Ovčiarsko,Ovčiarsko,"House Real Žilina",Žilina
JuP8rlC8Xco,land,488,"mostly flat",430.33,"okres Žilina",Žilina,Trnové,"ATP stavby s.r.o.","Teplička nad Váhom"
Ju9EWCUTpfs,land,2015,flat,67.00,"okres Liptovský Mikuláš","Uhorská Ves","Uhorská Ves","KRUPPKY, s.r.o.","Liptovský Mikuláš"
JuEl_5mhIIG,land,NULL,NULL,NULL,"okres Liptovský Mikuláš","Svätý Kríž","Svätý Kríž","Reality Alpia",Martin
JuYP7ILQfhI,land,608,flat,45.89,"okres Žilina",Varín,Varín,"Reality Alpia",Martin
JuGjSvB2SWb,land,500,"mostly flat",196.00,"okres Žilina",Višňové,Višňové,"B10 Slovensko, a. s.",Žilina
JufDqWof_NN,land,1209,"gently sloped",22.50,"okres Čadca",Olešná,Olešná,"1. Reality Rent, s.r.o.",Žilina
Juv3W5C4xtN_,land,686,NULL,100.00,"okres Ružomberok","Liptovské Sliače","Liptovské Sliače","Apollo House",Bratislava
JuYP_MCF9yI,land,776,"gently sloped",41.24,"okres Čadca","Nová Bystrica","Nová Bystrica","1. Reality Rent, s.r.o.",Žilina
Ju2u6VZSsgd,land,4100,NULL,75.00,"okres Liptovský Mikuláš","Liptovský Trnovec","Liptovský Trnovec","Realitné kancelárie SR",Bratislava
Juvdw9xd7yr,land,808,"mostly flat",149.63,"okres Žilina",Varín,Varín,"Realitné kancelárie SR",Bratislava
JufFFiGUtxN,land,1729,NULL,164.84,"okres Liptovský Mikuláš","Liptovský Mikuláš",Vitálišovce,"RESIDENCE realitná kancelária","Liptovský Mikuláš"
JuWpmO3Yrkb,land,1010,flat,148.00,"okres Martin",Sučany,Sučany,"Reality D.P.A.",Martin
JuowzNUzni4,land,1012,"gently sloped",140.22,"okres Dolný Kubín",Veličná,Veličná,donidDevelop,"Dolný Kubín"
JuIGtLwLscT,land,610,"gently sloped",62.30,"okres Liptovský Mikuláš","Liptovský Mikuláš",Stošice,Limaxreal,"Liptovský Mikuláš"
JuPzrcI9eBw,land,1322,"gently sloped",37.75,"okres Martin",Turany,Turany,"Realitné kancelárie SR",Bratislava
Ju40F3aMhkE,land,500,"gently sloped",120.00,"okres Ružomberok",Ružomberok,Baničné,"FISCHER & PARTNERS, s.r.o.",Ružomberok
Ju6ppfqXAjT,land,778,"gently sloped",243.89,"okres Žilina","Rajecké Teplice","Rajecké Teplice","Realitné kancelárie SR",Bratislava
Ju3Z449GlG4T,land,986,flat,111.56,"okres Ružomberok","Liptovská Osada","Liptovská Osada","Romantické Chalupy, s.r.o.",Bratislava
JurmiShq5P1,land,5668,NULL,28.00,"okres Liptovský Mikuláš","Pavlova Ves","Pavlova Ves","BeMi realitná kancelária",Nitra
Ju4gSJihj6x,land,789,"gently sloped",199.00,"okres Liptovský Mikuláš","Liptovská Kokava","Liptovská Kokava","RE/MAX Slovakia",Bratislava
Ju059DbP17Y,land,2414,flat,55.00,"okres Čadca","Krásno nad Kysucou",Kalinov,"1. Reality Rent, s.r.o.",Žilina
Ju5Yf4qkhg3,land,1041,flat,115.00,"okres Martin",Martin,Jahodníky,"Like Reality s.r.o.","Považská Bystrica"
Ju_yHqt6C9a,land,429,sloped,198.14,"okres Liptovský Mikuláš","Liptovský Mikuláš",Podbreziny,"BEŇO REALITY","Liptovský Mikuláš"
JuF30aynSVM,land,NULL,NULL,NULL,"okres Žilina","Dolný Hričov","Dolný Hričov","MGM reality",Žilina
JufsgjSWfFu,land,NULL,NULL,NULL,"okres Martin",Martin,Tomčany,"Reality Alpia",Martin
Junb65_vEvr,land,1500,sloped,53.27,"okres Žilina","Kotrčiná Lúčka","Kotrčiná Lúčka","Safe reality s. r. o.",Žilina
JupHBupprCN,land,5203,sloped,30.27,"okres Bytča","Veľké Rovné","Veľké Rovné","Vianema s.r.o.",Bratislava
JuiwnKuifVR,land,9400,NULL,50.00,"okres Žilina",Svederník,Svederník,"RIEŠIME BÝVANIE",Bratislava
JuoouzvegJf,land,758,flat,158.31,"okres Žilina","Nezbudská Lúčka","Nezbudská Lúčka","TARGETreal s. r. o.",Žilina
Ju8BkkuvGLX,land,1235,"gently sloped",392.55,"okres Žilina",Ovčiarsko,Ovčiarsko,"Real Estate Group4U","Považská Bystrica"
Ju4xxL085OL,land,1612,other,46.53,"okres Dolný Kubín",Zázrivá,Zázrivá,"RE/MAX Slovakia",Bratislava
JuHjoC-ETw9,land,658,flat,105.00,"okres Ružomberok",Likavka,Likavka,"OVERENÉ REALITY","Banská Bystrica"
JucXLuegzy5,land,635,"gently sloped",61.42,"okres Bytča",Štiavnik,Štiavnik,"TUreality s.r.o.",Žilina
JuaD2PNZ2ay,land,1830,"gently sloped",24.00,"okres Čadca",Korňa,Korňa,"1. Reality Rent, s.r.o.",Žilina
JujKWinPkki,land,431,"mostly flat",102.09,"okres Čadca",Oščadnica,Oščadnica,"TRI LIPY, s. r. o.",Čadca
JueoLey_u82,land,2069,flat,160.00,"okres Liptovský Mikuláš","Liptovský Trnovec","Liptovský Trnovec","Eden Real estate, s.r.o.",Hlohovec
Ju_mTTZVoJx,land,641,"gently sloped",98.28,"okres Žilina","Kotrčiná Lúčka","Kotrčiná Lúčka","DreamReality s.r.o.",Žilina
JuRt0myx8AI,land,1037,flat,99.90,"okres Čadca",Raková,Raková,"1. Reality Rent, s.r.o.",Žilina
JuxqXS7gyRr,land,683,NULL,86.24,"okres Žilina","Dolný Hričov","Dolný Hričov","RS Mansory s.r.o.",Bratislava
Juht1btctzZ,land,730,flat,86.99,"okres Čadca",Turzovka,Predmier,"JPE. Reality - Jozef Pajer",Čadca
JuJf2fmgFtM,land,1200,NULL,62.42,"okres Martin",Valča,Valča,"REALITY SPOLU",Bratislava
JuVqVOpkjj1,land,4662,NULL,65.00,"okres Martin",Martin,Záturčie,"BALAŽI REAL ESTATE s.r.o.",Topoľčany
JuUl164inch,land,827,other,126.96,"okres Liptovský Mikuláš",Ižipovce,Ižipovce,"RECLOUD Reality a.s.",Bratislava
JuYIPkTCQff,land,7154,flat,125.00,"okres Žilina",Žilina,Bôrik,"Realitné kancelárie SR",Bratislava
JuBBCee0nxo,land,2828,"gently sloped",26.00,"okres Čadca",Raková,Raková,"SLNOVRAT, s.r.o.",Olešná
JuuuoTcUpiv,land,754,NULL,128.12,"okres Liptovský Mikuláš",Malatíny,Malatíny,NULL,NULL
JuYADQBEJQK,land,NULL,NULL,NULL,"okres Žilina",Strečno,Strečno,"MGM reality",Žilina
Ju0fo_oieoh,land,1441,other,24.91,"okres Čadca",Korňa,Korňa,"RECLOUD Reality a.s.",Bratislava
JuPHlOJ8jWO,land,618,NULL,NULL,"okres Dolný Kubín",Veličná,Veličná,"OREA, s.r.o.","Dolný Kubín"
JudmThIv8pi,land,186,NULL,169.35,"okres Žilina",Zbyňov,Zbyňov,"Realitné kancelárie SR",Bratislava
JuWbfEDE4eQ,land,971,flat,91.66,"okres Martin",Martin,Podháj,"Reality ASTORIA, s.r.o.",Martin
JuSx0xp8txp,land,2610,sloped,47.89,"okres Martin","Turčianske Kľačany","Turčianske Kľačany","Realitná kancelária",Bratislava
JuUy9icWXXx,land,1473,NULL,60.77,"okres Liptovský Mikuláš",Gôtovany,Gôtovany,"Direct Real, spol. s r.o.",Bratislava
Ju7Ywnw6_Bk,land,488,"gently sloped",65.00,"okres Žilina",Zbyňov,Zbyňov,"WFG reality, s.r.o.",Žilina
JurPtkmJGHM,land,488,"gently sloped",430.33,"okres Žilina",Žilina,Trnové,"StorkReal s. r. o.","Rajecká Lesná"
JutIg8nIDtY,land,890,flat,81.46,"okres Martin","Kláštor pod Znievom","Kláštor pod Znievom","B10 Slovensko, a. s.",Žilina
JuCc2IAocam,land,NULL,NULL,123.00,"okres Liptovský Mikuláš",Podtureň,Podtureň,"Realitné kancelárie SR",Bratislava
Ju7iSwFbAaJ,land,1160,"gently sloped",38.79,"okres Žilina",Lietava,Lietava,"RE/MAX Slovakia",Bratislava
JuUJvcqmSGz,land,1190,flat,88.24,"okres Martin",Príbovce,Príbovce,"Realitná kancelária",Bratislava
JuHRIMSYVCE4,land,3000,"gently sloped",25.00,"okres Turčianske Teplice",Brieštie,Brieštie,"HALO reality, s.r.o.",Prievidza
Ju93D7kxk57,land,760,flat,122.00,"okres Čadca",Turzovka,Stred,"HOLESTIAK.sk reality s.r.o.",Čadca
JurcJ2k2neE,land,2419,NULL,69.86,"okres Bytča",Súľov-Hradná,Súľov-Hradná,NULL,NULL
JuiSfM5MiE3,land,509,flat,NULL,"okres Martin",Martin,Priekopa,"Buby reality, s.r.o.",Žilina
JutLp8axckym,land,2147,"gently sloped",8.00,"okres Čadca",Oščadnica,Oščadnica,"Realitné kancelárie SR",Bratislava
JuCYY9E7vm0,land,350,NULL,100.00,"okres Námestovo","Oravské Veselé","Oravské Veselé",NULL,NULL
Jur4zTPDBjU,land,968,NULL,105.00,"okres Žilina",Stráňavy,Stráňavy,"TARGETreal s. r. o.",Žilina
JuKoA0CHMAn,land,NULL,NULL,NULL,"okres Žilina",Turie,Turie,"MGM reality",Žilina
JuHjqfxC4fX,land,1409,"mostly flat",88.00,"okres Žilina",Bitarová,Bitarová,"Mamud Reality s. r. o.",Žilina
Ju0N6saLXmx,land,3400,"gently sloped",34.85,"okres Bytča",Petrovice,Petrovice,"Slovak Estate s.r.o.",Bratislava
Ju8TQv-MjJF,land,1158,flat,0.00,"okres Martin",Martin,Stráne,"B10 Slovensko, a. s.",Žilina
JuaSPQ-WWc2,land,747,flat,35.48,"okres Turčianske Teplice","Malý Čepčín","Malý Čepčín","RIEŠIME BÝVANIE",Bratislava
Ju48Cz332dR,land,1000,NULL,139.90,"okres Bytča",Bytča,"Bytča - sever",NULL,NULL
JuzjY-k3id9,land,554,flat,73.00,"okres Žilina",Turie,Turie,"Realitná kancelária",Bratislava
Ju7IL3wpb9W,land,859,NULL,60.19,"okres Čadca",Raková,Raková,"RS Mansory s.r.o.",Bratislava
Ju5vA5Uv4Dw,land,688,flat,254.36,"okres Žilina",Rosina,Rosina,"TARGETreal s. r. o.",Žilina
JuKY6m4zwWy,land,844,flat,267.18,"okres Žilina","Teplička nad Váhom","Teplička nad Váhom","ROMDOM, s. r. o",Žilina
Jul0O76BpGg,land,1535,sloped,201.95,"okres Martin",Martin,Stráne,"TARGETreal s. r. o.",Žilina
Ju5YLNtCIvp,land,1003,NULL,26.92,"okres Turčianske Teplice","Horná Štubňa","Horná Štubňa","BALAŽI REAL ESTATE s.r.o.",Topoľčany
JuGs0JNeT94,land,3049,"gently sloped",100.00,"okres Liptovský Mikuláš","Liptovská Anna","Liptovská Anna","TARGETreal s. r. o.",Žilina
JuJBQYv5uVc,land,3653,NULL,85.00,"okres Martin",Martin,Záturčie,"BALAŽI REAL ESTATE s.r.o.",Topoľčany
Ju0Lru91bls8,land,5966,sloped,50.00,"okres Martin","Turčianske Jaseno","Turčianske Jaseno","MAX PROFI REALITY",Martin
JuJNd1CrfWJ,land,2500,NULL,NULL,"okres Kysucké Nové Mesto",Radoľa,Radoľa,NULL,NULL
Ju3X3Wu7oZN,land,500,"gently sloped",NULL,"okres Dolný Kubín",Veličná,Veličná,"AstonReal s.r.o.","Banská Bystrica"
JufStanr4w4,land,508,NULL,123.00,"okres Liptovský Mikuláš",Podtureň,Podtureň,"Direct Real, spol. s r.o.",Bratislava
JuWr2D7Iu3W,land,1748,"gently sloped",109.84,"okres Námestovo",Zákamenné,Zákamenné,"RE/MAX Slovakia",Bratislava
JujdKV83oGm,land,1942,flat,75.00,"okres Žilina","Dolný Hričov","Dolný Hričov","Realitné kancelárie SR",Bratislava
JuTNX1DN12b,land,859,flat,50.00,"okres Žilina",Kľače,Kľače,"1. Reality Rent, s.r.o.",Žilina
JuEGNHbH38e,land,823,sloped,120.90,"okres Žilina",Žilina,Budatín,"WFG reality, s.r.o.",Žilina
JuUul__8DQL,land,2722,NULL,68.00,"okres Martin",Laskár,Laskár,"Realitné kancelárie SR",Bratislava
Ju21Xr2V_AF,land,809,NULL,77.87,"okres Žilina",Žilina,Trnové,"RS Mansory s.r.o.",Bratislava
JuWW4q9AnNy,land,1283,NULL,187.06,"okres Liptovský Mikuláš","Liptovský Mikuláš",Vitálišovce,"RESIDENCE realitná kancelária","Liptovský Mikuláš"
JuUxR9kCtc9,land,1415,"gently sloped",38.00,"okres Dolný Kubín","Horná Lehota","Horná Lehota",NULL,NULL
JuzEmUFhicY,land,1052,flat,NULL,"okres Martin",Martin,"Kolónia Hviezda","TUreality s.r.o.",Žilina
JucgwdqxbsLG,land,2310,sloped,20.13,"okres Žilina",Žilina,Strážov,"bezmaklérov, s.r.o.",Žilina
Juo_OtW5DNn,land,NULL,NULL,95.00,"okres Žilina",Turie,Turie,"RES GROUP, s.r.o.",Žilina
JuIxEHS21qj,land,1031,NULL,89.23,"okres Ružomberok","Liptovský Michal","Liptovský Michal","REALITY SPOLU",Bratislava
JudwIpu1_KR,land,1000,flat,80.00,"okres Martin","Turčiansky Ďur","Turčiansky Ďur","Real Reality Development s.r.o.",Martin
JutZ9u4w49X,land,1481,NULL,0.05,"okres Námestovo","Oravské Veselé","Oravské Veselé","BeMi realitná kancelária",Nitra
Ju3gbFnsxzj,land,1600,"gently sloped",105.00,"okres Žilina",Divina,Divina,"TARGETreal s. r. o.",Žilina
Ju-AMIyF1en,land,660,NULL,163.64,"okres Bytča",Jablonové,Jablonové,"Nové bývanie",Nitra
Juilp9keLdt,land,1060,NULL,35.85,"okres Kysucké Nové Mesto","Lopušné Pažite","Lopušné Pažite","BeMi realitná kancelária",Nitra
Ju5EqGDbrv9,land,521,NULL,38.20,"okres Čadca",Podvysoká,Podvysoká,NULL,NULL
JuVnYv0MGhb,land,917,"gently sloped",49.00,"okres Kysucké Nové Mesto","Horný Vadičov","Horný Vadičov","TARGETreal s. r. o.",Žilina
Ju0A5SWcXU0,land,670,NULL,147.76,"okres Liptovský Mikuláš","Vyšná Boca","Vyšná Boca","Bosen Group s.r.o.",Bratislava
JunK6YyRJzr,land,NULL,NULL,NULL,"okres Liptovský Mikuláš","Svätý Kríž","Svätý Kríž","Reality Alpia",Martin
Jus2h_zTLaE,land,2714,flat,44.22,"okres Liptovský Mikuláš","Svätý Kríž","Svätý Kríž","Vivid House s. r. o.",Bratislava
JuRDGTVaaYE,land,2712,NULL,147.12,"okres Liptovský Mikuláš",Jamník,Jamník,"RESIDENCE realitná kancelária","Liptovský Mikuláš"
JuaAqZtT-Nl,land,1143,NULL,113.00,"okres Martin",Vrútky,"Dolné Vrútky","Reality ASTORIA, s.r.o.",Martin
JuIZ-_6smXF,land,863,"gently sloped",99.00,"okres Čadca",Makov,Makov,"1. Reality Rent, s.r.o.",Žilina
Juuidu63ceb,land,1026,NULL,174.46,"okres Žilina",Hôrky,Hôrky,NULL,NULL
Ju8fJuQfeqw,land,4410,flat,100.00,"okres Martin","Dolný Kalník","Dolný Kalník","ALT REAL, s.r.o.",Martin
JugKtMa2KWc,land,2631,flat,60.81,"okres Žilina",Zbyňov,Zbyňov,"AnoReal, s.r.o.",Stráňavy
JunMP_jTjvX,land,1289,flat,89.21,"okres Kysucké Nové Mesto",Rudina,Rudina,"WFG reality, s.r.o.",Žilina
JuMkkypcseP,land,799,"gently sloped",117.65,"okres Kysucké Nové Mesto","Kysucké Nové Mesto",Suľkov,"Pro Real, s. r. o. realitná kancelária",Žilina
JuyZQBxrqQr,land,600,NULL,120.00,"okres Kysucké Nové Mesto",Snežnica,Snežnica,"Realitná kancelária",Bratislava
JuhqDcjNAJB,land,1930,"gently sloped",64.77,"okres Dolný Kubín",Žaškov,Žaškov,"Reality Alpia",Martin
JuD52DaFWEx,land,626,flat,115.00,"okres Liptovský Mikuláš",Jamník,Jamník,"Realitné kancelárie SR",Bratislava
JuwmLXW6GAr,land,946,"gently sloped",NULL,"okres Liptovský Mikuláš","Liptovské Beharovce","Liptovské Beharovce","TUreality s.r.o.",Žilina
JunZs7mX2Hr,land,2700,flat,51.81,"okres Liptovský Mikuláš","Partizánska Ľupča","Partizánska Ľupča","Realitné kancelárie SR",Bratislava
Jur0-m7ixLR,land,1960,"gently sloped",NULL,"okres Žilina",Divina,Divina,"GAMA Reality, s.r.o.",Bytča
JuIrw7O-EJl,land,606,flat,90.00,"okres Liptovský Mikuláš",Malatíny,Malatíny,"HALO reality, s.r.o.",Prievidza
Ju4f4j-Yy0S,land,633,flat,200.00,"okres Žilina",Žilina,Trnové,"WFG reality, s.r.o.",Žilina
JuFl-uxAAfA,land,1083,NULL,500.00,"okres Žilina",Žilina,Bôrik,NULL,NULL
JujQDiA2uup,land,353,"gently sloped",38.24,"okres Čadca",Čadca,Podzávoz,NULL,NULL
JuaG4dc-Ff7B,land,1635,NULL,205.00,"okres Žilina",Hôrky,Hôrky,NULL,NULL
Ju8Esr41W6Y,land,466,flat,NULL,"okres Čadca",Oščadnica,Oščadnica,"SLNOVRAT, s.r.o.",Olešná
Jud5jOQlY3b,land,1355,NULL,42.80,"okres Dolný Kubín",Pucov,Pucov,"BeMi realitná kancelária",Nitra
JuY7QZv_rvd,land,582,flat,159.79,"okres Liptovský Mikuláš","Liptovský Trnovec","Liptovský Trnovec","TUreality s.r.o.",Žilina
JuS4rgPD6x3,land,2458,NULL,20.00,"okres Kysucké Nové Mesto",Nesluša,Nesluša,"ROMDOM, s. r. o",Žilina
JufNsLwTyrG,land,4181,"gently sloped",57.40,"okres Martin",Martin,Tomčany,"Piata Avenue",Žilina
JuCeJvEPD_0,land,686,"gently sloped",361.50,"okres Žilina",Lietava,Lietava,"Real Estate Group4U","Považská Bystrica"
JuDEvr7ONsp,land,1593,NULL,85.00,"okres Žilina","Dolný Hričov","Dolný Hričov","RS Mansory s.r.o.",Bratislava
JuGICOuIWEi,land,1368,NULL,50.44,"okres Námestovo",Krušetnica,Krušetnica,"BeMi realitná kancelária",Nitra
JuZOnWEYPFE,land,12000,NULL,NULL,"okres Dolný Kubín",Párnica,Párnica,"OREA, s.r.o.","Dolný Kubín"
Juq3D1w-q7E,land,1984,"mostly flat",60.00,"okres Martin",Belá-Dulice,Belá-Dulice,"Reality ASTORIA, s.r.o.",Martin
Juye6i7s5GK,land,403,NULL,135.24,"okres Čadca",Oščadnica,Oščadnica,"RS Mansory s.r.o.",Bratislava
Ju_fnU9p20E,land,6130,"gently sloped",22.35,"okres Žilina",Ovčiarsko,Ovčiarsko,"Realitka pre každého",Žilina
JuWJNL9j7v1,land,2176,"gently sloped",104.32,"okres Liptovský Mikuláš",Trstené,Trstené,"WFG reality, s.r.o.",Žilina
Ju0yrLUSkjq,land,579,"gently sloped",140.24,"okres Žilina","Nezbudská Lúčka","Nezbudská Lúčka","HALO reality, s.r.o.",Prievidza
JubO9HcP4C7,land,508,flat,123.00,"okres Liptovský Mikuláš",Podtureň,Podtureň,Limaxreal,"Liptovský Mikuláš"
JuyY6pWleh8,land,668,NULL,124.25,"okres Martin","Košťany nad Turcom","Košťany nad Turcom","BALAŽI REAL ESTATE s.r.o.",Topoľčany
Ju2nlxPJxWn,land,NULL,NULL,26.00,"okres Turčianske Teplice","Horná Štubňa","Horná Štubňa","PROXAM reality s.r.o.",Lučenec
JuTLgLBu59j,land,669,NULL,79.00,"okres Čadca",Skalité,Skalité,"BeMi realitná kancelária",Nitra
JuzRwokuDbj,land,866,NULL,74.94,"okres Liptovský Mikuláš",Vlachy,Vlachy,"BeMi realitná kancelária",Nitra
JuWrE_LeVuk,land,700,"gently sloped",NULL,"okres Martin",Záborie,Záborie,"Reality D.P.A.",Martin
JumZm9PSyYH,land,630,"gently sloped",87.30,"okres Bytča",Bytča,Pšurnovice,"TOCA, s.r.o. Realitná činnosť",Bytča
JuG7FW7c5Gb,land,1201,NULL,208.33,"okres Martin",Vrútky,"Karvaša a Bláhovca","TARGETreal s. r. o.",Žilina
JulIpxSm_gw,land,750,"gently sloped",96.00,"okres Dolný Kubín","Vyšný Kubín","Vyšný Kubín","RES GROUP, s.r.o.",Žilina
Ju7tRkb4O1-,land,2955,"gently sloped",59.22,"okres Kysucké Nové Mesto",Povina,Povina,"DreamReality s.r.o.",Žilina
Ju9tw1vQmR0,land,6047,NULL,10.09,"okres Martin",Šútovo,Šútovo,"BALAŽI REAL ESTATE s.r.o.",Topoľčany
JuVPG71X4Wz,land,679,"mostly flat",85.00,"okres Ružomberok",Ružomberok,Baničné,"FISCHER & PARTNERS, s.r.o.",Ružomberok
Ju3qLGqmZKr,land,4331,flat,61.42,"okres Žilina","Kamenná Poruba","Kamenná Poruba","RES GROUP, s.r.o.",Žilina
JuNiupBfJ_W,land,1199,flat,110.00,"okres Čadca",Oščadnica,Oščadnica,"Trioreality, s.r.o.",Čadca
JulHoywVWzv,land,464,NULL,146.55,"okres Žilina",Žilina,Trnové,"RS Mansory s.r.o.",Bratislava
Ju81LTbk2gV,land,660,flat,381.82,"okres Bytča",Jablonové,Jablonové,"Real Estate Group4U","Považská Bystrica"
JuSu12c9sEn,land,NULL,NULL,NULL,"okres Žilina",Kľače,Kľače,"Wealth Group, s.r.o.","Nová Dedinka"
